Phenotype,SNP,Chr,Pos,n_models_sig,models_sig,min_P,replicated,GeneID,GeneStart,GeneEnd,Relation,Distance_to_Gene_bp
C.Total,3-10439124,3,9729379,1,FarmCPU,2.22643684945323e-22,FALSE,Zm00001eb122270,9746003,9777132,upstream,16624
N,1-279724987,1,284788512,1,FarmCPU,2.81126623551441e-20,FALSE,Zm00001eb057750,284764856,284766611,downstream,21901
N,1-279724987,1,284788512,1,FarmCPU,2.81126623551441e-20,FALSE,Zm00001eb057760,284765955,284766545,downstream,21967
N,1-279724987,1,284788512,1,FarmCPU,2.81126623551441e-20,FALSE,Zm00001eb057770,284774974,284776823,downstream,11689
N,1-279724987,1,284788512,1,FarmCPU,2.81126623551441e-20,FALSE,Zm00001eb057790,284779663,284781743,downstream,6769
N,1-279724987,1,284788512,1,FarmCPU,2.81126623551441e-20,FALSE,Zm00001eb057780,284779663,284786817,downstream,1695
N,1-279724987,1,284788512,1,FarmCPU,2.81126623551441e-20,FALSE,Zm00001eb057800,284791283,284792056,upstream,2771
N.Total,3-212191792,3,215782315,2,BLINK+FarmCPU,3.05442877780894e-19,TRUE,Zm00001eb157240,215778117,215778480,downstream,3835
N.Total,3-212191792,3,215782315,2,BLINK+FarmCPU,3.05442877780894e-19,TRUE,Zm00001eb157250,215804693,215810387,upstream,22378
Q,4-206431958,4,210795998,1,FarmCPU,1.54016092795096e-18,FALSE,Zm00001eb200900,210801874,210807631,upstream,5876
R.EHPRQ,3-205450126,3,208812571,1,FarmCPU,2.20874257045466e-18,FALSE,Zm00001eb155010,208770072,208835258,within,0
H,10-141260668,10,142621925,1,FarmCPU,5.75982939889048e-18,FALSE,Zm00001eb430100,142638945,142645291,upstream,17020
W.WFY,1-205478560,1,208264646,1,BLINK,6.61838103629254e-18,FALSE,Zm00001eb039010,208281994,208288348,upstream,17348
R.EHPRQ,7-20200646,7,21086049,1,BLINK,1.49471635074896e-17,FALSE,Zm00001eb303550,21060699,21061148,downstream,24901
R.Total,5-216273624,5,222130074,2,BLINK+FarmCPU,2.07514928492523e-17,TRUE,Zm00001eb257850,222113667,222115093,downstream,14981
R.Total,5-216273624,5,222130074,2,BLINK+FarmCPU,2.07514928492523e-17,TRUE,Zm00001eb257860,222120267,222124937,downstream,5137
R.Total,5-216273624,5,222130074,2,BLINK+FarmCPU,2.07514928492523e-17,TRUE,Zm00001eb257870,222123677,222124937,downstream,5137
R.Total,5-216273624,5,222130074,2,BLINK+FarmCPU,2.07514928492523e-17,TRUE,Zm00001eb257880,222135286,222139422,upstream,5212
R.Total,5-216273624,5,222130074,2,BLINK+FarmCPU,2.07514928492523e-17,TRUE,Zm00001eb257890,222145236,222153647,upstream,15162
Q.Total,4-834837,4,1050251,2,BLINK+FarmCPU,7.5537296537986e-17,TRUE,Zm00001eb164350,1033659,1036014,downstream,14237
Total,3-7403081,3,6550983,1,FarmCPU,8.14393168304178e-17,FALSE,Zm00001eb121230,6527570,6529519,downstream,21464
Total,3-7403081,3,6550983,1,FarmCPU,8.14393168304178e-17,FALSE,Zm00001eb121240,6571219,6573217,upstream,20236
Total,3-7403081,3,6550983,1,FarmCPU,8.14393168304178e-17,FALSE,Zm00001eb121260,6575701,6576682,upstream,24718
F,8-150212793,8,155244559,1,FarmCPU,1.34229055494459e-16,FALSE,Zm00001eb360500,155255693,155258083,upstream,11134
H,7-156783044,7,162164143,2,BLINK+FarmCPU,1.71701796890537e-16,TRUE,Zm00001eb322660,162177632,162178621,upstream,13489
H,7-156783044,7,162164143,2,BLINK+FarmCPU,1.71701796890537e-16,TRUE,Zm00001eb322670,162185107,162185811,upstream,20964
S,4-3053638,4,3617080,1,FarmCPU,2.13523456020743e-16,FALSE,Zm00001eb165420,3610401,3621644,within,0
S,4-3053638,4,3617080,1,FarmCPU,2.13523456020743e-16,FALSE,Zm00001eb165430,3621962,3623728,upstream,4882
S,4-3053638,4,3617080,1,FarmCPU,2.13523456020743e-16,FALSE,Zm00001eb165440,3624033,3627815,upstream,6953
S,4-3053638,4,3617080,1,FarmCPU,2.13523456020743e-16,FALSE,Zm00001eb165450,3629929,3634070,upstream,12849
M.IMNTDK,1-223855213,1,227393125,1,FarmCPU,3.12765889574024e-16,FALSE,Zm00001eb043060,227406373,227410137,upstream,13248
M.IMNTDK,1-223855213,1,227393125,1,FarmCPU,3.12765889574024e-16,FALSE,Zm00001eb043070,227412712,227417072,upstream,19587
D,6-167267817,6,171273352,1,FarmCPU,3.25034562206683e-16,FALSE,Zm00001eb293370,171248824,171253243,downstream,20109
D,6-167267817,6,171273352,1,FarmCPU,3.25034562206683e-16,FALSE,Zm00001eb293380,171253958,171254944,downstream,18408
D,6-167267817,6,171273352,1,FarmCPU,3.25034562206683e-16,FALSE,Zm00001eb293390,171268213,171268820,downstream,4532
D,6-167267817,6,171273352,1,FarmCPU,3.25034562206683e-16,FALSE,Zm00001eb293400,171275490,171277024,upstream,2138
D,6-167267817,6,171273352,1,FarmCPU,3.25034562206683e-16,FALSE,Zm00001eb293410,171283047,171285024,upstream,9695
WFY,9-142245664,9,144673617,1,FarmCPU,5.22277813277377e-16,FALSE,Zm00001eb397240,144681430,144689824,upstream,7813
WFY,9-142245664,9,144673617,1,FarmCPU,5.22277813277377e-16,FALSE,Zm00001eb397250,144689979,144701899,upstream,16362
K,9-153303878,9,156170756,1,FarmCPU,8.30117195730669e-16,FALSE,Zm00001eb401490,156185253,156186948,upstream,14497
C.Total,3-152358980,3,153710629,2,BLINK+FarmCPU,1.21891544525724e-15,TRUE,Zm00001eb141460,153733233,153746572,upstream,22604
L,2-231615843,2,237964625,1,FarmCPU,1.24890221812541e-15,FALSE,Zm00001eb116160,237933529,237941319,downstream,23306
K.IMNTDK,3-81751605,3,82062942,1,BLINK,1.44842294207167e-15,FALSE,Zm00001eb132340,82078451,82079880,upstream,15509
Q,10-148248665,10,149586775,2,BLINK+FarmCPU,1.58050288664475e-15,TRUE,Zm00001eb433190,149567677,149569414,downstream,17361
Q,10-148248665,10,149586775,2,BLINK+FarmCPU,1.58050288664475e-15,TRUE,Zm00001eb433200,149576981,149580756,downstream,6019
Q,10-148248665,10,149586775,2,BLINK+FarmCPU,1.58050288664475e-15,TRUE,Zm00001eb433210,149578869,149581031,downstream,5744
Q,10-148248665,10,149586775,2,BLINK+FarmCPU,1.58050288664475e-15,TRUE,Zm00001eb433220,149584269,149588825,within,0
Q,10-148248665,10,149586775,2,BLINK+FarmCPU,1.58050288664475e-15,TRUE,Zm00001eb433230,149588656,149592451,upstream,1881
N.E,2-225020412,2,231399965,1,FarmCPU,1.62528604849268e-15,FALSE,Zm00001eb113770,231382737,231383337,downstream,16628
N.E,2-225020412,2,231399965,1,FarmCPU,1.62528604849268e-15,FALSE,Zm00001eb113780,231385591,231390003,downstream,9962
N.E,2-225020412,2,231399965,1,FarmCPU,1.62528604849268e-15,FALSE,Zm00001eb113790,231390342,231394053,downstream,5912
N.E,2-225020412,2,231399965,1,FarmCPU,1.62528604849268e-15,FALSE,Zm00001eb113800,231392970,231394053,downstream,5912
V,2-231615843,2,237964625,1,FarmCPU,1.90648054757453e-15,FALSE,Zm00001eb116160,237933529,237941319,downstream,23306
D,6-136885446,6,140809373,2,BLINK+FarmCPU,2.09640742327681e-15,TRUE,Zm00001eb283500,140793522,140794322,downstream,15051
D,6-136885446,6,140809373,2,BLINK+FarmCPU,2.09640742327681e-15,TRUE,Zm00001eb283510,140800696,140805442,downstream,3931
IMNTDK,5-8709712,5,9051976,1,FarmCPU,2.66707228202185e-15,FALSE,Zm00001eb215490,9043593,9044399,downstream,7577
IMNTDK,5-8709712,5,9051976,1,FarmCPU,2.66707228202185e-15,FALSE,Zm00001eb215500,9050537,9052248,within,0
IMNTDK,5-8709712,5,9051976,1,FarmCPU,2.66707228202185e-15,FALSE,Zm00001eb215510,9064321,9067150,upstream,12345
IMNTDK,5-8709712,5,9051976,1,FarmCPU,2.66707228202185e-15,FALSE,Zm00001eb215520,9068518,9070508,upstream,16542
C.Total,5-63458951,5,65306214,1,BLINK,2.9077937828448e-15,FALSE,Zm00001eb228560,65314264,65314821,upstream,8050
H,10-69774638,10,68905761,1,FarmCPU,4.12367559364013e-15,FALSE,Zm00001eb414250,68876618,68881938,downstream,23823
H,10-69774638,10,68905761,1,FarmCPU,4.12367559364013e-15,FALSE,Zm00001eb414260,68887248,68892677,downstream,13084
P,3-65288085,3,65425255,1,FarmCPU,5.1250406763566e-15,FALSE,Zm00001eb131420,65437301,65439479,upstream,12046
N.E,1-216747522,1,219876582,2,BLINK+FarmCPU,7.73022016533462e-15,TRUE,Zm00001eb041800,219883824,219887445,upstream,7242
N.E,1-216747522,1,219876582,2,BLINK+FarmCPU,7.73022016533462e-15,TRUE,Zm00001eb041810,219889363,219889629,upstream,12781
LAV,9-149652186,9,152521899,1,FarmCPU,7.91246301829236e-15,FALSE,Zm00001eb399970,152541046,152541513,upstream,19147
K.IMNTDK,3-131958394,3,132539676,1,BLINK,1.36231286976562e-14,FALSE,Zm00001eb137290,132521531,132528944,downstream,10732
K.IMNTDK,3-131958394,3,132539676,1,BLINK,1.36231286976562e-14,FALSE,Zm00001eb137300,132529154,132530297,downstream,9379
K.IMNTDK,3-131958394,3,132539676,1,BLINK,1.36231286976562e-14,FALSE,Zm00001eb137310,132549804,132552156,upstream,10128
N.E,7-24239099,7,25302955,1,FarmCPU,1.78692501195839e-14,FALSE,Zm00001eb304280,25307301,25310853,upstream,4346
N.E,7-24239099,7,25302955,1,FarmCPU,1.78692501195839e-14,FALSE,Zm00001eb304290,25311495,25315581,upstream,8540
W,7-157976738,7,163339485,1,FarmCPU,2.07276596739688e-14,FALSE,Zm00001eb323130,163314964,163315587,downstream,23898
W,7-157976738,7,163339485,1,FarmCPU,2.07276596739688e-14,FALSE,Zm00001eb323140,163342588,163346227,upstream,3103
W,7-157976738,7,163339485,1,FarmCPU,2.07276596739688e-14,FALSE,Zm00001eb323150,163353549,163356117,upstream,14064
F,4-56084907,4,58321853,1,FarmCPU,2.37223379266979e-14,FALSE,Zm00001eb176440,58333495,58335423,upstream,11642
R.Total,3-57445353,3,57403635,1,FarmCPU,2.58681482333139e-14,FALSE,Zm00001eb130560,57413093,57413620,upstream,9458
R.Total,3-57445353,3,57403635,1,FarmCPU,2.58681482333139e-14,FALSE,Zm00001eb130570,57423270,57423663,upstream,19635
N.IMNTDK,1-216842529,1,219976660,1,FarmCPU,2.98352047515006e-14,FALSE,Zm00001eb041830,219953693,219954034,downstream,22626
W,9-13776099,9,13446380,1,FarmCPU,3.07692227645285e-14,FALSE,Zm00001eb374320,13439928,13441042,downstream,5338
W,9-13776099,9,13446380,1,FarmCPU,3.07692227645285e-14,FALSE,Zm00001eb374330,13456618,13463356,upstream,10238
F.Total,7-170694896,7,176273358,1,BLINK,3.17997126854177e-14,FALSE,Zm00001eb328000,176253088,176259311,downstream,14047
F.Total,7-170694896,7,176273358,1,BLINK,3.17997126854177e-14,FALSE,Zm00001eb328010,176259971,176261930,downstream,11428
F.Total,7-170694896,7,176273358,1,BLINK,3.17997126854177e-14,FALSE,Zm00001eb328020,176262917,176264340,downstream,9018
A,6-94863575,6,97433168,1,FarmCPU,3.80030824695406e-14,FALSE,Zm00001eb273100,97406845,97419003,downstream,14165
A,6-94863575,6,97433168,1,FarmCPU,3.80030824695406e-14,FALSE,Zm00001eb273120,97454896,97456351,upstream,21728
H.Total,2-210755195,2,216947637,2,BLINK+FarmCPU,3.93459658047183e-14,TRUE,Zm00001eb108690,216914391,216945232,downstream,2405
N.Q,8-114310280,8,117537185,1,FarmCPU,4.16950163955222e-14,FALSE,Zm00001eb351000,117559027,117562955,upstream,21842
P,7-106180362,7,109421884,1,FarmCPU,4.43135198122756e-14,FALSE,Zm00001eb311660,109417811,109421947,within,0
I.Total,4-239429245,4,244309256,1,FarmCPU,4.44989281839813e-14,FALSE,Zm00001eb207070,244285332,244303111,downstream,6145
I.Total,4-239429245,4,244309256,1,FarmCPU,4.44989281839813e-14,FALSE,Zm00001eb207080,244316238,244320989,upstream,6982
I.Total,4-239429245,4,244309256,1,FarmCPU,4.44989281839813e-14,FALSE,Zm00001eb207090,244325976,244331353,upstream,16720
I.LAV,10-94875425,10,95122940,1,BLINK,4.71508008968667e-14,FALSE,Zm00001eb418510,95118083,95118737,downstream,4203
V,5-4273469,5,4383623,1,FarmCPU,5.17277730808791e-14,FALSE,Zm00001eb212840,4385997,4387351,upstream,2374
V,5-4273469,5,4383623,1,FarmCPU,5.17277730808791e-14,FALSE,Zm00001eb212850,4389192,4390489,upstream,5569
H,6-79713905,6,82558564,1,FarmCPU,6.44195293195853e-14,FALSE,Zm00001eb270700,82512206,82541538,downstream,17026
H,6-79713905,6,82558564,1,FarmCPU,6.44195293195853e-14,FALSE,Zm00001eb270710,82547559,82551718,downstream,6846
H,6-79713905,6,82558564,1,FarmCPU,6.44195293195853e-14,FALSE,Zm00001eb270720,82551974,82553323,downstream,5241
Q.Total,10-2766083,10,2346569,2,BLINK+FarmCPU,6.97053265624608e-14,TRUE,Zm00001eb405640,2322571,2327147,downstream,19422
Q.Total,10-2766083,10,2346569,2,BLINK+FarmCPU,6.97053265624608e-14,TRUE,Zm00001eb405650,2328347,2334069,downstream,12500
I.IMNTDK,10-67356589,10,66490086,1,FarmCPU,7.14648503693302e-14,FALSE,Zm00001eb413920,66492566,66493957,upstream,2480
I.IMNTDK,10-67356589,10,66490086,1,FarmCPU,7.14648503693302e-14,FALSE,Zm00001eb413930,66500707,66501638,upstream,10621
D.IMNTDK,10-40576192,10,41700989,2,BLINK+FarmCPU,8.71325591520876e-14,TRUE,Zm00001eb411940,41689049,41694086,downstream,6903
F,7-8296296,7,8588620,1,FarmCPU,8.71993078466647e-14,FALSE,Zm00001eb300980,8563561,8564624,downstream,23996
Total,10-93372122,10,93592454,1,FarmCPU,8.92577395581387e-14,FALSE,Zm00001eb418350,93580230,93587303,downstream,5151
N,2-38205709,2,39115733,2,BLINK+FarmCPU,8.95919313182361e-14,TRUE,Zm00001eb079630,39109123,39111336,downstream,4397
N,2-38205709,2,39115733,2,BLINK+FarmCPU,8.95919313182361e-14,TRUE,Zm00001eb079640,39118514,39123657,upstream,2781
N,2-38205709,2,39115733,2,BLINK+FarmCPU,8.95919313182361e-14,TRUE,Zm00001eb079650,39122592,39123657,upstream,6859
N,2-38205709,2,39115733,2,BLINK+FarmCPU,8.95919313182361e-14,TRUE,Zm00001eb079660,39124011,39126954,upstream,8278
N,2-38205709,2,39115733,2,BLINK+FarmCPU,8.95919313182361e-14,TRUE,Zm00001eb079670,39124166,39126596,upstream,8433
M,2-233320374,2,239557135,2,BLINK+FarmCPU,9.22510924158949e-14,TRUE,Zm00001eb116850,239475917,239582318,within,0
M,2-233320374,2,239557135,2,BLINK+FarmCPU,9.22510924158949e-14,TRUE,Zm00001eb116860,239578532,239578891,upstream,21397
T,3-169116848,3,171669569,1,FarmCPU,9.65063169320658e-14,FALSE,Zm00001eb144540,171685224,171689188,upstream,15655
T,3-169116848,3,171669569,1,FarmCPU,9.65063169320658e-14,FALSE,Zm00001eb144560,171691901,171696001,upstream,22332
IMNTDK,2-6183613,2,6136509,1,BLINK,1.00242639013295e-13,FALSE,Zm00001eb068640,6108815,6115505,downstream,21004
IMNTDK,2-6183613,2,6136509,1,BLINK,1.00242639013295e-13,FALSE,Zm00001eb068650,6132820,6134000,downstream,2509
IMNTDK,2-6183613,2,6136509,1,BLINK,1.00242639013295e-13,FALSE,Zm00001eb068660,6134997,6136220,downstream,289
IMNTDK,2-6183613,2,6136509,1,BLINK,1.00242639013295e-13,FALSE,Zm00001eb068670,6136221,6140916,within,0
C.Total,3-199905640,3,203953170,1,FarmCPU,1.07863115512822e-13,FALSE,Zm00001eb153500,203931338,203944340,downstream,8830
C.Total,3-199905640,3,203953170,1,FarmCPU,1.07863115512822e-13,FALSE,Zm00001eb153510,203969930,203972076,upstream,16760
SGC,8-101310923,8,103857283,1,FarmCPU,1.08663209007183e-13,FALSE,Zm00001eb348780,103846808,103848401,downstream,8882
SGC,8-101310923,8,103857283,1,FarmCPU,1.08663209007183e-13,FALSE,Zm00001eb348790,103871849,103872400,upstream,14566
SGC,8-101310923,8,103857283,1,FarmCPU,1.08663209007183e-13,FALSE,Zm00001eb348800,103872501,103874425,upstream,15218
N.D,5-6851962,5,7047181,2,BLINK+FarmCPU,1.0942162202325e-13,TRUE,Zm00001eb214460,7021841,7022304,downstream,24877
N.D,5-6851962,5,7047181,2,BLINK+FarmCPU,1.0942162202325e-13,TRUE,Zm00001eb214470,7022712,7024750,downstream,22431
N.D,5-6851962,5,7047181,2,BLINK+FarmCPU,1.0942162202325e-13,TRUE,Zm00001eb214480,7027114,7030775,downstream,16406
N.D,5-6851962,5,7047181,2,BLINK+FarmCPU,1.0942162202325e-13,TRUE,Zm00001eb214490,7036578,7039527,downstream,7654
N.D,5-6851962,5,7047181,2,BLINK+FarmCPU,1.0942162202325e-13,TRUE,Zm00001eb214500,7042486,7046073,downstream,1108
N.D,5-6851962,5,7047181,2,BLINK+FarmCPU,1.0942162202325e-13,TRUE,Zm00001eb214510,7048706,7052179,upstream,1525
I.IMNTDK,2-55588255,2,56989762,1,FarmCPU,1.13755940208284e-13,FALSE,Zm00001eb083460,56975714,56977534,downstream,12228
I.IMNTDK,2-55588255,2,56989762,1,FarmCPU,1.13755940208284e-13,FALSE,Zm00001eb083470,56975752,56977147,downstream,12615
I.IMNTDK,2-55588255,2,56989762,1,FarmCPU,1.13755940208284e-13,FALSE,Zm00001eb083480,57012557,57016626,upstream,22795
M.IMNTDK,6-93392568,6,95882750,1,FarmCPU,1.8370035723665e-13,FALSE,Zm00001eb272830,95862997,95863819,downstream,18931
M.IMNTDK,6-93392568,6,95882750,1,FarmCPU,1.8370035723665e-13,FALSE,Zm00001eb272840,95863149,95863812,downstream,18938
V,2-1565108,2,1557470,1,FarmCPU,1.88726356128675e-13,FALSE,Zm00001eb065900,1528205,1534192,downstream,23278
V,2-1565108,2,1557470,1,FarmCPU,1.88726356128675e-13,FALSE,Zm00001eb065910,1532690,1533919,downstream,23551
V,2-1565108,2,1557470,1,FarmCPU,1.88726356128675e-13,FALSE,Zm00001eb065920,1535426,1539474,downstream,17996
V,2-1565108,2,1557470,1,FarmCPU,1.88726356128675e-13,FALSE,Zm00001eb065930,1540675,1542738,downstream,14732
V,2-1565108,2,1557470,1,FarmCPU,1.88726356128675e-13,FALSE,Zm00001eb065940,1544730,1548469,downstream,9001
V,2-1565108,2,1557470,1,FarmCPU,1.88726356128675e-13,FALSE,Zm00001eb065950,1571478,1591655,upstream,14008
E,3-134398037,3,135063606,1,FarmCPU,2.0588185614279e-13,FALSE,Zm00001eb137760,135033869,135038647,downstream,24959
E,3-134398037,3,135063606,1,FarmCPU,2.0588185614279e-13,FALSE,Zm00001eb137770,135067097,135067520,upstream,3491
E,3-134398037,3,135063606,1,FarmCPU,2.0588185614279e-13,FALSE,Zm00001eb137780,135080484,135090767,upstream,16878
T,5-211604024,5,217376293,1,FarmCPU,2.24998990715912e-13,FALSE,Zm00001eb255560,217350190,217352856,downstream,23437
S.Total,7-157045315,7,162446374,1,FarmCPU,2.27381118075801e-13,FALSE,Zm00001eb322760,162412879,162424420,downstream,21954
S.Total,7-157045315,7,162446374,1,FarmCPU,2.27381118075801e-13,FALSE,Zm00001eb322770,162426609,162427138,downstream,19236
S.Total,7-157045315,7,162446374,1,FarmCPU,2.27381118075801e-13,FALSE,Zm00001eb322780,162428259,162430469,downstream,15905
S.Total,7-157045315,7,162446374,1,FarmCPU,2.27381118075801e-13,FALSE,Zm00001eb322790,162433418,162435458,downstream,10916
S.Total,7-157045315,7,162446374,1,FarmCPU,2.27381118075801e-13,FALSE,Zm00001eb322810,162438594,162440730,downstream,5644
N.Total,8-115398457,8,118673369,1,FarmCPU,2.28453745724857e-13,FALSE,Zm00001eb351230,118669012,118673821,within,0
N.Total,8-115398457,8,118673369,1,FarmCPU,2.28453745724857e-13,FALSE,Zm00001eb351240,118669471,118670168,downstream,3201
Q,6-153817626,6,157804658,1,FarmCPU,2.53753151979773e-13,FALSE,Zm00001eb287980,157782186,157785573,downstream,19085
I.IMNTDK,1-183056616,1,185051791,1,FarmCPU,2.5917309284333e-13,FALSE,Zm00001eb033240,185023656,185041753,downstream,10038
N,4-152871168,4,156417411,1,FarmCPU,2.70393608469436e-13,FALSE,Zm00001eb186280,156397677,156406120,downstream,11291
IVL,7-51342634,7,52945327,1,FarmCPU,2.71159492850514e-13,FALSE,Zm00001eb307410,52962666,52965378,upstream,17339
R.Total,7-20200646,7,21086049,2,BLINK+FarmCPU,2.71208386195073e-13,TRUE,Zm00001eb303550,21060699,21061148,downstream,24901
IVL,10-129288186,10,130414062,1,FarmCPU,2.76924996269539e-13,FALSE,Zm00001eb425750,130396652,130402454,downstream,11608
E.Total,7-174450069,7,179965959,1,FarmCPU,2.91910122734926e-13,FALSE,Zm00001eb329600,179948107,179950130,downstream,15829
E.Total,7-174450069,7,179965959,1,FarmCPU,2.91910122734926e-13,FALSE,Zm00001eb329610,179948206,179950238,downstream,15721
E.Total,7-174450069,7,179965959,1,FarmCPU,2.91910122734926e-13,FALSE,Zm00001eb329620,179951204,179954307,downstream,11652
E.Total,7-174450069,7,179965959,1,FarmCPU,2.91910122734926e-13,FALSE,Zm00001eb329630,179969866,179974844,upstream,3907
IVL,2-231615843,2,237964625,1,FarmCPU,3.03938824146154e-13,FALSE,Zm00001eb116160,237933529,237941319,downstream,23306
N.IMNTDK,3-148477360,3,149748802,1,FarmCPU,3.2906136113999e-13,FALSE,Zm00001eb140620,149741549,149743965,downstream,4837
I.IMNTDK,2-28679785,2,29470044,1,FarmCPU,3.32578690610392e-13,FALSE,Zm00001eb077160,29456936,29458055,downstream,11989
I.IMNTDK,2-28679785,2,29470044,1,FarmCPU,3.32578690610392e-13,FALSE,Zm00001eb077170,29481074,29481902,upstream,11030
I.IMNTDK,2-28679785,2,29470044,1,FarmCPU,3.32578690610392e-13,FALSE,Zm00001eb077180,29494265,29501176,upstream,24221
WFY,1-279724987,1,284788512,1,FarmCPU,3.55719940363438e-13,FALSE,Zm00001eb057750,284764856,284766611,downstream,21901
WFY,1-279724987,1,284788512,1,FarmCPU,3.55719940363438e-13,FALSE,Zm00001eb057760,284765955,284766545,downstream,21967
WFY,1-279724987,1,284788512,1,FarmCPU,3.55719940363438e-13,FALSE,Zm00001eb057770,284774974,284776823,downstream,11689
WFY,1-279724987,1,284788512,1,FarmCPU,3.55719940363438e-13,FALSE,Zm00001eb057790,284779663,284781743,downstream,6769
WFY,1-279724987,1,284788512,1,FarmCPU,3.55719940363438e-13,FALSE,Zm00001eb057780,284779663,284786817,downstream,1695
WFY,1-279724987,1,284788512,1,FarmCPU,3.55719940363438e-13,FALSE,Zm00001eb057800,284791283,284792056,upstream,2771
W,7-31524771,7,32683654,1,FarmCPU,3.73535570649067e-13,FALSE,Zm00001eb305370,32675579,32678158,downstream,5496
D.Total,5-207121581,5,212727942,1,FarmCPU,3.90638047795984e-13,FALSE,Zm00001eb253470,212711639,212714195,downstream,13747
D.Total,5-207121581,5,212727942,1,FarmCPU,3.90638047795984e-13,FALSE,Zm00001eb253480,212719537,212720405,downstream,7537
D.Total,5-207121581,5,212727942,1,FarmCPU,3.90638047795984e-13,FALSE,Zm00001eb253490,212719659,212720465,downstream,7477
R.Total,3-133206905,3,133864142,1,FarmCPU,4.06903058354155e-13,FALSE,Zm00001eb137510,133881654,133882351,upstream,17512
EHPRQ,9-128366189,9,130350574,1,FarmCPU,4.5043402667839e-13,FALSE,Zm00001eb393450,130359239,130360506,upstream,8665
L,7-165424846,7,170975152,2,BLINK+FarmCPU,4.54444025596522e-13,TRUE,Zm00001eb326020,170959319,170962033,downstream,13119
L,7-165424846,7,170975152,2,BLINK+FarmCPU,4.54444025596522e-13,TRUE,Zm00001eb326030,170976779,170980854,upstream,1627
M,1-201232930,1,203702086,1,FarmCPU,5.34130592265037e-13,FALSE,Zm00001eb037990,203688151,203691072,downstream,11014
IMNTDK,2-184650822,2,189507581,1,FarmCPU,5.36703138830194e-13,FALSE,Zm00001eb100250,189524202,189528153,upstream,16621
M,9-155531615,9,158349863,1,FarmCPU,5.47688003039862e-13,FALSE,Zm00001eb402740,158361760,158364801,upstream,11897
M,9-155531615,9,158349863,1,FarmCPU,5.47688003039862e-13,FALSE,Zm00001eb402750,158366536,158370125,upstream,16673
N.E,3-148477360,3,149748802,1,FarmCPU,5.64111712877919e-13,FALSE,Zm00001eb140620,149741549,149743965,downstream,4837
LAV,9-128364318,9,130348703,1,FarmCPU,5.86943435393932e-13,FALSE,Zm00001eb393450,130359239,130360506,upstream,10536
S.Total,9-20480293,9,20250107,1,FarmCPU,6.07141020349869e-13,FALSE,Zm00001eb376540,20240498,20240961,downstream,9146
D.Total,5-9663930,5,10010988,2,BLINK+FarmCPU,6.22621053825085e-13,TRUE,Zm00001eb215700,9991095,9992055,downstream,18933
D.Total,5-9663930,5,10010988,2,BLINK+FarmCPU,6.22621053825085e-13,TRUE,Zm00001eb215710,9999369,10002552,downstream,8436
Q,1-292956411,1,298412139,1,FarmCPU,6.64746337776011e-13,FALSE,Zm00001eb062000,298408180,298424189,within,0
Total,2-50539660,2,51939611,1,FarmCPU,7.02305380701084e-13,FALSE,Zm00001eb082660,51916188,51921900,downstream,17711
Total,2-50539660,2,51939611,1,FarmCPU,7.02305380701084e-13,FALSE,Zm00001eb082670,51921928,51925375,downstream,14236
Total,2-50539660,2,51939611,1,FarmCPU,7.02305380701084e-13,FALSE,Zm00001eb082680,51926418,51929311,downstream,10300
T,2-230258353,2,236689414,1,FarmCPU,7.09475581747513e-13,FALSE,Zm00001eb115650,236664581,236678344,downstream,11070
T,2-230258353,2,236689414,1,FarmCPU,7.09475581747513e-13,FALSE,Zm00001eb115660,236680724,236681898,downstream,7516
T,2-230258353,2,236689414,1,FarmCPU,7.09475581747513e-13,FALSE,Zm00001eb115670,236683597,236684586,downstream,4828
R.EHPRQ,6-110786482,6,110879429,1,BLINK,7.25413324782178e-13,FALSE,Zm00001eb276320,110862898,110864487,downstream,14942
R.EHPRQ,6-110786482,6,110879429,1,BLINK,7.25413324782178e-13,FALSE,Zm00001eb276330,110865046,110866729,downstream,12700
N,6-109336639,6,113837624,1,FarmCPU,7.99421082855728e-13,FALSE,Zm00001eb277110,113822769,113844705,within,0
N,6-109336639,6,113837624,1,FarmCPU,7.99421082855728e-13,FALSE,Zm00001eb277130,113850492,113852776,upstream,12868
N,6-109336639,6,113837624,1,FarmCPU,7.99421082855728e-13,FALSE,Zm00001eb277140,113861423,113862944,upstream,23799
WFY,9-90819889,9,93176591,1,FarmCPU,8.64048290978614e-13,FALSE,Zm00001eb386010,93158049,93159696,downstream,16895
WFY,9-90819889,9,93176591,1,FarmCPU,8.64048290978614e-13,FALSE,Zm00001eb386020,93160374,93170895,downstream,5696
IVL,5-4273469,5,4383623,1,FarmCPU,9.37497350329472e-13,FALSE,Zm00001eb212840,4385997,4387351,upstream,2374
IVL,5-4273469,5,4383623,1,FarmCPU,9.37497350329472e-13,FALSE,Zm00001eb212850,4389192,4390489,upstream,5569
R.EHPRQ,8-87289472,8,89569329,2,BLINK+FarmCPU,9.4656011094822e-13,TRUE,Zm00001eb346720,89553728,89554009,downstream,15320
R.EHPRQ,8-87289472,8,89569329,2,BLINK+FarmCPU,9.4656011094822e-13,TRUE,Zm00001eb346740,89557364,89565221,downstream,4108
R.EHPRQ,8-87289472,8,89569329,2,BLINK+FarmCPU,9.4656011094822e-13,TRUE,Zm00001eb346750,89567205,89591241,within,0
Total_PBAA,7-5322774,7,5653328,2,BLINK+FarmCPU,9.48498998184468e-13,TRUE,Zm00001eb300090,5645096,5652501,downstream,827
Total_PBAA,7-5322774,7,5653328,2,BLINK+FarmCPU,9.48498998184468e-13,TRUE,Zm00001eb300100,5653558,5658222,upstream,230
Y.WFY,4-197979180,4,202190460,1,BLINK,9.52978005742046e-13,FALSE,Zm00001eb198880,202202571,202203625,upstream,12111
N.IMNTDK,4-166954693,4,169877549,1,FarmCPU,1.010880286584e-12,FALSE,Zm00001eb189620,169901854,169902210,upstream,24305
LAV,3-149595996,3,150857975,1,FarmCPU,1.01534715868977e-12,FALSE,Zm00001eb140880,150870964,150871771,upstream,12989
F,5-215791104,5,221609760,1,FarmCPU,1.13166060029751e-12,FALSE,Zm00001eb257600,221596323,221602481,downstream,7279
WFY,10-67014781,10,66252635,1,FarmCPU,1.18304203794588e-12,FALSE,Zm00001eb413890,66245954,66259829,within,0
S.Total,8-21078236,8,21761275,1,FarmCPU,1.2268255748497e-12,FALSE,Zm00001eb337610,21742759,21746623,downstream,14652
K,5-53146882,5,54768939,1,BLINK,1.24919065845256e-12,FALSE,Zm00001eb226270,54753614,54763394,downstream,5545
K,5-53146882,5,54768939,1,BLINK,1.24919065845256e-12,FALSE,Zm00001eb226280,54762353,54764922,downstream,4017
R.Total,9-17121702,9,16860666,1,FarmCPU,1.285278751873e-12,FALSE,Zm00001eb375300,16884697,16885074,upstream,24031
R.Total,9-17121702,9,16860666,1,FarmCPU,1.285278751873e-12,FALSE,Zm00001eb375310,16885192,16885584,upstream,24526
N,1-64008350,1,64841887,2,BLINK+FarmCPU,1.32254632658718e-12,TRUE,Zm00001eb018150,64820200,64823889,downstream,17998
N,1-64008350,1,64841887,2,BLINK+FarmCPU,1.32254632658718e-12,TRUE,Zm00001eb018170,64830884,64834361,downstream,7526
SGC,10-148840622,10,150154298,1,FarmCPU,1.34882720495456e-12,FALSE,Zm00001eb433520,150133263,150134642,downstream,19656
SGC,10-148840622,10,150154298,1,FarmCPU,1.34882720495456e-12,FALSE,Zm00001eb433530,150163723,150165484,upstream,9425
SGC,10-148840622,10,150154298,1,FarmCPU,1.34882720495456e-12,FALSE,Zm00001eb433540,150168727,150169960,upstream,14429
SGC,10-148840622,10,150154298,1,FarmCPU,1.34882720495456e-12,FALSE,Zm00001eb433550,150175007,150177685,upstream,20709
S,1-256348780,1,260840491,1,FarmCPU,1.38339738024583e-12,FALSE,Zm00001eb051330,260844051,260846164,upstream,3560
D.IMNTDK,8-172449250,8,178193459,1,FarmCPU,1.48851549083019e-12,FALSE,Zm00001eb369570,178179290,178181686,downstream,11773
D.IMNTDK,8-172449250,8,178193459,1,FarmCPU,1.48851549083019e-12,FALSE,Zm00001eb369580,178205192,178207109,upstream,11733
D.IMNTDK,8-172449250,8,178193459,1,FarmCPU,1.48851549083019e-12,FALSE,Zm00001eb369590,178210343,178213954,upstream,16884
G,3-177292838,3,179451922,2,BLINK+FarmCPU,1.60296985070196e-12,TRUE,Zm00001eb146450,179420127,179427867,downstream,24055
G,3-177292838,3,179451922,2,BLINK+FarmCPU,1.60296985070196e-12,TRUE,Zm00001eb146460,179429488,179431205,downstream,20717
G,3-177292838,3,179451922,2,BLINK+FarmCPU,1.60296985070196e-12,TRUE,Zm00001eb146480,179433646,179434230,downstream,17692
G.SGC,10-134742382,10,135966865,1,BLINK,1.61935566155583e-12,FALSE,Zm00001eb427580,135961917,135964447,downstream,2418
C.Total,9-103566262,9,106094668,1,FarmCPU,1.67088619441749e-12,FALSE,Zm00001eb388220,106075393,106076646,downstream,18022
W,3-3550542,3,2783865,1,FarmCPU,1.77119204414515e-12,FALSE,Zm00001eb119580,2756673,2759403,downstream,24462
W,3-3550542,3,2783865,1,FarmCPU,1.77119204414515e-12,FALSE,Zm00001eb119590,2759882,2764571,downstream,19294
W,3-3550542,3,2783865,1,FarmCPU,1.77119204414515e-12,FALSE,Zm00001eb119610,2771034,2771789,downstream,12076
W,3-3550542,3,2783865,1,FarmCPU,1.77119204414515e-12,FALSE,Zm00001eb119620,2776225,2776608,downstream,7257
W,3-3550542,3,2783865,1,FarmCPU,1.77119204414515e-12,FALSE,Zm00001eb119630,2799035,2807870,upstream,15170
N,1-216747522,1,219876582,2,BLINK+FarmCPU,1.87310972124059e-12,TRUE,Zm00001eb041800,219883824,219887445,upstream,7242
N,1-216747522,1,219876582,2,BLINK+FarmCPU,1.87310972124059e-12,TRUE,Zm00001eb041810,219889363,219889629,upstream,12781
Y.Total,5-26036553,5,26643305,1,BLINK,1.98594801347425e-12,FALSE,Zm00001eb221110,26632216,26636343,downstream,6962
M,4-187220786,4,190504181,1,BLINK,1.9878603157535e-12,FALSE,Zm00001eb195620,190492895,190496150,downstream,8031
A.Total,6-169045676,6,173082541,2,BLINK+FarmCPU,2.061301141048e-12,TRUE,Zm00001eb294210,173049234,173061199,downstream,21342
Total,2-231615843,2,237964625,1,FarmCPU,2.09861148821707e-12,FALSE,Zm00001eb116160,237933529,237941319,downstream,23306
K.Total,3-100270756,6,96166233,1,FarmCPU,2.12675784254e-12,FALSE,Zm00001eb272910,96159886,96161525,downstream,4708
N.Q,5-98221731,5,100684736,1,BLINK,2.1899130755613e-12,FALSE,Zm00001eb234640,100662751,100673191,downstream,11545
M.IMNTDK,3-208764277,3,212258154,1,FarmCPU,2.22684328012865e-12,FALSE,Zm00001eb156090,212278924,212281549,upstream,20770
M.IMNTDK,3-208764277,3,212258154,1,FarmCPU,2.22684328012865e-12,FALSE,Zm00001eb156080,212278924,212281549,upstream,20770
SGC,9-48623727,9,49600027,1,FarmCPU,2.29320977215177e-12,FALSE,Zm00001eb382010,49601252,49602307,upstream,1225
I,4-7066396,4,7867724,1,BLINK,2.50753413838499e-12,FALSE,Zm00001eb167350,7858349,7865715,downstream,2009
I,4-7066396,4,7867724,1,BLINK,2.50753413838499e-12,FALSE,Zm00001eb167360,7872387,7878174,upstream,4663
K,7-8054176,7,8342345,1,FarmCPU,2.57965618385174e-12,FALSE,Zm00001eb300910,8354179,8361277,upstream,11834
K,7-8054176,7,8342345,1,FarmCPU,2.57965618385174e-12,FALSE,Zm00001eb300920,8359676,8376751,upstream,17331
I,5-1576997,5,1616133,1,BLINK,2.66702715882272e-12,FALSE,Zm00001eb210930,1621975,1630054,upstream,5842
I,5-1576997,5,1616133,1,BLINK,2.66702715882272e-12,FALSE,Zm00001eb210940,1630839,1635613,upstream,14706
I,5-1576997,5,1616133,1,BLINK,2.66702715882272e-12,FALSE,Zm00001eb210950,1638665,1648141,upstream,22532
I,5-1576997,5,1616133,1,BLINK,2.66702715882272e-12,FALSE,Zm00001eb210960,1639175,1642130,upstream,23042
S.Total,5-209718196,5,215495519,1,FarmCPU,2.72346638997398e-12,FALSE,Zm00001eb254650,215473752,215474224,downstream,21295
S.Total,5-209718196,5,215495519,1,FarmCPU,2.72346638997398e-12,FALSE,Zm00001eb254660,215482659,215490052,downstream,5467
C.Total,4-86571172,4,89875455,1,FarmCPU,3.03562871953255e-12,FALSE,Zm00001eb180070,89886492,89888874,upstream,11037
L,3-98874572,3,100182674,1,FarmCPU,3.09574576092707e-12,FALSE,Zm00001eb133490,100187835,100188851,upstream,5161
N.E,1-236812092,1,240207900,1,FarmCPU,3.24035313698746e-12,FALSE,Zm00001eb046550,240224174,240226721,upstream,16274
S.SGC,10-134742382,10,135966865,1,BLINK,3.25346518690216e-12,FALSE,Zm00001eb427580,135961917,135964447,downstream,2418
LAV,10-129288568,10,130414444,1,FarmCPU,3.37972832983696e-12,FALSE,Zm00001eb425750,130396652,130402454,downstream,11990
K.IMNTDK,2-51744034,2,53155140,1,FarmCPU,3.46319267697959e-12,FALSE,Zm00001eb082790,53166375,53168054,upstream,11235
K.IMNTDK,2-51744034,2,53155140,1,FarmCPU,3.46319267697959e-12,FALSE,Zm00001eb082800,53173161,53175880,upstream,18021
K.IMNTDK,2-51744034,2,53155140,1,FarmCPU,3.46319267697959e-12,FALSE,Zm00001eb082810,53173171,53175873,upstream,18031
Q.Total,3-186609917,3,189482023,1,BLINK,3.77254013234012e-12,FALSE,Zm00001eb149460,189488491,189490486,upstream,6468
S.Total,4-3053638,4,3617080,1,FarmCPU,4.11023302662708e-12,FALSE,Zm00001eb165420,3610401,3621644,within,0
S.Total,4-3053638,4,3617080,1,FarmCPU,4.11023302662708e-12,FALSE,Zm00001eb165430,3621962,3623728,upstream,4882
S.Total,4-3053638,4,3617080,1,FarmCPU,4.11023302662708e-12,FALSE,Zm00001eb165440,3624033,3627815,upstream,6953
S.Total,4-3053638,4,3617080,1,FarmCPU,4.11023302662708e-12,FALSE,Zm00001eb165450,3629929,3634070,upstream,12849
W,1-79716333,1,81313366,1,FarmCPU,4.22715030921561e-12,FALSE,Zm00001eb021370,81283322,81288915,downstream,24451
W,1-79716333,1,81313366,1,FarmCPU,4.22715030921561e-12,FALSE,Zm00001eb021380,81290276,81292848,downstream,20518
Total,6-155675818,6,159622418,1,FarmCPU,4.25753740439098e-12,FALSE,Zm00001eb288670,159645805,159649140,upstream,23387
Y,10-68431604,10,67656641,1,FarmCPU,4.3567949701467e-12,FALSE,Zm00001eb414040,67657183,67671813,upstream,542
M,2-4853603,2,4821935,1,FarmCPU,4.42610501332368e-12,FALSE,Zm00001eb067910,4801613,4802460,downstream,19475
M,2-4853603,2,4821935,1,FarmCPU,4.42610501332368e-12,FALSE,Zm00001eb067920,4809816,4815225,downstream,6710
N.Total,1-95112952,1,97330504,1,BLINK,4.48149065955563e-12,FALSE,Zm00001eb024000,97350213,97351247,upstream,19709
H,5-217750506,5,223684728,2,BLINK+FarmCPU,4.67067827624949e-12,TRUE,Zm00001eb258590,223657677,223660025,downstream,24703
H,5-217750506,5,223684728,2,BLINK+FarmCPU,4.67067827624949e-12,TRUE,Zm00001eb258600,223680613,223689690,within,0
H,5-217750506,5,223684728,2,BLINK+FarmCPU,4.67067827624949e-12,TRUE,Zm00001eb258610,223691917,223693843,upstream,7189
H,5-217750506,5,223684728,2,BLINK+FarmCPU,4.67067827624949e-12,TRUE,Zm00001eb258630,223694809,223699176,upstream,10081
H,5-217750506,5,223684728,2,BLINK+FarmCPU,4.67067827624949e-12,TRUE,Zm00001eb258640,223699296,223702997,upstream,14568
H,5-10366510,5,10725038,2,BLINK+FarmCPU,4.88615188958042e-12,TRUE,Zm00001eb216050,10705315,10706466,downstream,18572
H,5-10366510,5,10725038,2,BLINK+FarmCPU,4.88615188958042e-12,TRUE,Zm00001eb216060,10705382,10706568,downstream,18470
H,5-10366510,5,10725038,2,BLINK+FarmCPU,4.88615188958042e-12,TRUE,Zm00001eb216070,10716481,10718746,downstream,6292
H,5-10366510,5,10725038,2,BLINK+FarmCPU,4.88615188958042e-12,TRUE,Zm00001eb216080,10722689,10726329,within,0
SGC,7-31316547,7,32445149,1,FarmCPU,4.95662214852217e-12,FALSE,Zm00001eb305320,32436569,32439000,downstream,6149
N.Total,6-25743333,6,27137444,1,FarmCPU,5.06081144723628e-12,FALSE,Zm00001eb264330,27126385,27126789,downstream,10655
N.Total,6-25743333,6,27137444,1,FarmCPU,5.06081144723628e-12,FALSE,Zm00001eb264340,27126937,27127484,downstream,9960
Q,3-13529304,3,12816556,1,FarmCPU,5.10887445565452e-12,FALSE,Zm00001eb123060,12830057,12832763,upstream,13501
N.Q,2-20056905,2,20705102,1,FarmCPU,5.28136357344059e-12,FALSE,Zm00001eb074510,20680642,20683157,downstream,21945
N.Q,2-20056905,2,20705102,1,FarmCPU,5.28136357344059e-12,FALSE,Zm00001eb074520,20686099,20691165,downstream,13937
N.Q,2-20056905,2,20705102,1,FarmCPU,5.28136357344059e-12,FALSE,Zm00001eb074530,20693596,20696065,downstream,9037
N.Q,2-20056905,2,20705102,1,FarmCPU,5.28136357344059e-12,FALSE,Zm00001eb074540,20708532,20710875,upstream,3430
N,10-86489794,10,86519548,1,FarmCPU,5.30340120691404e-12,FALSE,Zm00001eb417100,86505315,86525363,within,0
V,2-5571225,2,5507483,1,FarmCPU,5.52002380951003e-12,FALSE,Zm00001eb068400,5495785,5499845,downstream,7638
V,2-5571225,2,5507483,1,FarmCPU,5.52002380951003e-12,FALSE,Zm00001eb068410,5529723,5531676,upstream,22240
V,2-5571225,2,5507483,1,FarmCPU,5.52002380951003e-12,FALSE,Zm00001eb068420,5532422,5551926,upstream,24939
C.Total,2-164326402,2,168394815,1,FarmCPU,6.07198924103391e-12,FALSE,Zm00001eb095710,168388452,168390699,downstream,4116
C,1-203213347,1,205995374,1,FarmCPU,6.52796216746718e-12,FALSE,Zm00001eb038530,206010963,206011914,upstream,15589
C,1-203213347,1,205995374,1,FarmCPU,6.52796216746718e-12,FALSE,Zm00001eb038540,206012482,206017023,upstream,17108
C,1-203213347,1,205995374,1,FarmCPU,6.52796216746718e-12,FALSE,Zm00001eb038560,206018777,206019061,upstream,23403
N.IMNTDK,2-213143558,2,219294762,1,FarmCPU,6.59829434534304e-12,FALSE,Zm00001eb109730,219273310,219276732,downstream,18030
N.IMNTDK,2-213143558,2,219294762,1,FarmCPU,6.59829434534304e-12,FALSE,Zm00001eb109740,219279692,219281313,downstream,13449
N.IMNTDK,2-213143558,2,219294762,1,FarmCPU,6.59829434534304e-12,FALSE,Zm00001eb109750,219281730,219283212,downstream,11550
N.IMNTDK,2-213143558,2,219294762,1,FarmCPU,6.59829434534304e-12,FALSE,Zm00001eb109760,219305568,219306757,upstream,10806
N.IMNTDK,2-213143558,2,219294762,1,FarmCPU,6.59829434534304e-12,FALSE,Zm00001eb109770,219308579,219319038,upstream,13817
G.SGC,6-157438491,6,161371514,1,BLINK,6.70034969934631e-12,FALSE,Zm00001eb289140,161355433,161355777,downstream,15737
G.SGC,6-157438491,6,161371514,1,BLINK,6.70034969934631e-12,FALSE,Zm00001eb289150,161356274,161361148,downstream,10366
G.SGC,6-157438491,6,161371514,1,BLINK,6.70034969934631e-12,FALSE,Zm00001eb289160,161377040,161390861,upstream,5526
P,2-6461703,2,6435361,1,FarmCPU,6.83315387861724e-12,FALSE,Zm00001eb068910,6413586,6418199,downstream,17162
P,2-6461703,2,6435361,1,FarmCPU,6.83315387861724e-12,FALSE,Zm00001eb068930,6418268,6420034,downstream,15327
P,2-6461703,2,6435361,1,FarmCPU,6.83315387861724e-12,FALSE,Zm00001eb068940,6445171,6446198,upstream,9810
N.D,9-136761974,9,139086300,1,BLINK,6.9282940952482e-12,FALSE,Zm00001eb395440,139100213,139102322,upstream,13913
Total,1-289555692,1,294881626,1,FarmCPU,6.94960516955244e-12,FALSE,Zm00001eb060800,294901415,294909090,upstream,19789
N.D,10-40576192,10,41700989,1,BLINK,6.95197873025608e-12,FALSE,Zm00001eb411940,41689049,41694086,downstream,6903
Q,4-210279640,4,213532243,1,BLINK,7.04724756334375e-12,FALSE,Zm00001eb201180,213496773,213515402,downstream,16841
I,4-20929320,4,22164575,1,FarmCPU,7.04992863546214e-12,FALSE,Zm00001eb169950,22152266,22154411,downstream,10164
M.IMNTDK,9-147623925,9,150365901,1,FarmCPU,7.08677712130821e-12,FALSE,Zm00001eb399210,150354020,150374095,within,0
Q.Total,9-22009538,9,21818929,1,FarmCPU,7.19409220063559e-12,FALSE,Zm00001eb377170,21834848,21848622,upstream,15919
A,4-71081228,4,73765993,1,FarmCPU,7.32053750181096e-12,FALSE,Zm00001eb178250,73774261,73779177,upstream,8268
N.E,9-93922124,9,96321786,1,BLINK,7.80912666762963e-12,FALSE,Zm00001eb386500,96309109,96313614,downstream,8172
N.E,9-93922124,9,96321786,1,BLINK,7.80912666762963e-12,FALSE,Zm00001eb386510,96314188,96320591,downstream,1195
Total,7-156783044,7,162164143,1,FarmCPU,7.87798299233279e-12,FALSE,Zm00001eb322660,162177632,162178621,upstream,13489
Total,7-156783044,7,162164143,1,FarmCPU,7.87798299233279e-12,FALSE,Zm00001eb322670,162185107,162185811,upstream,20964
N.Total,5-6851962,5,7047181,1,FarmCPU,8.33384462284138e-12,FALSE,Zm00001eb214460,7021841,7022304,downstream,24877
N.Total,5-6851962,5,7047181,1,FarmCPU,8.33384462284138e-12,FALSE,Zm00001eb214470,7022712,7024750,downstream,22431
N.Total,5-6851962,5,7047181,1,FarmCPU,8.33384462284138e-12,FALSE,Zm00001eb214480,7027114,7030775,downstream,16406
N.Total,5-6851962,5,7047181,1,FarmCPU,8.33384462284138e-12,FALSE,Zm00001eb214490,7036578,7039527,downstream,7654
N.Total,5-6851962,5,7047181,1,FarmCPU,8.33384462284138e-12,FALSE,Zm00001eb214500,7042486,7046073,downstream,1108
N.Total,5-6851962,5,7047181,1,FarmCPU,8.33384462284138e-12,FALSE,Zm00001eb214510,7048706,7052179,upstream,1525
IMNTDK,6-134282280,6,138058146,1,BLINK,8.36089176712166e-12,FALSE,Zm00001eb282780,138047659,138051378,downstream,6768
Total,1-107292683,1,109842903,1,FarmCPU,8.51131437914834e-12,FALSE,Zm00001eb025590,109867156,109867884,upstream,24253
IVL,3-20416441,3,19828782,2,BLINK+FarmCPU,8.5552155816962e-12,TRUE,Zm00001eb124780,19794268,19809842,downstream,18940
IVL,3-20416441,3,19828782,2,BLINK+FarmCPU,8.5552155816962e-12,TRUE,Zm00001eb124790,19816426,19832549,within,0
Total_N,7-5322675,7,5653229,1,BLINK,8.82283661280072e-12,FALSE,Zm00001eb300090,5645096,5652501,downstream,728
Total_N,7-5322675,7,5653229,1,BLINK,8.82283661280072e-12,FALSE,Zm00001eb300100,5653558,5658222,upstream,329
D,5-169267439,5,173186899,1,FarmCPU,9.14693278298928e-12,FALSE,Zm00001eb242960,173160651,173166036,downstream,20863
D,5-169267439,5,173186899,1,FarmCPU,9.14693278298928e-12,FALSE,Zm00001eb242970,173162379,173162781,downstream,24118
D,5-169267439,5,173186899,1,FarmCPU,9.14693278298928e-12,FALSE,Zm00001eb242980,173164160,173164493,downstream,22406
D,5-169267439,5,173186899,1,FarmCPU,9.14693278298928e-12,FALSE,Zm00001eb242990,173166986,173167819,downstream,19080
D,5-169267439,5,173186899,1,FarmCPU,9.14693278298928e-12,FALSE,Zm00001eb243000,173168577,173173402,downstream,13497
D,5-169267439,5,173186899,1,FarmCPU,9.14693278298928e-12,FALSE,Zm00001eb243010,173174309,173178541,downstream,8358
D,5-169267439,5,173186899,1,FarmCPU,9.14693278298928e-12,FALSE,Zm00001eb243020,173207819,173211301,upstream,20920
C.Total,7-169034756,7,174560171,1,FarmCPU,9.3804768968473e-12,FALSE,Zm00001eb327440,174568553,174569176,upstream,8382
C.Total,7-169034756,7,174560171,1,FarmCPU,9.3804768968473e-12,FALSE,Zm00001eb327450,174581159,174583649,upstream,20988
I.IMNTDK,5-11810733,5,12245222,1,FarmCPU,1.00737145603789e-11,FALSE,Zm00001eb216540,12219483,12220818,downstream,24404
I.IMNTDK,5-11810733,5,12245222,1,FarmCPU,1.00737145603789e-11,FALSE,Zm00001eb216550,12220915,12225552,downstream,19670
I.IMNTDK,5-11810733,5,12245222,1,FarmCPU,1.00737145603789e-11,FALSE,Zm00001eb216560,12251820,12252573,upstream,6598
I.IMNTDK,5-11810733,5,12245222,1,FarmCPU,1.00737145603789e-11,FALSE,Zm00001eb216570,12254367,12255350,upstream,9145
IMNTDK,2-16861150,2,17339339,1,BLINK,1.01688864012953e-11,FALSE,Zm00001eb073630,17356277,17360651,upstream,16938
A,7-163968365,7,169442426,1,FarmCPU,1.0643306874465e-11,FALSE,Zm00001eb325500,169447647,169456072,upstream,5221
A,7-163968365,7,169442426,1,FarmCPU,1.0643306874465e-11,FALSE,Zm00001eb325510,169456289,169457748,upstream,13863
A.LAV,1-237849440,1,241180154,1,BLINK,1.0705902348005e-11,FALSE,Zm00001eb046790,241198303,241222209,upstream,18149
R.EHPRQ,4-238154623,4,242881276,1,BLINK,1.0758633585862e-11,FALSE,Zm00001eb206250,242862656,242873833,downstream,7443
R.EHPRQ,4-238154623,4,242881276,1,BLINK,1.0758633585862e-11,FALSE,Zm00001eb206260,242876672,242877173,downstream,4103
R.EHPRQ,4-238154623,4,242881276,1,BLINK,1.0758633585862e-11,FALSE,Zm00001eb206270,242877953,242879183,downstream,2093
R.EHPRQ,4-238154623,4,242881276,1,BLINK,1.0758633585862e-11,FALSE,Zm00001eb206280,242880845,242882018,within,0
R.EHPRQ,4-238154623,4,242881276,1,BLINK,1.0758633585862e-11,FALSE,Zm00001eb206290,242882208,242885525,upstream,932
R.EHPRQ,4-238154623,4,242881276,1,BLINK,1.0758633585862e-11,FALSE,Zm00001eb206300,242887809,242893790,upstream,6533
R.Total,10-5874874,10,5600490,1,BLINK,1.07784955266082e-11,FALSE,Zm00001eb406930,5608221,5613076,upstream,7731
R.Total,10-5874874,10,5600490,1,BLINK,1.07784955266082e-11,FALSE,Zm00001eb406940,5610271,5611089,upstream,9781
IMNTDK,1-205460949,1,208247035,1,BLINK,1.08923354231132e-11,FALSE,Zm00001eb039000,208222307,208225640,downstream,21395
Total_N,1-80777231,1,82382090,2,BLINK+FarmCPU,1.15402973432981e-11,TRUE,Zm00001eb021640,82369329,82370821,downstream,11269
Total_N,1-80777231,1,82382090,2,BLINK+FarmCPU,1.15402973432981e-11,TRUE,Zm00001eb021650,82375978,82377069,downstream,5021
Total_N,1-80777231,1,82382090,2,BLINK+FarmCPU,1.15402973432981e-11,TRUE,Zm00001eb021660,82377432,82377841,downstream,4249
Total_N,1-80777231,1,82382090,2,BLINK+FarmCPU,1.15402973432981e-11,TRUE,Zm00001eb021670,82379007,82381438,downstream,652
Total_N,1-80777231,1,82382090,2,BLINK+FarmCPU,1.15402973432981e-11,TRUE,Zm00001eb021700,82404649,82405664,upstream,22559
Total_N,1-80777231,1,82382090,2,BLINK+FarmCPU,1.15402973432981e-11,TRUE,Zm00001eb021690,82404649,82405736,upstream,22559
Q,9-26960210,9,27019990,1,FarmCPU,1.21805324386291e-11,FALSE,Zm00001eb378600,27015133,27020192,within,0
Q,9-26960210,9,27019990,1,FarmCPU,1.21805324386291e-11,FALSE,Zm00001eb378610,27020410,27020685,upstream,420
Q,9-26960210,9,27019990,1,FarmCPU,1.21805324386291e-11,FALSE,Zm00001eb378620,27031307,27037691,upstream,11317
R.EHPRQ,2-212322724,2,218470553,2,BLINK+FarmCPU,1.23458900528298e-11,TRUE,Zm00001eb109430,218445148,218446454,downstream,24099
R.EHPRQ,2-212322724,2,218470553,2,BLINK+FarmCPU,1.23458900528298e-11,TRUE,Zm00001eb109440,218451265,218455797,downstream,14756
R.EHPRQ,2-212322724,2,218470553,2,BLINK+FarmCPU,1.23458900528298e-11,TRUE,Zm00001eb109450,218458168,218459180,downstream,11373
R.EHPRQ,2-212322724,2,218470553,2,BLINK+FarmCPU,1.23458900528298e-11,TRUE,Zm00001eb109460,218458345,218458635,downstream,11918
K.IMNTDK,2-195935106,2,201505766,2,BLINK+FarmCPU,1.28058501603988e-11,TRUE,Zm00001eb103350,201509432,201514605,upstream,3666
K.IMNTDK,2-195935106,2,201505766,2,BLINK+FarmCPU,1.28058501603988e-11,TRUE,Zm00001eb103360,201514751,201515486,upstream,8985
R.Total,4-238226655,4,242953120,1,BLINK,1.30447375821195e-11,FALSE,Zm00001eb206320,242932921,242933790,downstream,19330
R.Total,4-238226655,4,242953120,1,BLINK,1.30447375821195e-11,FALSE,Zm00001eb206330,242934552,242938586,downstream,14534
R.Total,4-238226655,4,242953120,1,BLINK,1.30447375821195e-11,FALSE,Zm00001eb206340,242939447,242941633,downstream,11487
R.Total,4-238226655,4,242953120,1,BLINK,1.30447375821195e-11,FALSE,Zm00001eb206350,242953844,242963739,upstream,724
L,4-10023571,4,10880102,1,FarmCPU,1.31204903993182e-11,FALSE,Zm00001eb167770,10854450,10855608,downstream,24494
L,4-10023571,4,10880102,1,FarmCPU,1.31204903993182e-11,FALSE,Zm00001eb167780,10897637,10905132,upstream,17535
I,5-31563733,5,32579981,1,BLINK,1.35116330726889e-11,FALSE,Zm00001eb222330,32556545,32560966,downstream,19015
Total,8-159968812,8,165321156,1,FarmCPU,1.39080862837817e-11,FALSE,Zm00001eb363170,165302132,165303736,downstream,17420
Total,8-159968812,8,165321156,1,FarmCPU,1.39080862837817e-11,FALSE,Zm00001eb363180,165302251,165303672,downstream,17484
Total,8-159968812,8,165321156,1,FarmCPU,1.39080862837817e-11,FALSE,Zm00001eb363190,165305316,165306230,downstream,14926
A,4-119499092,4,123194794,1,FarmCPU,1.39264655752691e-11,FALSE,Zm00001eb182200,123170712,123171394,downstream,23400
A,4-119499092,4,123194794,1,FarmCPU,1.39264655752691e-11,FALSE,Zm00001eb182210,123187487,123188726,downstream,6068
R.EHPRQ,8-87265183,8,89549298,1,FarmCPU,1.41583297051051e-11,FALSE,Zm00001eb346720,89553728,89554009,upstream,4430
R.EHPRQ,8-87265183,8,89549298,1,FarmCPU,1.41583297051051e-11,FALSE,Zm00001eb346740,89557364,89565221,upstream,8066
R.EHPRQ,8-87265183,8,89549298,1,FarmCPU,1.41583297051051e-11,FALSE,Zm00001eb346750,89567205,89591241,upstream,17907
F,1-166748478,1,168416692,1,FarmCPU,1.42931214298304e-11,FALSE,Zm00001eb030420,168388226,168394341,downstream,22351
F,1-166748478,1,168416692,1,FarmCPU,1.42931214298304e-11,FALSE,Zm00001eb030430,168441018,168443308,upstream,24326
R.EHPRQ,5-216273624,5,222130074,1,FarmCPU,1.469431107396e-11,FALSE,Zm00001eb257850,222113667,222115093,downstream,14981
R.EHPRQ,5-216273624,5,222130074,1,FarmCPU,1.469431107396e-11,FALSE,Zm00001eb257860,222120267,222124937,downstream,5137
R.EHPRQ,5-216273624,5,222130074,1,FarmCPU,1.469431107396e-11,FALSE,Zm00001eb257870,222123677,222124937,downstream,5137
R.EHPRQ,5-216273624,5,222130074,1,FarmCPU,1.469431107396e-11,FALSE,Zm00001eb257880,222135286,222139422,upstream,5212
R.EHPRQ,5-216273624,5,222130074,1,FarmCPU,1.469431107396e-11,FALSE,Zm00001eb257890,222145236,222153647,upstream,15162
P,3-3998584,3,3278841,1,FarmCPU,1.52575011089522e-11,FALSE,Zm00001eb119830,3248587,3257024,downstream,21817
P,3-3998584,3,3278841,1,FarmCPU,1.52575011089522e-11,FALSE,Zm00001eb119840,3257147,3258817,downstream,20024
P,3-3998584,3,3278841,1,FarmCPU,1.52575011089522e-11,FALSE,Zm00001eb119850,3262214,3263230,downstream,15611
P,3-3998584,3,3278841,1,FarmCPU,1.52575011089522e-11,FALSE,Zm00001eb119860,3271433,3271852,downstream,6989
Q.EHPRQ,4-834837,4,1050251,2,BLINK+FarmCPU,1.53373863528636e-11,TRUE,Zm00001eb164350,1033659,1036014,downstream,14237
N.IMNTDK,3-182468087,3,185330224,1,FarmCPU,1.54696580661611e-11,FALSE,Zm00001eb148190,185310483,185313706,downstream,16518
K,3-70368020,3,70603750,1,FarmCPU,1.55784908265267e-11,FALSE,Zm00001eb131870,70588889,70591236,downstream,12514
Q.EHPRQ,7-126812689,7,130718475,1,BLINK,1.65508147916091e-11,FALSE,Zm00001eb314790,130728178,130730098,upstream,9703
K.IMNTDK,1-290750505,1,296172553,1,FarmCPU,1.67744802509582e-11,FALSE,Zm00001eb061190,296181275,296207192,upstream,8722
N.D,2-213143558,2,219294762,1,FarmCPU,1.70870870509497e-11,FALSE,Zm00001eb109730,219273310,219276732,downstream,18030
N.D,2-213143558,2,219294762,1,FarmCPU,1.70870870509497e-11,FALSE,Zm00001eb109740,219279692,219281313,downstream,13449
N.D,2-213143558,2,219294762,1,FarmCPU,1.70870870509497e-11,FALSE,Zm00001eb109750,219281730,219283212,downstream,11550
N.D,2-213143558,2,219294762,1,FarmCPU,1.70870870509497e-11,FALSE,Zm00001eb109760,219305568,219306757,upstream,10806
N.D,2-213143558,2,219294762,1,FarmCPU,1.70870870509497e-11,FALSE,Zm00001eb109770,219308579,219319038,upstream,13817
P,5-26036553,5,26643305,1,FarmCPU,1.79039442287748e-11,FALSE,Zm00001eb221110,26632216,26636343,downstream,6962
Q,10-146898518,10,148264642,1,BLINK,1.8497318779505e-11,FALSE,Zm00001eb432420,148250954,148272641,within,0
N.E,4-1464193,4,1714533,1,BLINK,1.85459823548943e-11,FALSE,Zm00001eb164660,1697325,1700273,downstream,14260
N.E,4-1464193,4,1714533,1,BLINK,1.85459823548943e-11,FALSE,Zm00001eb164670,1700442,1700777,downstream,13756
N.E,4-1464193,4,1714533,1,BLINK,1.85459823548943e-11,FALSE,Zm00001eb164680,1701034,1702961,downstream,11572
Q.EHPRQ,5-13740270,5,14092394,1,BLINK,1.8584937218663e-11,FALSE,Zm00001eb217250,14069321,14074156,downstream,18238
Q.EHPRQ,5-13740270,5,14092394,1,BLINK,1.8584937218663e-11,FALSE,Zm00001eb217260,14084792,14089330,downstream,3064
Q.EHPRQ,5-13740270,5,14092394,1,BLINK,1.8584937218663e-11,FALSE,Zm00001eb217270,14092542,14108050,upstream,148
Q.EHPRQ,5-13740270,5,14092394,1,BLINK,1.8584937218663e-11,FALSE,Zm00001eb217280,14100282,14103487,upstream,7888
Q.EHPRQ,5-13740270,5,14092394,1,BLINK,1.8584937218663e-11,FALSE,Zm00001eb217290,14116569,14123972,upstream,24175
EHPRQ,5-75832823,5,78059585,1,FarmCPU,1.86637011773314e-11,FALSE,Zm00001eb231440,78036252,78036545,downstream,23040
H,7-111685946,7,114905450,1,FarmCPU,1.99748372343377e-11,FALSE,Zm00001eb312330,114876299,114880799,downstream,24651
M,7-174561488,7,180077374,1,FarmCPU,2.07182193766545e-11,FALSE,Zm00001eb329690,180065250,180076326,downstream,1048
M,7-174561488,7,180077374,1,FarmCPU,2.07182193766545e-11,FALSE,Zm00001eb329700,180073314,180075464,downstream,1910
M,7-174561488,7,180077374,1,FarmCPU,2.07182193766545e-11,FALSE,Zm00001eb329710,180078246,180096892,upstream,872
M,7-174561488,7,180077374,1,FarmCPU,2.07182193766545e-11,FALSE,Zm00001eb329720,180095254,180096083,upstream,17880
K,7-1929871,7,2056694,1,BLINK,2.09039815290355e-11,FALSE,Zm00001eb298600,2021011,2039840,downstream,16854
K,7-1929871,7,2056694,1,BLINK,2.09039815290355e-11,FALSE,Zm00001eb298610,2041366,2049356,downstream,7338
K,7-1929871,7,2056694,1,BLINK,2.09039815290355e-11,FALSE,Zm00001eb298620,2049567,2052270,downstream,4424
K,7-1929871,7,2056694,1,BLINK,2.09039815290355e-11,FALSE,Zm00001eb298640,2052332,2053880,downstream,2814
K,7-1929871,7,2056694,1,BLINK,2.09039815290355e-11,FALSE,Zm00001eb298650,2062468,2063195,upstream,5774
K,7-1929871,7,2056694,1,BLINK,2.09039815290355e-11,FALSE,Zm00001eb298660,2066658,2074731,upstream,9964
K,7-1929871,7,2056694,1,BLINK,2.09039815290355e-11,FALSE,Zm00001eb298670,2079598,2082463,upstream,22904
R.EHPRQ,3-39388928,3,38961265,1,FarmCPU,2.1033966195416e-11,FALSE,Zm00001eb128130,38975382,38978330,upstream,14117
N,3-175947181,3,178459493,1,BLINK,2.21361354057639e-11,FALSE,Zm00001eb146280,178451600,178458323,downstream,1170
T,3-7403081,3,6550983,1,FarmCPU,2.22210120128245e-11,FALSE,Zm00001eb121230,6527570,6529519,downstream,21464
T,3-7403081,3,6550983,1,FarmCPU,2.22210120128245e-11,FALSE,Zm00001eb121240,6571219,6573217,upstream,20236
T,3-7403081,3,6550983,1,FarmCPU,2.22210120128245e-11,FALSE,Zm00001eb121260,6575701,6576682,upstream,24718
F,6-17357809,6,17505371,1,FarmCPU,2.26215766381823e-11,FALSE,Zm00001eb262400,17490786,17495185,downstream,10186
F,6-17357809,6,17505371,1,FarmCPU,2.26215766381823e-11,FALSE,Zm00001eb262410,17500232,17504622,downstream,749
N.D,2-14481714,2,14927661,1,FarmCPU,2.27885285102442e-11,FALSE,Zm00001eb072640,14908764,14910385,downstream,17276
N.D,2-14481714,2,14927661,1,FarmCPU,2.27885285102442e-11,FALSE,Zm00001eb072650,14925451,14925753,downstream,1908
N.D,2-14481714,2,14927661,1,FarmCPU,2.27885285102442e-11,FALSE,Zm00001eb072660,14932627,14933577,upstream,4966
N.D,2-14481714,2,14927661,1,FarmCPU,2.27885285102442e-11,FALSE,Zm00001eb072670,14936695,14937000,upstream,9034
S.Total,4-179692257,4,182613275,1,FarmCPU,2.35496187663143e-11,FALSE,Zm00001eb193350,182602154,182602999,downstream,10276
S.Total,4-179692257,4,182613275,1,FarmCPU,2.35496187663143e-11,FALSE,Zm00001eb193360,182624805,182627090,upstream,11530
M,8-172011646,8,177768867,1,FarmCPU,2.36051013524767e-11,FALSE,Zm00001eb369270,177746857,177750039,downstream,18828
M,8-172011646,8,177768867,1,FarmCPU,2.36051013524767e-11,FALSE,Zm00001eb369280,177769038,177776348,upstream,171
M.IMNTDK,5-69309623,5,71245404,1,FarmCPU,2.37405122069156e-11,FALSE,Zm00001eb229840,71253940,71254710,upstream,8536
Y.WFY,2-3193466,2,3204406,1,BLINK,2.41619349975753e-11,FALSE,Zm00001eb066990,3176554,3181867,downstream,22539
N.D,3-108349093,3,94236118,1,FarmCPU,2.45287529622928e-11,FALSE,Zm00001eb132940,94207220,94213722,downstream,22396
V,10-129288186,10,130414062,1,FarmCPU,2.54900524410059e-11,FALSE,Zm00001eb425750,130396652,130402454,downstream,11608
Q.EHPRQ,6-114928422,6,118735978,1,FarmCPU,2.58684170559948e-11,FALSE,Zm00001eb278360,118703807,118713062,downstream,22916
Q.EHPRQ,6-114928422,6,118735978,1,FarmCPU,2.58684170559948e-11,FALSE,Zm00001eb278370,118712386,118714507,downstream,21471
Q.EHPRQ,6-114928422,6,118735978,1,FarmCPU,2.58684170559948e-11,FALSE,Zm00001eb278380,118756969,118759024,upstream,20991
K,4-179647326,4,182571311,1,FarmCPU,2.7033887261676e-11,FALSE,Zm00001eb193330,182578975,182583046,upstream,7664
I.IMNTDK,3-212191792,3,215782315,2,BLINK+FarmCPU,2.74840555686024e-11,TRUE,Zm00001eb157240,215778117,215778480,downstream,3835
I.IMNTDK,3-212191792,3,215782315,2,BLINK+FarmCPU,2.74840555686024e-11,TRUE,Zm00001eb157250,215804693,215810387,upstream,22378
K.IMNTDK,8-150767501,8,155835158,1,FarmCPU,2.8232054524302e-11,FALSE,Zm00001eb360610,155836951,155841244,upstream,1793
K.IMNTDK,8-150767501,8,155835158,1,FarmCPU,2.8232054524302e-11,FALSE,Zm00001eb360620,155840954,155854675,upstream,5796
M,5-207555327,5,213279913,1,FarmCPU,2.87865772115284e-11,FALSE,Zm00001eb253710,213267448,213269639,downstream,10274
M,5-207555327,5,213279913,1,FarmCPU,2.87865772115284e-11,FALSE,Zm00001eb253720,213276003,213279303,downstream,610
M,5-207555327,5,213279913,1,FarmCPU,2.87865772115284e-11,FALSE,Zm00001eb253730,213304299,213305130,upstream,24386
I,3-20419014,3,19831354,1,BLINK,3.08559997862673e-11,FALSE,Zm00001eb124780,19794268,19809842,downstream,21512
I,3-20419014,3,19831354,1,BLINK,3.08559997862673e-11,FALSE,Zm00001eb124790,19816426,19832549,within,0
D.IMNTDK,5-6851962,5,7047181,1,BLINK,3.13850034547602e-11,FALSE,Zm00001eb214460,7021841,7022304,downstream,24877
D.IMNTDK,5-6851962,5,7047181,1,BLINK,3.13850034547602e-11,FALSE,Zm00001eb214470,7022712,7024750,downstream,22431
D.IMNTDK,5-6851962,5,7047181,1,BLINK,3.13850034547602e-11,FALSE,Zm00001eb214480,7027114,7030775,downstream,16406
D.IMNTDK,5-6851962,5,7047181,1,BLINK,3.13850034547602e-11,FALSE,Zm00001eb214490,7036578,7039527,downstream,7654
D.IMNTDK,5-6851962,5,7047181,1,BLINK,3.13850034547602e-11,FALSE,Zm00001eb214500,7042486,7046073,downstream,1108
D.IMNTDK,5-6851962,5,7047181,1,BLINK,3.13850034547602e-11,FALSE,Zm00001eb214510,7048706,7052179,upstream,1525
G,5-3683163,5,3776250,1,BLINK,3.15263878214193e-11,FALSE,Zm00001eb212500,3776116,3779852,within,0
G,5-3683163,5,3776250,1,BLINK,3.15263878214193e-11,FALSE,Zm00001eb212510,3781197,3784917,upstream,4947
G,5-3683163,5,3776250,1,BLINK,3.15263878214193e-11,FALSE,Zm00001eb212520,3799388,3801078,upstream,23138
I,5-4273469,5,4383623,1,FarmCPU,3.31853503759114e-11,FALSE,Zm00001eb212840,4385997,4387351,upstream,2374
I,5-4273469,5,4383623,1,FarmCPU,3.31853503759114e-11,FALSE,Zm00001eb212850,4389192,4390489,upstream,5569
Y,1-229772599,1,233235639,1,FarmCPU,3.38044075647376e-11,FALSE,Zm00001eb044710,233240834,233264806,upstream,5195
S.SGC,6-163968364,6,167939054,1,BLINK,3.3826765020384e-11,FALSE,Zm00001eb291780,167918095,167919137,downstream,19917
S.SGC,6-163968364,6,167939054,1,BLINK,3.3826765020384e-11,FALSE,Zm00001eb291790,167945131,167946579,upstream,6077
S.SGC,6-163968364,6,167939054,1,BLINK,3.3826765020384e-11,FALSE,Zm00001eb291800,167948195,167949010,upstream,9141
D.IMNTDK,8-141446623,8,146094191,1,FarmCPU,3.47200715092597e-11,FALSE,Zm00001eb357960,146072460,146079183,downstream,15008
R.EHPRQ,2-104454539,2,106773715,1,FarmCPU,3.47478235481692e-11,FALSE,Zm00001eb088140,106787739,106788751,upstream,14024
M,10-138481441,10,139772540,1,BLINK,3.48259335197485e-11,FALSE,Zm00001eb428830,139785500,139787836,upstream,12960
I.Total,6-131728842,6,135623793,1,BLINK,3.52769157516613e-11,FALSE,Zm00001eb282330,135617832,135623947,within,0
I.Total,6-131728842,6,135623793,1,BLINK,3.52769157516613e-11,FALSE,Zm00001eb282340,135625207,135626342,upstream,1414
I.Total,6-131728842,6,135623793,1,BLINK,3.52769157516613e-11,FALSE,Zm00001eb282350,135630537,135634598,upstream,6744
I.Total,6-131728842,6,135623793,1,BLINK,3.52769157516613e-11,FALSE,Zm00001eb282360,135648220,135652221,upstream,24427
Y.WFY,1-223893528,1,227435815,1,BLINK,3.54022933296339e-11,FALSE,Zm00001eb043070,227412712,227417072,downstream,18743
Y.WFY,1-223893528,1,227435815,1,BLINK,3.54022933296339e-11,FALSE,Zm00001eb043080,227427630,227428766,downstream,7049
Y.WFY,1-223893528,1,227435815,1,BLINK,3.54022933296339e-11,FALSE,Zm00001eb043090,227432982,227436878,within,0
SGC,1-52626902,1,53306773,1,FarmCPU,3.56813099068695e-11,FALSE,Zm00001eb015550,53328775,53331330,upstream,22002
N.Total,9-28817324,9,28869985,1,FarmCPU,3.6285110540128e-11,FALSE,Zm00001eb379130,28847293,28849676,downstream,20309
N.Total,9-28817324,9,28869985,1,FarmCPU,3.6285110540128e-11,FALSE,Zm00001eb379140,28849802,28851296,downstream,18689
N.Total,9-28817324,9,28869985,1,FarmCPU,3.6285110540128e-11,FALSE,Zm00001eb379150,28849951,28855448,downstream,14537
N.Total,9-28817324,9,28869985,1,FarmCPU,3.6285110540128e-11,FALSE,Zm00001eb379160,28855919,28858918,downstream,11067
N.Total,9-28817324,9,28869985,1,FarmCPU,3.6285110540128e-11,FALSE,Zm00001eb379170,28860119,28862155,downstream,7830
M,8-152498140,8,157637478,1,FarmCPU,3.6544129833406e-11,FALSE,Zm00001eb361090,157617214,157620981,downstream,16497
G,9-3063555,9,2772582,1,FarmCPU,3.76838912603597e-11,FALSE,Zm00001eb371640,2750537,2759559,downstream,13023
G,9-3063555,9,2772582,1,FarmCPU,3.76838912603597e-11,FALSE,Zm00001eb371650,2754814,2755484,downstream,17098
H.Total,7-147980596,7,153195080,1,BLINK,3.77362382655918e-11,FALSE,Zm00001eb320860,153157093,153180225,downstream,14855
A,9-128364318,9,130348703,1,FarmCPU,3.80315101224455e-11,FALSE,Zm00001eb393450,130359239,130360506,upstream,10536
Q,6-136760313,6,140726767,1,FarmCPU,3.91322600251956e-11,FALSE,Zm00001eb283470,140726615,140728344,within,0
S,5-4295321,5,4405164,1,FarmCPU,4.14045711848376e-11,FALSE,Zm00001eb212840,4385997,4387351,downstream,17813
S,5-4295321,5,4405164,1,FarmCPU,4.14045711848376e-11,FALSE,Zm00001eb212850,4389192,4390489,downstream,14675
Y,10-108062717,10,108763020,1,FarmCPU,4.16737184467645e-11,FALSE,Zm00001eb420620,108741585,108748864,downstream,14156
Total,9-128375467,9,130359852,2,BLINK+FarmCPU,4.27630958452935e-11,TRUE,Zm00001eb393450,130359239,130360506,within,0
I.Total,6-150930557,6,154856985,1,BLINK,4.31591524255644e-11,FALSE,Zm00001eb287190,154797669,154831989,downstream,24996
I.IMNTDK,9-86319311,9,88630173,1,FarmCPU,4.37137480926224e-11,FALSE,Zm00001eb385490,88643769,88657113,upstream,13596
Total_PBAA,1-80777231,1,82382090,1,BLINK,4.40126445363863e-11,FALSE,Zm00001eb021640,82369329,82370821,downstream,11269
Total_PBAA,1-80777231,1,82382090,1,BLINK,4.40126445363863e-11,FALSE,Zm00001eb021650,82375978,82377069,downstream,5021
Total_PBAA,1-80777231,1,82382090,1,BLINK,4.40126445363863e-11,FALSE,Zm00001eb021660,82377432,82377841,downstream,4249
Total_PBAA,1-80777231,1,82382090,1,BLINK,4.40126445363863e-11,FALSE,Zm00001eb021670,82379007,82381438,downstream,652
Total_PBAA,1-80777231,1,82382090,1,BLINK,4.40126445363863e-11,FALSE,Zm00001eb021700,82404649,82405664,upstream,22559
Total_PBAA,1-80777231,1,82382090,1,BLINK,4.40126445363863e-11,FALSE,Zm00001eb021690,82404649,82405736,upstream,22559
I.Total,8-109253461,8,112412901,2,BLINK+FarmCPU,4.62151753372745e-11,TRUE,Zm00001eb350170,112431866,112432111,upstream,18965
H.Total,2-159021684,2,163018934,2,BLINK+FarmCPU,4.7107382578701e-11,TRUE,Zm00001eb095060,163006674,163007135,downstream,11799
M,5-198415210,5,203665573,1,FarmCPU,5.20391236092819e-11,FALSE,Zm00001eb250550,203669121,203669990,upstream,3548
Q.EHPRQ,3-185817092,3,188691947,1,BLINK,5.34478425256348e-11,FALSE,Zm00001eb149150,188665919,188668132,downstream,23815
Q.EHPRQ,3-185817092,3,188691947,1,BLINK,5.34478425256348e-11,FALSE,Zm00001eb149160,188669580,188673247,downstream,18700
Q.EHPRQ,3-185817092,3,188691947,1,BLINK,5.34478425256348e-11,FALSE,Zm00001eb149170,188685674,188688072,downstream,3875
Q.EHPRQ,3-185817092,3,188691947,1,BLINK,5.34478425256348e-11,FALSE,Zm00001eb149180,188689346,188691656,downstream,291
Q.EHPRQ,3-185817092,3,188691947,1,BLINK,5.34478425256348e-11,FALSE,Zm00001eb149190,188691836,188692639,within,0
S.Total,8-169218044,8,174858530,1,FarmCPU,5.36942977022578e-11,FALSE,Zm00001eb367800,174862596,174863204,upstream,4066
S.Total,8-169218044,8,174858530,1,FarmCPU,5.36942977022578e-11,FALSE,Zm00001eb367810,174863903,174871438,upstream,5373
Q.EHPRQ,4-181737099,4,184645758,1,FarmCPU,5.39844424830534e-11,FALSE,Zm00001eb193860,184658855,184660464,upstream,13097
T,10-63571632,10,62836342,1,FarmCPU,5.4180829586326e-11,FALSE,Zm00001eb413570,62808911,62811640,downstream,24702
E,10-139109246,10,140336470,1,FarmCPU,5.59639940505089e-11,FALSE,Zm00001eb429090,140319909,140323371,downstream,13099
E,10-139109246,10,140336470,1,FarmCPU,5.59639940505089e-11,FALSE,Zm00001eb429100,140331534,140333573,downstream,2897
F,3-20419014,3,19831354,1,FarmCPU,5.63402327349494e-11,FALSE,Zm00001eb124780,19794268,19809842,downstream,21512
F,3-20419014,3,19831354,1,FarmCPU,5.63402327349494e-11,FALSE,Zm00001eb124790,19816426,19832549,within,0
C.Total,10-129288186,10,130414062,1,FarmCPU,5.73062268596353e-11,FALSE,Zm00001eb425750,130396652,130402454,downstream,11608
P,9-84875818,9,87202211,1,FarmCPU,5.76883427067992e-11,FALSE,Zm00001eb385320,87193664,87212196,within,0
P,9-84875818,9,87202211,1,FarmCPU,5.76883427067992e-11,FALSE,Zm00001eb385330,87212532,87213236,upstream,10321
D.IMNTDK,7-169958534,7,175508196,1,BLINK,5.78636454387332e-11,FALSE,Zm00001eb327780,175481404,175487649,downstream,20547
D.IMNTDK,7-169958534,7,175508196,1,BLINK,5.78636454387332e-11,FALSE,Zm00001eb327790,175488191,175501715,downstream,6481
N.Total,2-225020412,2,231399965,1,FarmCPU,5.8237569797015e-11,FALSE,Zm00001eb113770,231382737,231383337,downstream,16628
N.Total,2-225020412,2,231399965,1,FarmCPU,5.8237569797015e-11,FALSE,Zm00001eb113780,231385591,231390003,downstream,9962
N.Total,2-225020412,2,231399965,1,FarmCPU,5.8237569797015e-11,FALSE,Zm00001eb113790,231390342,231394053,downstream,5912
N.Total,2-225020412,2,231399965,1,FarmCPU,5.8237569797015e-11,FALSE,Zm00001eb113800,231392970,231394053,downstream,5912
G,4-206431942,4,210795982,1,FarmCPU,6.43010956691613e-11,FALSE,Zm00001eb200900,210801874,210807631,upstream,5892
C.Total,4-168122099,4,171062967,1,FarmCPU,6.44774169195906e-11,FALSE,Zm00001eb189920,171052133,171055472,downstream,7495
C.Total,4-168122099,4,171062967,1,FarmCPU,6.44774169195906e-11,FALSE,Zm00001eb189940,171075474,171080276,upstream,12507
C.Total,4-168122099,4,171062967,1,FarmCPU,6.44774169195906e-11,FALSE,Zm00001eb189950,171086377,171091065,upstream,23410
C.Total,4-168122099,4,171062967,1,FarmCPU,6.44774169195906e-11,FALSE,Zm00001eb189960,171087838,171090900,upstream,24871
IMNTDK,4-102231896,4,99787401,1,FarmCPU,6.55005666242558e-11,FALSE,Zm00001eb180820,99796093,99796643,upstream,8692
D.IMNTDK,3-138302706,3,138989228,1,FarmCPU,6.66199987630526e-11,FALSE,Zm00001eb138410,138957234,138965174,downstream,24054
G,6-136950046,6,140872819,2,BLINK+FarmCPU,6.81091987018707e-11,TRUE,Zm00001eb283520,140866155,140869877,downstream,2942
G,6-136950046,6,140872819,2,BLINK+FarmCPU,6.81091987018707e-11,TRUE,Zm00001eb283530,140882012,140885093,upstream,9193
S,8-169218044,8,174858530,1,FarmCPU,6.86276267666245e-11,FALSE,Zm00001eb367800,174862596,174863204,upstream,4066
S,8-169218044,8,174858530,1,FarmCPU,6.86276267666245e-11,FALSE,Zm00001eb367810,174863903,174871438,upstream,5373
IVL,9-151248310,9,154169056,1,FarmCPU,6.88118920007517e-11,FALSE,Zm00001eb400680,154172175,154174605,upstream,3119
IVL,9-151248310,9,154169056,1,FarmCPU,6.88118920007517e-11,FALSE,Zm00001eb400690,154178269,154178663,upstream,9213
IVL,9-151248310,9,154169056,1,FarmCPU,6.88118920007517e-11,FALSE,Zm00001eb400700,154180679,154182940,upstream,11623
IVL,9-151248310,9,154169056,1,FarmCPU,6.88118920007517e-11,FALSE,Zm00001eb400710,154182983,154184078,upstream,13927
IVL,9-151248310,9,154169056,1,FarmCPU,6.88118920007517e-11,FALSE,Zm00001eb400720,154190652,154192059,upstream,21596
Total_N,4-195599097,4,199709769,1,BLINK,6.99105965603539e-11,FALSE,Zm00001eb198260,199670751,199690179,downstream,19590
Total_N,4-195599097,4,199709769,1,BLINK,6.99105965603539e-11,FALSE,Zm00001eb198270,199689000,199689650,downstream,20119
Total_N,4-195599097,4,199709769,1,BLINK,6.99105965603539e-11,FALSE,Zm00001eb198280,199730225,199733611,upstream,20456
P,3-199906883,3,203951927,1,FarmCPU,7.07352636839186e-11,FALSE,Zm00001eb153500,203931338,203944340,downstream,7587
P,3-199906883,3,203951927,1,FarmCPU,7.07352636839186e-11,FALSE,Zm00001eb153510,203969930,203972076,upstream,18003
SGC,10-135654381,10,136484197,1,FarmCPU,7.32028446254106e-11,FALSE,Zm00001eb427750,136474073,136484185,downstream,12
N.IMNTDK,1-208635624,1,211559105,1,FarmCPU,8.10202023199592e-11,FALSE,Zm00001eb040070,211534896,211536302,downstream,22803
N.IMNTDK,1-208635624,1,211559105,1,FarmCPU,8.10202023199592e-11,FALSE,Zm00001eb040080,211579996,211582268,upstream,20891
I.Total,10-52953709,10,53710779,1,BLINK,8.11463458225693e-11,FALSE,Zm00001eb412730,53697915,53700282,downstream,10497
I.Total,10-52953709,10,53710779,1,BLINK,8.11463458225693e-11,FALSE,Zm00001eb412740,53705109,53706838,downstream,3941
Q.EHPRQ,7-156711543,7,162095834,1,BLINK,8.30666971079047e-11,FALSE,Zm00001eb322640,162083434,162083748,downstream,12086
Q.EHPRQ,7-156711543,7,162095834,1,BLINK,8.30666971079047e-11,FALSE,Zm00001eb322650,162109319,162112034,upstream,13485
D.IMNTDK,2-213143558,2,219294762,1,FarmCPU,8.35621320130071e-11,FALSE,Zm00001eb109730,219273310,219276732,downstream,18030
D.IMNTDK,2-213143558,2,219294762,1,FarmCPU,8.35621320130071e-11,FALSE,Zm00001eb109740,219279692,219281313,downstream,13449
D.IMNTDK,2-213143558,2,219294762,1,FarmCPU,8.35621320130071e-11,FALSE,Zm00001eb109750,219281730,219283212,downstream,11550
D.IMNTDK,2-213143558,2,219294762,1,FarmCPU,8.35621320130071e-11,FALSE,Zm00001eb109760,219305568,219306757,upstream,10806
D.IMNTDK,2-213143558,2,219294762,1,FarmCPU,8.35621320130071e-11,FALSE,Zm00001eb109770,219308579,219319038,upstream,13817
SGC,6-136886492,6,140810419,1,FarmCPU,8.39170657259029e-11,FALSE,Zm00001eb283500,140793522,140794322,downstream,16097
SGC,6-136886492,6,140810419,1,FarmCPU,8.39170657259029e-11,FALSE,Zm00001eb283510,140800696,140805442,downstream,4977
L,2-19982907,2,20630274,1,FarmCPU,8.4768759149958e-11,FALSE,Zm00001eb074470,20624227,20624817,downstream,5457
L,2-19982907,2,20630274,1,FarmCPU,8.4768759149958e-11,FALSE,Zm00001eb074480,20628874,20629275,downstream,999
Total_N,2-12265904,2,12556730,1,BLINK,8.76482851307514e-11,FALSE,Zm00001eb071760,12535897,12539632,downstream,17098
Total_N,2-12265904,2,12556730,1,BLINK,8.76482851307514e-11,FALSE,Zm00001eb071770,12579332,12583193,upstream,22602
M,10-3173429,10,2755050,1,BLINK,8.89175211485899e-11,FALSE,Zm00001eb405800,2729678,2733983,downstream,21067
M,10-3173429,10,2755050,1,BLINK,8.89175211485899e-11,FALSE,Zm00001eb405820,2735922,2738625,downstream,16425
N.IMNTDK,6-148919140,6,152787008,1,BLINK,9.05704269865112e-11,FALSE,Zm00001eb286560,152778187,152779178,downstream,7830
N.IMNTDK,6-148919140,6,152787008,1,BLINK,9.05704269865112e-11,FALSE,Zm00001eb286570,152786353,152795277,within,0
N.IMNTDK,6-148919140,6,152787008,1,BLINK,9.05704269865112e-11,FALSE,Zm00001eb286580,152799345,152799707,upstream,12337
WFY,1-229772599,1,233235639,1,FarmCPU,9.41639412633093e-11,FALSE,Zm00001eb044710,233240834,233264806,upstream,5195
W,7-47593222,7,49125132,1,FarmCPU,9.46045810240871e-11,FALSE,Zm00001eb307070,49104779,49117584,downstream,7548
S.Total,5-82461642,5,84612537,1,FarmCPU,9.64529955625398e-11,FALSE,Zm00001eb232740,84619880,84621221,upstream,7343
K,4-57997959,4,60306594,1,FarmCPU,9.66495686007271e-11,FALSE,Zm00001eb176690,60330942,60332550,upstream,24348
K,4-57997959,4,60306594,1,FarmCPU,9.66495686007271e-11,FALSE,Zm00001eb176700,60331273,60332606,upstream,24679
S.Total,8-131541312,8,135969669,1,FarmCPU,9.8751620032175e-11,FALSE,Zm00001eb355310,135947336,135948277,downstream,21392
S.Total,8-131541312,8,135969669,1,FarmCPU,9.8751620032175e-11,FALSE,Zm00001eb355320,135956397,135957946,downstream,11723
I.IVL,1-288055065,1,293194103,1,BLINK,1.01465333378619e-10,FALSE,Zm00001eb060220,293170420,293178920,downstream,15183
I.IVL,1-288055065,1,293194103,1,BLINK,1.01465333378619e-10,FALSE,Zm00001eb060230,293213234,293215239,upstream,19131
G.SGC,1-182931196,1,184927259,1,BLINK,1.0256030674784e-10,FALSE,Zm00001eb033220,184902985,184907230,downstream,20029
G.SGC,1-182931196,1,184927259,1,BLINK,1.0256030674784e-10,FALSE,Zm00001eb033230,184915089,184926106,downstream,1153
I,1-299061209,1,304523681,1,FarmCPU,1.06209857117123e-10,FALSE,Zm00001eb064310,304543405,304562779,upstream,19724
A,6-164482582,6,168442286,1,FarmCPU,1.07134894967524e-10,FALSE,Zm00001eb292060,168430580,168436225,downstream,6061
A,6-164482582,6,168442286,1,FarmCPU,1.07134894967524e-10,FALSE,Zm00001eb292070,168440608,168442696,within,0
I.IMNTDK,4-83948717,4,87103862,1,FarmCPU,1.07484585929541e-10,FALSE,Zm00001eb179770,87094458,87097212,downstream,6650
I.IMNTDK,4-83948717,4,87103862,1,FarmCPU,1.07484585929541e-10,FALSE,Zm00001eb179780,87112506,87118615,upstream,8644
IMNTDK,3-177180277,3,179890671,1,FarmCPU,1.07856239818392e-10,FALSE,Zm00001eb146530,179834909,179877071,downstream,13600
IMNTDK,3-177180277,3,179890671,1,FarmCPU,1.07856239818392e-10,FALSE,Zm00001eb146550,179885820,179931186,within,0
Y,1-8569218,1,8612774,1,FarmCPU,1.13394055924544e-10,FALSE,Zm00001eb003180,8597480,8600656,downstream,12118
Y,1-8569218,1,8612774,1,FarmCPU,1.13394055924544e-10,FALSE,Zm00001eb003190,8602409,8607605,downstream,5169
Y,1-8569218,1,8612774,1,FarmCPU,1.13394055924544e-10,FALSE,Zm00001eb003200,8611599,8612643,downstream,131
Y,1-8569218,1,8612774,1,FarmCPU,1.13394055924544e-10,FALSE,Zm00001eb003210,8613269,8616306,upstream,495
Y,1-8569218,1,8612774,1,FarmCPU,1.13394055924544e-10,FALSE,Zm00001eb003220,8636709,8638722,upstream,23935
Y,1-8569218,1,8612774,1,FarmCPU,1.13394055924544e-10,FALSE,Zm00001eb003230,8636709,8642534,upstream,23935
Total,5-91628660,5,93936266,1,FarmCPU,1.1417389073045e-10,FALSE,Zm00001eb234050,93913297,93920887,downstream,15379
Total,5-91628660,5,93936266,1,FarmCPU,1.1417389073045e-10,FALSE,Zm00001eb234060,93920985,93938233,within,0
C.SGC,9-48623727,9,49600027,1,BLINK,1.15042540114848e-10,FALSE,Zm00001eb382010,49601252,49602307,upstream,1225
W,2-35951223,2,36825719,1,FarmCPU,1.16139172237248e-10,FALSE,Zm00001eb078980,36799200,36801487,downstream,24232
W,2-35951223,2,36825719,1,FarmCPU,1.16139172237248e-10,FALSE,Zm00001eb078990,36805269,36809791,downstream,15928
W,2-35951223,2,36825719,1,FarmCPU,1.16139172237248e-10,FALSE,Zm00001eb079000,36846986,36848996,upstream,21267
H,10-15920254,10,16131370,1,FarmCPU,1.18296242216466e-10,FALSE,Zm00001eb409130,16131493,16131942,upstream,123
H,10-15920254,10,16131370,1,FarmCPU,1.18296242216466e-10,FALSE,Zm00001eb409140,16136720,16137599,upstream,5350
H,10-15920254,10,16131370,1,FarmCPU,1.18296242216466e-10,FALSE,Zm00001eb409150,16136975,16138137,upstream,5605
H,10-15920254,10,16131370,1,FarmCPU,1.18296242216466e-10,FALSE,Zm00001eb409160,16141587,16142027,upstream,10217
IVL,6-136874897,6,140798825,1,FarmCPU,1.18329892707797e-10,FALSE,Zm00001eb283480,140782986,140783757,downstream,15068
IVL,6-136874897,6,140798825,1,FarmCPU,1.18329892707797e-10,FALSE,Zm00001eb283490,140783161,140783735,downstream,15090
IVL,6-136874897,6,140798825,1,FarmCPU,1.18329892707797e-10,FALSE,Zm00001eb283500,140793522,140794322,downstream,4503
IVL,6-136874897,6,140798825,1,FarmCPU,1.18329892707797e-10,FALSE,Zm00001eb283510,140800696,140805442,upstream,1871
N.Total,10-136042190,10,137223923,2,BLINK+FarmCPU,1.1939390240652e-10,TRUE,Zm00001eb427960,137214761,137217464,downstream,6459
N.Total,10-136042190,10,137223923,2,BLINK+FarmCPU,1.1939390240652e-10,TRUE,Zm00001eb427970,137229874,137233357,upstream,5951
LAV,3-19934463,3,19337556,1,FarmCPU,1.19560298183343e-10,FALSE,Zm00001eb124710,19293205,19321779,downstream,15777
L,8-91703197,8,93989476,1,FarmCPU,1.21587824506589e-10,FALSE,Zm00001eb347270,93971937,93973295,downstream,16181
F,1-161697699,1,163162213,1,FarmCPU,1.30058315115413e-10,FALSE,Zm00001eb029780,163142950,163144540,downstream,17673
F.WFY,1-37711744,1,38090841,1,BLINK,1.30221322190021e-10,FALSE,Zm00001eb011650,38093067,38097138,upstream,2226
F.WFY,1-37711744,1,38090841,1,BLINK,1.30221322190021e-10,FALSE,Zm00001eb011670,38097914,38103575,upstream,7073
N,8-99390163,8,101870095,1,BLINK,1.30726284488885e-10,FALSE,Zm00001eb348410,101871652,101872012,upstream,1557
L.IVL,2-211875690,2,218018813,1,BLINK,1.32012637414131e-10,FALSE,Zm00001eb109180,217993093,217995851,downstream,22962
L.IVL,2-211875690,2,218018813,1,BLINK,1.32012637414131e-10,FALSE,Zm00001eb109190,217998376,218000989,downstream,17824
L.IVL,2-211875690,2,218018813,1,BLINK,1.32012637414131e-10,FALSE,Zm00001eb109200,218027673,218028422,upstream,8860
L.IVL,2-211875690,2,218018813,1,BLINK,1.32012637414131e-10,FALSE,Zm00001eb109210,218034556,218035396,upstream,15743
L.IVL,2-211875690,2,218018813,1,BLINK,1.32012637414131e-10,FALSE,Zm00001eb109220,218035474,218036212,upstream,16661
L.IVL,2-211875690,2,218018813,1,BLINK,1.32012637414131e-10,FALSE,Zm00001eb109230,218036749,218037605,upstream,17936
T,6-165002925,6,168948438,1,FarmCPU,1.45148446454909e-10,FALSE,Zm00001eb292250,168934774,168948504,within,0
T,6-165002925,6,168948438,1,FarmCPU,1.45148446454909e-10,FALSE,Zm00001eb292260,168951176,168953326,upstream,2738
T,6-165002925,6,168948438,1,FarmCPU,1.45148446454909e-10,FALSE,Zm00001eb292270,168956158,168960115,upstream,7720
T.IMNTDK,9-120182116,9,121680524,1,BLINK,1.45578321523501e-10,FALSE,Zm00001eb391370,121699723,121701244,upstream,19199
A,3-149595996,3,150857975,1,FarmCPU,1.65584785069917e-10,FALSE,Zm00001eb140880,150870964,150871771,upstream,12989
I,5-203836062,5,209225233,1,BLINK,1.67200169086803e-10,FALSE,Zm00001eb252160,209204832,209206116,downstream,19117
I.Total,8-133672730,8,138071409,1,BLINK,1.74955973219878e-10,FALSE,Zm00001eb356010,138057363,138058868,downstream,12541
I.Total,8-133672730,8,138071409,1,BLINK,1.74955973219878e-10,FALSE,Zm00001eb356040,138078117,138080971,upstream,6708
I.Total,8-133672730,8,138071409,1,BLINK,1.74955973219878e-10,FALSE,Zm00001eb356050,138088298,138099096,upstream,16889
I.Total,8-133672730,8,138071409,1,BLINK,1.74955973219878e-10,FALSE,Zm00001eb356060,138096047,138096667,upstream,24638
W,3-134034027,3,134676623,1,FarmCPU,1.82667704326777e-10,FALSE,Zm00001eb137620,134644970,134663218,downstream,13405
W,3-134034027,3,134676623,1,FarmCPU,1.82667704326777e-10,FALSE,Zm00001eb137660,134657341,134658283,downstream,18340
W,3-134034027,3,134676623,1,FarmCPU,1.82667704326777e-10,FALSE,Zm00001eb137670,134661154,134662302,downstream,14321
W,3-134034027,3,134676623,1,FarmCPU,1.82667704326777e-10,FALSE,Zm00001eb137680,134664632,134688431,within,0
H,3-57093830,3,57054130,1,FarmCPU,1.84351771362798e-10,FALSE,Zm00001eb130540,57032582,57033331,downstream,20799
L.LAV,4-79224077,4,82052884,1,BLINK,1.85346217645256e-10,FALSE,Zm00001eb179130,82039462,82045352,downstream,7532
L.LAV,4-79224077,4,82052884,1,BLINK,1.85346217645256e-10,FALSE,Zm00001eb179140,82075313,82121098,upstream,22429
Total,5-147010140,5,150419645,1,FarmCPU,1.87999771162295e-10,FALSE,Zm00001eb239060,150412297,150412707,downstream,6938
V,1-265467716,1,270204928,1,FarmCPU,1.9439527783607e-10,FALSE,Zm00001eb053840,270219259,270221485,upstream,14331
IMNTDK,7-33243502,7,34482872,1,FarmCPU,1.95161874386091e-10,FALSE,Zm00001eb305680,34495060,34503742,upstream,12188
E,1-2656454,1,2747408,1,BLINK,2.03675165980359e-10,FALSE,Zm00001eb000640,2737442,2740118,downstream,7290
E,1-2656454,1,2747408,1,BLINK,2.03675165980359e-10,FALSE,Zm00001eb000650,2765072,2771704,upstream,17664
E,1-2656454,1,2747408,1,BLINK,2.03675165980359e-10,FALSE,Zm00001eb000660,2772158,2773573,upstream,24750
I.LAV,10-130256108,10,131424393,1,BLINK,2.0427579024336e-10,FALSE,Zm00001eb426070,131404056,131410296,downstream,14097
N.D,4-202404155,4,206537967,1,FarmCPU,2.0453978771235e-10,FALSE,Zm00001eb200050,206500870,206516423,downstream,21544
N.D,4-202404155,4,206537967,1,FarmCPU,2.0453978771235e-10,FALSE,Zm00001eb200060,206546636,206550523,upstream,8669
K.IMNTDK,3-100270156,6,96166828,1,BLINK,2.11071252496512e-10,FALSE,Zm00001eb272910,96159886,96161525,downstream,5303
L,9-150237543,9,153106373,1,FarmCPU,2.1831995144308e-10,FALSE,Zm00001eb400140,153080135,153082658,downstream,23715
L,9-150237543,9,153106373,1,FarmCPU,2.1831995144308e-10,FALSE,Zm00001eb400150,153112663,153115186,upstream,6290
V.IVL,8-144727753,8,149503926,1,BLINK,2.20654153334423e-10,FALSE,Zm00001eb358800,149483539,149485858,downstream,18068
V.IVL,8-144727753,8,149503926,1,BLINK,2.20654153334423e-10,FALSE,Zm00001eb358810,149515413,149515781,upstream,11487
V.IVL,8-144727753,8,149503926,1,BLINK,2.20654153334423e-10,FALSE,Zm00001eb358820,149520512,149521742,upstream,16586
V.IVL,8-144727753,8,149503926,1,BLINK,2.20654153334423e-10,FALSE,Zm00001eb358830,149523023,149524487,upstream,19097
W.Total,5-206978748,5,212586390,1,BLINK,2.23684512886377e-10,FALSE,Zm00001eb253350,212575059,212580709,downstream,5681
W.Total,5-206978748,5,212586390,1,BLINK,2.23684512886377e-10,FALSE,Zm00001eb253360,212590545,212591298,upstream,4155
W.Total,5-206978748,5,212586390,1,BLINK,2.23684512886377e-10,FALSE,Zm00001eb253370,212606440,212607463,upstream,20050
N.Total,3-148477360,3,149748802,1,FarmCPU,2.23752185909938e-10,FALSE,Zm00001eb140620,149741549,149743965,downstream,4837
D.IMNTDK,1-117188466,1,118904158,1,FarmCPU,2.26391974144378e-10,FALSE,Zm00001eb026300,118834678,118886069,downstream,18089
D.IMNTDK,1-117188466,1,118904158,1,FarmCPU,2.26391974144378e-10,FALSE,Zm00001eb026310,118884064,118884763,downstream,19395
E,5-135046921,5,138298407,1,BLINK,2.26813402182888e-10,FALSE,Zm00001eb237480,138305231,138310643,upstream,6824
E,5-135046921,5,138298407,1,BLINK,2.26813402182888e-10,FALSE,Zm00001eb237490,138314129,138317922,upstream,15722
S,7-156782984,7,162164203,1,FarmCPU,2.27580344390098e-10,FALSE,Zm00001eb322660,162177632,162178621,upstream,13429
S,7-156782984,7,162164203,1,FarmCPU,2.27580344390098e-10,FALSE,Zm00001eb322670,162185107,162185811,upstream,20904
R.Total,8-87265183,8,89549298,1,BLINK,2.33747303244521e-10,FALSE,Zm00001eb346720,89553728,89554009,upstream,4430
R.Total,8-87265183,8,89549298,1,BLINK,2.33747303244521e-10,FALSE,Zm00001eb346740,89557364,89565221,upstream,8066
R.Total,8-87265183,8,89549298,1,BLINK,2.33747303244521e-10,FALSE,Zm00001eb346750,89567205,89591241,upstream,17907
M.Total,5-216465957,5,222329203,1,BLINK,2.36023728124066e-10,FALSE,Zm00001eb257910,222310139,222315127,downstream,14076
M.Total,5-216465957,5,222329203,1,BLINK,2.36023728124066e-10,FALSE,Zm00001eb257920,222321057,222323423,downstream,5780
M.Total,5-216465957,5,222329203,1,BLINK,2.36023728124066e-10,FALSE,Zm00001eb257930,222350434,222353154,upstream,21231
S.Total,1-154143819,1,156006766,2,BLINK+FarmCPU,2.38880861218856e-10,TRUE,Zm00001eb029060,156003811,156006415,downstream,351
D.IMNTDK,4-192254913,4,196251470,1,FarmCPU,2.56046829666655e-10,FALSE,Zm00001eb197430,196233587,196234314,downstream,17156
F,4-44799092,4,46618514,1,FarmCPU,2.56361852314545e-10,FALSE,Zm00001eb175140,46584268,46595970,downstream,22544
SGC,2-237250369,2,240624902,1,FarmCPU,2.57863931412362e-10,FALSE,Zm00001eb117400,240630168,240639757,upstream,5266
SGC,2-237250369,2,240624902,1,FarmCPU,2.57863931412362e-10,FALSE,Zm00001eb117410,240633357,240634237,upstream,8455
SGC,2-237250369,2,240624902,1,FarmCPU,2.57863931412362e-10,FALSE,Zm00001eb117420,240640639,240641811,upstream,15737
SGC,2-237250369,2,240624902,1,FarmCPU,2.57863931412362e-10,FALSE,Zm00001eb117430,240641943,240645242,upstream,17041
D.IMNTDK,4-237423189,4,242132522,1,FarmCPU,2.70837890261986e-10,FALSE,Zm00001eb206040,242141186,242145267,upstream,8664
D.IMNTDK,4-237423189,4,242132522,1,FarmCPU,2.70837890261986e-10,FALSE,Zm00001eb206050,242150571,242185074,upstream,18049
Y.WFY,2-213560394,2,219693599,1,BLINK,2.71777325829267e-10,FALSE,Zm00001eb109920,219687147,219689761,downstream,3838
Y.WFY,2-213560394,2,219693599,1,BLINK,2.71777325829267e-10,FALSE,Zm00001eb109930,219690605,219691171,downstream,2428
Y.WFY,2-213560394,2,219693599,1,BLINK,2.71777325829267e-10,FALSE,Zm00001eb109950,219711682,219712660,upstream,18083
D.EHPRQ,5-84748366,5,86944176,1,FarmCPU,2.78016302163973e-10,FALSE,Zm00001eb233090,86940953,86943766,downstream,410
D.EHPRQ,5-84748366,5,86944176,1,FarmCPU,2.78016302163973e-10,FALSE,Zm00001eb233100,86945419,86951000,upstream,1243
N.E,6-46534833,6,48069069,1,FarmCPU,2.96144629755047e-10,FALSE,Zm00001eb267150,48077540,48078323,upstream,8471
N.E,6-46534833,6,48069069,1,FarmCPU,2.96144629755047e-10,FALSE,Zm00001eb267160,48079096,48080670,upstream,10027
N.E,6-46534833,6,48069069,1,FarmCPU,2.96144629755047e-10,FALSE,Zm00001eb267170,48080704,48081012,upstream,11635
W.Total,9-142706664,9,145065471,1,BLINK,3.00517141977892e-10,FALSE,Zm00001eb397430,145054538,145062723,downstream,2748
W.Total,9-142706664,9,145065471,1,BLINK,3.00517141977892e-10,FALSE,Zm00001eb397440,145063866,145065920,within,0
WFY,1-45283564,1,45449013,1,FarmCPU,3.04153865962081e-10,FALSE,Zm00001eb013540,45450560,45453882,upstream,1547
WFY,1-45283564,1,45449013,1,FarmCPU,3.04153865962081e-10,FALSE,Zm00001eb013550,45455315,45482323,upstream,6302
D.IMNTDK,6-109339521,6,113840506,2,BLINK+FarmCPU,3.05110616606357e-10,TRUE,Zm00001eb277110,113822769,113844705,within,0
D.IMNTDK,6-109339521,6,113840506,2,BLINK+FarmCPU,3.05110616606357e-10,TRUE,Zm00001eb277130,113850492,113852776,upstream,9986
D.IMNTDK,6-109339521,6,113840506,2,BLINK+FarmCPU,3.05110616606357e-10,TRUE,Zm00001eb277140,113861423,113862944,upstream,20917
D.IMNTDK,6-109339521,6,113840506,2,BLINK+FarmCPU,3.05110616606357e-10,TRUE,Zm00001eb277150,113864155,113888062,upstream,23649
D.IMNTDK,6-109339521,6,113840506,2,BLINK+FarmCPU,3.05110616606357e-10,TRUE,Zm00001eb277160,113864229,113893982,upstream,23723
N.E,6-68111008,6,70878267,1,FarmCPU,3.10948342083183e-10,FALSE,Zm00001eb269220,70861477,70862531,downstream,15736
N.E,6-68111008,6,70878267,1,FarmCPU,3.10948342083183e-10,FALSE,Zm00001eb269230,70874340,70876174,downstream,2093
G.SGC,8-148613955,8,153567425,1,BLINK,3.12700393898724e-10,FALSE,Zm00001eb359870,153545328,153550962,downstream,16463
G.SGC,8-148613955,8,153567425,1,BLINK,3.12700393898724e-10,FALSE,Zm00001eb359880,153565861,153566222,downstream,1203
G.SGC,8-148613955,8,153567425,1,BLINK,3.12700393898724e-10,FALSE,Zm00001eb359890,153566629,153567032,downstream,393
EHPRQ,3-2141542,3,1465462,1,FarmCPU,3.22615171367943e-10,FALSE,Zm00001eb118850,1460473,1465590,within,0
EHPRQ,3-2141542,3,1465462,1,FarmCPU,3.22615171367943e-10,FALSE,Zm00001eb118860,1465358,1466516,within,0
SGC,7-161990240,7,167426018,1,FarmCPU,3.23594680197454e-10,FALSE,Zm00001eb324580,167420165,167428010,within,0
SGC,7-161990240,7,167426018,1,FarmCPU,3.23594680197454e-10,FALSE,Zm00001eb324590,167428635,167438876,upstream,2617
SGC,7-161990240,7,167426018,1,FarmCPU,3.23594680197454e-10,FALSE,Zm00001eb324600,167440164,167442497,upstream,14146
K,4-224148666,4,227991859,1,FarmCPU,3.23683447080357e-10,FALSE,Zm00001eb203410,228009926,228010936,upstream,18067
N.D,2-105774561,2,108104072,1,FarmCPU,3.2831336257486e-10,FALSE,Zm00001eb088270,108083829,108087576,downstream,16496
D.EHPRQ,5-9663930,5,10010988,1,BLINK,3.32015032274746e-10,FALSE,Zm00001eb215700,9991095,9992055,downstream,18933
D.EHPRQ,5-9663930,5,10010988,1,BLINK,3.32015032274746e-10,FALSE,Zm00001eb215710,9999369,10002552,downstream,8436
N,5-200163858,5,205469118,1,FarmCPU,3.32263090535814e-10,FALSE,Zm00001eb250890,205442307,205444253,downstream,24865
N.Total,6-127515373,6,131302573,1,FarmCPU,3.35926780967287e-10,FALSE,Zm00001eb281090,131290916,131293241,downstream,9332
V,9-11397489,9,10727973,1,FarmCPU,3.42374305004424e-10,FALSE,Zm00001eb373570,10734732,10735300,upstream,6759
I.LAV,5-210775023,5,216582750,1,BLINK,3.51497734351591e-10,FALSE,Zm00001eb255230,216599593,216600690,upstream,16843
I.LAV,5-210775023,5,216582750,1,BLINK,3.51497734351591e-10,FALSE,Zm00001eb255240,216600840,216604080,upstream,18090
I.LAV,5-210775023,5,216582750,1,BLINK,3.51497734351591e-10,FALSE,Zm00001eb255250,216604589,216608940,upstream,21839
N.E,1-201859974,1,204325608,1,FarmCPU,3.5820263788603e-10,FALSE,Zm00001eb038210,204344762,204350377,upstream,19154
A.Total,9-149145519,9,151987324,1,BLINK,3.58869652302246e-10,FALSE,Zm00001eb399780,151977482,151986114,downstream,1210
A.Total,9-149145519,9,151987324,1,BLINK,3.58869652302246e-10,FALSE,Zm00001eb399800,151987797,151992962,upstream,473
L,1-204110070,1,206928513,1,FarmCPU,3.62691565924658e-10,FALSE,Zm00001eb038730,206928381,206930810,within,0
L,1-204110070,1,206928513,1,FarmCPU,3.62691565924658e-10,FALSE,Zm00001eb038740,206928877,206930670,upstream,364
L,9-15611463,9,15343947,1,BLINK,3.71855904772066e-10,FALSE,Zm00001eb374840,15328289,15331981,downstream,11966
T.Total,7-100272797,7,103382275,2,BLINK+FarmCPU,3.7641179721466e-10,TRUE,Zm00001eb311020,103406551,103413101,upstream,24276
L,9-76624756,9,78681803,1,FarmCPU,3.86434068579545e-10,FALSE,Zm00001eb384580,78685764,78690140,upstream,3961
L,5-137811532,5,141104507,1,FarmCPU,4.00922735330409e-10,FALSE,Zm00001eb237820,141090966,141093089,downstream,11418
L,5-137811532,5,141104507,1,FarmCPU,4.00922735330409e-10,FALSE,Zm00001eb237830,141097158,141098168,downstream,6339
M,5-15822899,5,16359659,1,FarmCPU,4.08797970899822e-10,FALSE,Zm00001eb218380,16365645,16368047,upstream,5986
M,5-15822899,5,16359659,1,FarmCPU,4.08797970899822e-10,FALSE,Zm00001eb218390,16368664,16374413,upstream,9005
SGC,9-93667885,9,96087965,1,FarmCPU,4.15299914616201e-10,FALSE,Zm00001eb386440,96088780,96090931,upstream,815
SGC,9-93667885,9,96087965,1,FarmCPU,4.15299914616201e-10,FALSE,Zm00001eb386450,96090984,96097630,upstream,3019
SGC,9-93667885,9,96087965,1,FarmCPU,4.15299914616201e-10,FALSE,Zm00001eb386460,96091965,96093519,upstream,4000
G.SGC,4-29980208,4,31493044,1,BLINK,4.20285641845129e-10,FALSE,Zm00001eb171820,31493990,31497236,upstream,946
C.Total,2-219860853,2,225946113,1,FarmCPU,4.2144894474482e-10,FALSE,Zm00001eb112220,225957053,225986725,upstream,10940
G,7-132520632,7,136572589,1,FarmCPU,4.25494664986939e-10,FALSE,Zm00001eb316300,136575819,136579093,upstream,3230
P,6-114955927,6,118708477,1,FarmCPU,4.3317115319909e-10,FALSE,Zm00001eb278360,118703807,118713062,within,0
P,6-114955927,6,118708477,1,FarmCPU,4.3317115319909e-10,FALSE,Zm00001eb278370,118712386,118714507,upstream,3909
Total_N,7-97612881,7,100626324,1,BLINK,4.37028319690156e-10,FALSE,Zm00001eb310730,100641326,100649743,upstream,15002
P,5-213155902,5,218941276,1,FarmCPU,4.37054561953605e-10,FALSE,Zm00001eb256170,218942005,218958762,upstream,729
N,4-17025144,4,18142838,1,FarmCPU,4.39189842408593e-10,FALSE,Zm00001eb169200,18124364,18132454,downstream,10384
S.SGC,1-164967324,1,166623991,1,BLINK,4.57507572142266e-10,FALSE,Zm00001eb030310,166612094,166613746,downstream,10245
S.SGC,1-164967324,1,166623991,1,BLINK,4.57507572142266e-10,FALSE,Zm00001eb030320,166616451,166619630,downstream,4361
F.WFY,2-104256970,2,106607065,1,BLINK,4.67470086572181e-10,FALSE,Zm00001eb088110,106586859,106587278,downstream,19787
W,5-88521100,5,90750213,1,FarmCPU,4.80554663388099e-10,FALSE,Zm00001eb233650,90721578,90727950,downstream,22263
N.IMNTDK,9-151564381,9,154471776,1,FarmCPU,4.92343988091276e-10,FALSE,Zm00001eb400820,154452497,154504516,within,0
IMNTDK,9-11581459,9,10988746,1,FarmCPU,4.94507224025878e-10,FALSE,Zm00001eb373620,10970341,10971382,downstream,17364
IMNTDK,9-11581459,9,10988746,1,FarmCPU,4.94507224025878e-10,FALSE,Zm00001eb373630,10986360,10996621,within,0
IMNTDK,9-11581459,9,10988746,1,FarmCPU,4.94507224025878e-10,FALSE,Zm00001eb373640,10998984,11000960,upstream,10238
Q.EHPRQ,1-190635022,1,192799795,1,BLINK,5.01168137899659e-10,FALSE,Zm00001eb035070,192793335,192793954,downstream,5841
C.SGC,1-281932158,1,286978515,1,BLINK,5.02550217681681e-10,FALSE,Zm00001eb058420,286991326,286991668,upstream,12811
C.SGC,1-281932158,1,286978515,1,BLINK,5.02550217681681e-10,FALSE,Zm00001eb058440,286997997,286999931,upstream,19482
C.SGC,1-281932158,1,286978515,1,BLINK,5.02550217681681e-10,FALSE,Zm00001eb058450,287001058,287014028,upstream,22543
IVL,4-7067361,4,7868689,1,FarmCPU,5.03486979574306e-10,FALSE,Zm00001eb167350,7858349,7865715,downstream,2974
IVL,4-7067361,4,7868689,1,FarmCPU,5.03486979574306e-10,FALSE,Zm00001eb167360,7872387,7878174,upstream,3698
Y,3-134036503,3,134679099,1,FarmCPU,5.11859081470583e-10,FALSE,Zm00001eb137620,134644970,134663218,downstream,15881
Y,3-134036503,3,134679099,1,FarmCPU,5.11859081470583e-10,FALSE,Zm00001eb137660,134657341,134658283,downstream,20816
Y,3-134036503,3,134679099,1,FarmCPU,5.11859081470583e-10,FALSE,Zm00001eb137670,134661154,134662302,downstream,16797
Y,3-134036503,3,134679099,1,FarmCPU,5.11859081470583e-10,FALSE,Zm00001eb137680,134664632,134688431,within,0
F,7-156249988,7,161605605,1,FarmCPU,5.12854917193501e-10,FALSE,Zm00001eb322510,161584577,161591791,downstream,13814
F,8-17397128,8,17945285,1,FarmCPU,5.18753792511221e-10,FALSE,Zm00001eb336740,17917924,17925128,downstream,20157
F,8-17397128,8,17945285,1,FarmCPU,5.18753792511221e-10,FALSE,Zm00001eb336750,17927251,17930863,downstream,14422
F,8-17397128,8,17945285,1,FarmCPU,5.18753792511221e-10,FALSE,Zm00001eb336760,17935993,17940644,downstream,4641
F,8-17397128,8,17945285,1,FarmCPU,5.18753792511221e-10,FALSE,Zm00001eb336780,17960544,17965917,upstream,15259
F,8-17397128,8,17945285,1,FarmCPU,5.18753792511221e-10,FALSE,Zm00001eb336790,17967501,17968729,upstream,22216
F,8-17397128,8,17945285,1,FarmCPU,5.18753792511221e-10,FALSE,Zm00001eb336800,17969145,17973549,upstream,23860
A,7-132672856,7,136733805,1,FarmCPU,5.23876757026237e-10,FALSE,Zm00001eb316320,136708666,136710582,downstream,23223
A,7-132672856,7,136733805,1,FarmCPU,5.23876757026237e-10,FALSE,Zm00001eb316330,136719336,136724408,downstream,9397
N.E,4-3022045,4,3585484,1,BLINK,5.26289486065206e-10,FALSE,Zm00001eb165420,3610401,3621644,upstream,24917
F.WFY,8-149683450,8,154711529,1,BLINK,5.26535594336902e-10,FALSE,Zm00001eb360300,154700167,154701473,downstream,10056
F.WFY,8-149683450,8,154711529,1,BLINK,5.26535594336902e-10,FALSE,Zm00001eb360310,154706536,154707539,downstream,3990
F.WFY,8-149683450,8,154711529,1,BLINK,5.26535594336902e-10,FALSE,Zm00001eb360320,154709023,154743015,within,0
M.Total,3-4714935,3,3983974,1,BLINK,5.26688421405142e-10,FALSE,Zm00001eb120200,3962554,3965979,downstream,17995
M.Total,3-4714935,3,3983974,1,BLINK,5.26688421405142e-10,FALSE,Zm00001eb120220,3989096,3991663,upstream,5122
M.Total,3-4714935,3,3983974,1,BLINK,5.26688421405142e-10,FALSE,Zm00001eb120230,3991498,3992944,upstream,7524
M.Total,3-4714935,3,3983974,1,BLINK,5.26688421405142e-10,FALSE,Zm00001eb120240,3999329,4001824,upstream,15355
S,8-80349920,8,82427188,1,FarmCPU,5.33560306206104e-10,FALSE,Zm00001eb345840,82407900,82412769,downstream,14419
S,8-80349920,8,82427188,1,FarmCPU,5.33560306206104e-10,FALSE,Zm00001eb345850,82410624,82411327,downstream,15861
N.IMNTDK,1-109783930,1,112273313,1,FarmCPU,5.36263320491922e-10,FALSE,Zm00001eb025700,112251880,112254210,downstream,19103
D,5-214760571,5,220584015,1,FarmCPU,5.39381295010596e-10,FALSE,Zm00001eb257060,220558501,220562799,downstream,21216
D,5-214760571,5,220584015,1,FarmCPU,5.39381295010596e-10,FALSE,Zm00001eb257070,220563217,220583722,downstream,293
D,5-214760571,5,220584015,1,FarmCPU,5.39381295010596e-10,FALSE,Zm00001eb257080,220587532,220591635,upstream,3517
D,5-214760571,5,220584015,1,FarmCPU,5.39381295010596e-10,FALSE,Zm00001eb257100,220593928,220594436,upstream,9913
N.D,9-144563448,9,147126254,1,FarmCPU,5.42258719466305e-10,FALSE,Zm00001eb398120,147106483,147115346,downstream,10908
L,5-213633756,5,219464387,1,FarmCPU,5.49340543581806e-10,FALSE,Zm00001eb256400,219434616,219444330,downstream,20057
N.Total,7-141043111,7,145762580,1,FarmCPU,5.56648632163194e-10,FALSE,Zm00001eb318500,145753065,145754469,downstream,8111
E.Total,9-140308916,9,142699240,1,BLINK,5.56916623282031e-10,FALSE,Zm00001eb396490,142700397,142705748,upstream,1157
M.IMNTDK,4-86165408,4,89503624,1,BLINK,5.57935320039181e-10,FALSE,Zm00001eb180040,89490410,89491366,downstream,12258
M.IMNTDK,4-86165408,4,89503624,1,BLINK,5.57935320039181e-10,FALSE,Zm00001eb180050,89491463,89491768,downstream,11856
Total,1-206600698,1,209384644,1,FarmCPU,5.66375437175437e-10,FALSE,Zm00001eb039400,209405791,209409575,upstream,21147
I.IMNTDK,7-165941748,7,171503964,1,BLINK,5.719222323068e-10,FALSE,Zm00001eb326360,171477458,171506834,within,0
I.IMNTDK,7-165941748,7,171503964,1,BLINK,5.719222323068e-10,FALSE,Zm00001eb326370,171505856,171506318,upstream,1892
S,8-97272050,8,99728560,1,FarmCPU,5.78389379832683e-10,FALSE,Zm00001eb348140,99711981,99716662,downstream,11898
EHPRQ,5-147010140,5,150419645,1,FarmCPU,5.81109314156362e-10,FALSE,Zm00001eb239060,150412297,150412707,downstream,6938
N,2-184650822,2,189507581,1,FarmCPU,5.932289841499e-10,FALSE,Zm00001eb100250,189524202,189528153,upstream,16621
G,5-210723946,5,216529679,1,FarmCPU,5.93426757524752e-10,FALSE,Zm00001eb255190,216509288,216535934,within,0
G,5-210723946,5,216529679,1,FarmCPU,5.93426757524752e-10,FALSE,Zm00001eb255200,216542432,216546864,upstream,12753
G,5-210723946,5,216529679,1,FarmCPU,5.93426757524752e-10,FALSE,Zm00001eb255210,216546389,216550027,upstream,16710
C.SGC,8-174593615,8,180313889,1,BLINK,5.96174305465549e-10,FALSE,Zm00001eb370610,180285790,180291279,downstream,22610
C.SGC,8-174593615,8,180313889,1,BLINK,5.96174305465549e-10,FALSE,Zm00001eb370620,180297123,180300233,downstream,13656
C.SGC,8-174593615,8,180313889,1,BLINK,5.96174305465549e-10,FALSE,Zm00001eb370630,180304325,180306412,downstream,7477
C.SGC,8-174593615,8,180313889,1,BLINK,5.96174305465549e-10,FALSE,Zm00001eb370640,180304434,180306375,downstream,7514
C.SGC,8-174593615,8,180313889,1,BLINK,5.96174305465549e-10,FALSE,Zm00001eb370650,180326737,180330184,upstream,12848
N.Total,2-105774561,2,108104072,1,FarmCPU,5.98021522511114e-10,FALSE,Zm00001eb088270,108083829,108087576,downstream,16496
N.E,7-171001482,7,176587822,1,FarmCPU,6.11280461872913e-10,FALSE,Zm00001eb328220,176569661,176571265,downstream,16557
N.E,7-171001482,7,176587822,1,FarmCPU,6.11280461872913e-10,FALSE,Zm00001eb328230,176578498,176579912,downstream,7910
N.E,7-171001482,7,176587822,1,FarmCPU,6.11280461872913e-10,FALSE,Zm00001eb328240,176580862,176583699,downstream,4123
N.E,7-171001482,7,176587822,1,FarmCPU,6.11280461872913e-10,FALSE,Zm00001eb328250,176582634,176585743,downstream,2079
N.E,7-171001482,7,176587822,1,FarmCPU,6.11280461872913e-10,FALSE,Zm00001eb328260,176587821,176591008,within,0
K.Total,3-52317420,3,52185775,2,BLINK+FarmCPU,6.17245075344894e-10,TRUE,Zm00001eb129920,52164710,52191173,within,0
K.Total,3-52317420,3,52185775,2,BLINK+FarmCPU,6.17245075344894e-10,TRUE,Zm00001eb129930,52194389,52197808,upstream,8614
IMNTDK,8-116858573,8,120308804,1,FarmCPU,6.21605847198759e-10,FALSE,Zm00001eb351630,120292309,120294056,downstream,14748
IMNTDK,8-116858573,8,120308804,1,FarmCPU,6.21605847198759e-10,FALSE,Zm00001eb351640,120296262,120328633,within,0
IMNTDK,8-116858573,8,120308804,1,FarmCPU,6.21605847198759e-10,FALSE,Zm00001eb351650,120314545,120324437,upstream,5741
SGC,8-14606424,8,15014075,1,FarmCPU,6.26723287915552e-10,FALSE,Zm00001eb335890,14989006,14994422,downstream,19653
SGC,8-14606424,8,15014075,1,FarmCPU,6.26723287915552e-10,FALSE,Zm00001eb335900,15031856,15037393,upstream,17781
N.D,5-139274159,5,142584304,1,FarmCPU,6.29022503798526e-10,FALSE,Zm00001eb238010,142576317,142576996,downstream,7308
N.D,5-139274159,5,142584304,1,FarmCPU,6.29022503798526e-10,FALSE,Zm00001eb238020,142586362,142603191,upstream,2058
R.Total,2-141327152,2,145490764,2,BLINK+FarmCPU,6.38592733363375e-10,TRUE,Zm00001eb092270,145464669,145469853,downstream,20911
H,8-5997917,8,6272837,1,FarmCPU,6.38645517636416e-10,FALSE,Zm00001eb333730,6242136,6254150,downstream,18687
H,8-5997917,8,6272837,1,FarmCPU,6.38645517636416e-10,FALSE,Zm00001eb333740,6255192,6255986,downstream,16851
H,8-5997917,8,6272837,1,FarmCPU,6.38645517636416e-10,FALSE,Zm00001eb333750,6258746,6262968,downstream,9869
H,8-5997917,8,6272837,1,FarmCPU,6.38645517636416e-10,FALSE,Zm00001eb333760,6265048,6269005,downstream,3832
T,7-156782984,7,162164203,1,FarmCPU,6.40418295572546e-10,FALSE,Zm00001eb322660,162177632,162178621,upstream,13429
T,7-156782984,7,162164203,1,FarmCPU,6.40418295572546e-10,FALSE,Zm00001eb322670,162185107,162185811,upstream,20904
I.IMNTDK,5-91362832,5,93658389,1,FarmCPU,6.47382844922974e-10,FALSE,Zm00001eb234030,93681143,93713717,upstream,22754
D.IMNTDK,9-136761974,9,139086300,1,FarmCPU,6.70987662159152e-10,FALSE,Zm00001eb395440,139100213,139102322,upstream,13913
R.Total,3-5705933,3,4869510,1,BLINK,6.79658527869334e-10,FALSE,Zm00001eb120690,4881497,4882749,upstream,11987
IVL,9-128362939,9,130347324,1,FarmCPU,7.02542917273514e-10,FALSE,Zm00001eb393450,130359239,130360506,upstream,11915
D,7-80330557,7,83152256,1,FarmCPU,7.22838978527941e-10,FALSE,Zm00001eb309010,83171112,83173810,upstream,18856
IVL,3-8064262,3,7214427,1,BLINK,7.25760719826831e-10,FALSE,Zm00001eb121470,7184482,7190135,downstream,24292
G,3-5333204,3,4494831,1,FarmCPU,7.31312525938383e-10,FALSE,Zm00001eb120410,4505009,4512403,upstream,10178
N.E,8-145015390,8,149797970,1,FarmCPU,7.36291192138185e-10,FALSE,Zm00001eb358940,149786378,149794218,downstream,3752
N.E,8-145015390,8,149797970,1,FarmCPU,7.36291192138185e-10,FALSE,Zm00001eb358960,149798193,149800005,upstream,223
N.E,10-86489794,10,86519548,2,BLINK+FarmCPU,7.5859088256791e-10,TRUE,Zm00001eb417100,86505315,86525363,within,0
C.Total,5-21063829,5,21561624,1,BLINK,7.77813764849762e-10,FALSE,Zm00001eb219770,21577197,21583832,upstream,15573
N.IMNTDK,6-24608719,6,25988347,1,FarmCPU,7.86991664274407e-10,FALSE,Zm00001eb264210,25976512,25978877,downstream,9470
D.IMNTDK,1-287792927,1,292912004,1,BLINK,7.99388064389732e-10,FALSE,Zm00001eb060140,292931067,292935623,upstream,19063
R.Total,7-169965248,7,175514909,1,FarmCPU,8.25728604158019e-10,FALSE,Zm00001eb327790,175488191,175501715,downstream,13194
K.IMNTDK,4-224012526,4,227793554,1,BLINK,8.2950145628754e-10,FALSE,Zm00001eb203350,227792590,227798340,within,0
E,2-218011321,2,224120109,1,BLINK,8.32275535350199e-10,FALSE,Zm00001eb111670,224094430,224096987,downstream,23122
E,2-218011321,2,224120109,1,BLINK,8.32275535350199e-10,FALSE,Zm00001eb111680,224100183,224102355,downstream,17754
E,2-218011321,2,224120109,1,BLINK,8.32275535350199e-10,FALSE,Zm00001eb111690,224107046,224109760,downstream,10349
IVL,10-34408823,10,35338720,1,FarmCPU,8.49545814820707e-10,FALSE,Zm00001eb411430,35311720,35315618,downstream,23102
IVL,10-34408823,10,35338720,1,FarmCPU,8.49545814820707e-10,FALSE,Zm00001eb411440,35349956,35354126,upstream,11236
G,2-206920289,2,213101231,1,FarmCPU,8.52795612734518e-10,FALSE,Zm00001eb107340,213092942,213093340,downstream,7891
G,2-206920289,2,213101231,1,FarmCPU,8.52795612734518e-10,FALSE,Zm00001eb107350,213099247,213103030,within,0
G,2-206920289,2,213101231,1,FarmCPU,8.52795612734518e-10,FALSE,Zm00001eb107360,213113498,213113852,upstream,12267
R.Total,9-141098035,9,143529496,1,BLINK,8.60904125729257e-10,FALSE,Zm00001eb396950,143544986,143548558,upstream,15490
R.Total,9-141098035,9,143529496,1,BLINK,8.60904125729257e-10,FALSE,Zm00001eb396960,143549446,143551243,upstream,19950
N.E,3-177938674,3,180685119,1,FarmCPU,8.65960488624655e-10,FALSE,Zm00001eb146780,180680107,180682865,downstream,2254
N.E,3-177938674,3,180685119,1,FarmCPU,8.65960488624655e-10,FALSE,Zm00001eb146790,180708589,180718091,upstream,23470
D,6-16292150,6,18675234,1,FarmCPU,8.70044752850226e-10,FALSE,Zm00001eb262630,18656332,18657174,downstream,18060
K,9-12698461,9,12169300,1,FarmCPU,8.81726403260319e-10,FALSE,Zm00001eb373900,12168325,12173646,within,0
SGC,7-132520632,7,136572589,1,FarmCPU,9.00184876054795e-10,FALSE,Zm00001eb316300,136575819,136579093,upstream,3230
H,10-145075779,10,146419424,1,BLINK,9.03704211116505e-10,FALSE,Zm00001eb431670,146393599,146401088,downstream,18336
H,10-145075779,10,146419424,1,BLINK,9.03704211116505e-10,FALSE,Zm00001eb431680,146444192,146444963,upstream,24768
N.E,8-171434959,8,177162924,1,BLINK,9.04561033463007e-10,FALSE,Zm00001eb368950,177142658,177148354,downstream,14570
N.E,8-171434959,8,177162924,1,BLINK,9.04561033463007e-10,FALSE,Zm00001eb368960,177153767,177159041,downstream,3883
N.E,8-171434959,8,177162924,1,BLINK,9.04561033463007e-10,FALSE,Zm00001eb368970,177186624,177189871,upstream,23700
D.IMNTDK,2-9419791,2,9591672,1,BLINK,9.26268757369006e-10,FALSE,Zm00001eb070400,9565132,9579223,downstream,12449
D.IMNTDK,2-9419791,2,9591672,1,BLINK,9.26268757369006e-10,FALSE,Zm00001eb070410,9580444,9585378,downstream,6294
D.IMNTDK,2-9419791,2,9591672,1,BLINK,9.26268757369006e-10,FALSE,Zm00001eb070420,9583582,9584688,downstream,6984
N.IMNTDK,3-107803757,3,93659423,1,FarmCPU,9.29729244788303e-10,FALSE,Zm00001eb132890,93627293,93658930,downstream,493
S.SGC,6-157438491,6,161371514,1,BLINK,9.40790174303224e-10,FALSE,Zm00001eb289140,161355433,161355777,downstream,15737
S.SGC,6-157438491,6,161371514,1,BLINK,9.40790174303224e-10,FALSE,Zm00001eb289150,161356274,161361148,downstream,10366
S.SGC,6-157438491,6,161371514,1,BLINK,9.40790174303224e-10,FALSE,Zm00001eb289160,161377040,161390861,upstream,5526
Q.EHPRQ,1-154003776,1,155871118,1,BLINK,9.59170389173142e-10,FALSE,Zm00001eb029030,155860230,155878852,within,0
N.D,9-11750326,9,11187740,1,FarmCPU,9.62207865717429e-10,FALSE,Zm00001eb373670,11188952,11191001,upstream,1212
T,9-128362939,9,130347324,1,FarmCPU,9.75297360521596e-10,FALSE,Zm00001eb393450,130359239,130360506,upstream,11915
Q.Total,9-150510554,9,153413598,1,FarmCPU,9.8901112594853e-10,FALSE,Zm00001eb400270,153434131,153460825,upstream,20533
L,1-83895543,1,85566521,1,FarmCPU,9.93860420113406e-10,FALSE,Zm00001eb022340,85564112,85567898,within,0
LAV,5-164898119,5,168752649,1,FarmCPU,9.96922130421084e-10,FALSE,Zm00001eb242000,168732138,168746339,downstream,6310
E,3-219281846,3,222864865,1,FarmCPU,1.00943201465471e-09,FALSE,Zm00001eb159390,222881745,222884228,upstream,16880
K,9-135525940,9,137803474,1,FarmCPU,1.03688029348762e-09,FALSE,Zm00001eb395280,137789171,137796963,downstream,6511
K,9-135525940,9,137803474,1,FarmCPU,1.03688029348762e-09,FALSE,Zm00001eb395290,137822975,137827962,upstream,19501
IVL,4-7066396,4,7867724,1,BLINK,1.03869509344868e-09,FALSE,Zm00001eb167350,7858349,7865715,downstream,2009
IVL,4-7066396,4,7867724,1,BLINK,1.03869509344868e-09,FALSE,Zm00001eb167360,7872387,7878174,upstream,4663
R.Total,3-217228656,3,220758628,1,FarmCPU,1.04327079040877e-09,FALSE,Zm00001eb158760,220737565,220741958,downstream,16670
R.Total,3-217228656,3,220758628,1,FarmCPU,1.04327079040877e-09,FALSE,Zm00001eb158770,220744179,220749567,downstream,9061
Total,9-151248310,9,154169056,1,FarmCPU,1.05632379640825e-09,FALSE,Zm00001eb400680,154172175,154174605,upstream,3119
Total,9-151248310,9,154169056,1,FarmCPU,1.05632379640825e-09,FALSE,Zm00001eb400690,154178269,154178663,upstream,9213
Total,9-151248310,9,154169056,1,FarmCPU,1.05632379640825e-09,FALSE,Zm00001eb400700,154180679,154182940,upstream,11623
Total,9-151248310,9,154169056,1,FarmCPU,1.05632379640825e-09,FALSE,Zm00001eb400710,154182983,154184078,upstream,13927
Total,9-151248310,9,154169056,1,FarmCPU,1.05632379640825e-09,FALSE,Zm00001eb400720,154190652,154192059,upstream,21596
T,9-90979635,9,93333341,1,FarmCPU,1.12383203540592e-09,FALSE,Zm00001eb386030,93316618,93359371,within,0
T,1-65231487,1,66126147,1,FarmCPU,1.15471803640768e-09,FALSE,Zm00001eb018570,66111144,66112191,downstream,13956
T,1-65231487,1,66126147,1,FarmCPU,1.15471803640768e-09,FALSE,Zm00001eb018590,66124038,66126905,within,0
WFY,1-279721400,1,284784925,1,FarmCPU,1.16465619524845e-09,FALSE,Zm00001eb057750,284764856,284766611,downstream,18314
WFY,1-279721400,1,284784925,1,FarmCPU,1.16465619524845e-09,FALSE,Zm00001eb057760,284765955,284766545,downstream,18380
WFY,1-279721400,1,284784925,1,FarmCPU,1.16465619524845e-09,FALSE,Zm00001eb057770,284774974,284776823,downstream,8102
WFY,1-279721400,1,284784925,1,FarmCPU,1.16465619524845e-09,FALSE,Zm00001eb057790,284779663,284781743,downstream,3182
WFY,1-279721400,1,284784925,1,FarmCPU,1.16465619524845e-09,FALSE,Zm00001eb057780,284779663,284786817,within,0
WFY,1-279721400,1,284784925,1,FarmCPU,1.16465619524845e-09,FALSE,Zm00001eb057800,284791283,284792056,upstream,6358
I.IMNTDK,10-1088556,10,598077,1,FarmCPU,1.22749163348918e-09,FALSE,Zm00001eb404790,575706,577353,downstream,20724
I.IMNTDK,10-1088556,10,598077,1,FarmCPU,1.22749163348918e-09,FALSE,Zm00001eb404800,578243,580336,downstream,17741
I.IMNTDK,10-1088556,10,598077,1,FarmCPU,1.22749163348918e-09,FALSE,Zm00001eb404810,580659,581005,downstream,17072
I.IMNTDK,10-1088556,10,598077,1,FarmCPU,1.22749163348918e-09,FALSE,Zm00001eb404820,581067,585110,downstream,12967
R.Total,2-42815203,2,44029070,1,FarmCPU,1.22757760575353e-09,FALSE,Zm00001eb080830,44052012,44073539,upstream,22942
L.LAV,4-177998047,4,180954421,1,BLINK,1.24108702789128e-09,FALSE,Zm00001eb192920,180976755,180979701,upstream,22334
L.LAV,4-177998047,4,180954421,1,BLINK,1.24108702789128e-09,FALSE,Zm00001eb192930,180978500,180979241,upstream,24079
W,3-58844812,3,58840430,1,FarmCPU,1.24583295977175e-09,FALSE,Zm00001eb130810,58813538,58830829,downstream,9601
H.Total,5-30122606,5,31050143,1,BLINK,1.25461189400435e-09,FALSE,Zm00001eb221930,31069201,31069684,upstream,19058
H,10-145330860,10,146667271,1,FarmCPU,1.28013917216301e-09,FALSE,Zm00001eb431760,146666774,146674410,within,0
C.SGC,9-153542035,9,156426104,1,BLINK,1.29565379268704e-09,FALSE,Zm00001eb401580,156418625,156419277,downstream,6827
C.SGC,9-153542035,9,156426104,1,BLINK,1.29565379268704e-09,FALSE,Zm00001eb401590,156425786,156428583,within,0
C.SGC,9-153542035,9,156426104,1,BLINK,1.29565379268704e-09,FALSE,Zm00001eb401600,156428778,156430188,upstream,2674
C.SGC,9-153542035,9,156426104,1,BLINK,1.29565379268704e-09,FALSE,Zm00001eb401610,156441390,156442035,upstream,15286
C.SGC,9-153542035,9,156426104,1,BLINK,1.29565379268704e-09,FALSE,Zm00001eb401620,156441828,156445172,upstream,15724
C.SGC,9-153542035,9,156426104,1,BLINK,1.29565379268704e-09,FALSE,Zm00001eb401630,156446373,156465044,upstream,20269
S.Total,6-169026987,6,173063852,1,FarmCPU,1.29978486340079e-09,FALSE,Zm00001eb294190,172973713,173043127,downstream,20725
S.Total,6-169026987,6,173063852,1,FarmCPU,1.29978486340079e-09,FALSE,Zm00001eb294200,173043093,173047120,downstream,16732
S.Total,6-169026987,6,173063852,1,FarmCPU,1.29978486340079e-09,FALSE,Zm00001eb294210,173049234,173061199,downstream,2653
M,9-83844008,9,86117237,1,FarmCPU,1.30233149635408e-09,FALSE,Zm00001eb385230,86131978,86133665,upstream,14741
S,7-142812376,7,147727688,1,FarmCPU,1.32391480487496e-09,FALSE,Zm00001eb318980,147703570,147707267,downstream,20421
S,7-142812376,7,147727688,1,FarmCPU,1.32391480487496e-09,FALSE,Zm00001eb318990,147715244,147717880,downstream,9808
S,7-142812376,7,147727688,1,FarmCPU,1.32391480487496e-09,FALSE,Zm00001eb319000,147731360,147733872,upstream,3672
D.IMNTDK,1-183322008,1,185319459,1,FarmCPU,1.35010188681087e-09,FALSE,Zm00001eb033290,185329726,185340627,upstream,10267
D.IMNTDK,1-183322008,1,185319459,1,FarmCPU,1.35010188681087e-09,FALSE,Zm00001eb033310,185340693,185343207,upstream,21234
K.IMNTDK,3-182945961,3,185835668,1,BLINK,1.36447164250556e-09,FALSE,Zm00001eb148290,185836554,185839728,upstream,886
N,7-121384366,7,125260775,1,FarmCPU,1.36841931621296e-09,FALSE,Zm00001eb313760,125264369,125265262,upstream,3594
LAV,7-163968365,7,169442426,1,FarmCPU,1.38380083426528e-09,FALSE,Zm00001eb325500,169447647,169456072,upstream,5221
LAV,7-163968365,7,169442426,1,FarmCPU,1.38380083426528e-09,FALSE,Zm00001eb325510,169456289,169457748,upstream,13863
SGC,3-79867117,3,80144205,1,BLINK,1.39191996219442e-09,FALSE,Zm00001eb132270,80167994,80168659,upstream,23789
Q,3-186609917,3,189482023,1,FarmCPU,1.39215446711999e-09,FALSE,Zm00001eb149460,189488491,189490486,upstream,6468
L,9-151248310,9,154169056,1,FarmCPU,1.39350430267427e-09,FALSE,Zm00001eb400680,154172175,154174605,upstream,3119
L,9-151248310,9,154169056,1,FarmCPU,1.39350430267427e-09,FALSE,Zm00001eb400690,154178269,154178663,upstream,9213
L,9-151248310,9,154169056,1,FarmCPU,1.39350430267427e-09,FALSE,Zm00001eb400700,154180679,154182940,upstream,11623
L,9-151248310,9,154169056,1,FarmCPU,1.39350430267427e-09,FALSE,Zm00001eb400710,154182983,154184078,upstream,13927
L,9-151248310,9,154169056,1,FarmCPU,1.39350430267427e-09,FALSE,Zm00001eb400720,154190652,154192059,upstream,21596
N.Total,5-213649737,5,219480368,1,BLINK,1.43422073933365e-09,FALSE,Zm00001eb256410,219500807,219503198,upstream,20439
V,5-215976884,5,221800749,1,FarmCPU,1.43753501421483e-09,FALSE,Zm00001eb257720,221773954,221777929,downstream,22820
V,5-215976884,5,221800749,1,FarmCPU,1.43753501421483e-09,FALSE,Zm00001eb257730,221811064,221812904,upstream,10315
A.LAV,1-300915124,1,306453640,1,BLINK,1.4994634674631e-09,FALSE,Zm00001eb064940,306463538,306471997,upstream,9898
A.LAV,1-300915124,1,306453640,1,BLINK,1.4994634674631e-09,FALSE,Zm00001eb064950,306471464,306473682,upstream,17824
A.LAV,1-300915124,1,306453640,1,BLINK,1.4994634674631e-09,FALSE,Zm00001eb064960,306472052,306473606,upstream,18412
G,8-149852969,8,154900308,1,FarmCPU,1.513114017596e-09,FALSE,Zm00001eb360380,154901430,154907515,upstream,1122
V,4-30267353,4,31770188,1,FarmCPU,1.52696002849641e-09,FALSE,Zm00001eb171880,31769913,31772377,within,0
N.E,6-27269777,6,28698516,1,BLINK,1.52904986919964e-09,FALSE,Zm00001eb264470,28646381,28677797,downstream,20719
Q,2-195706871,2,201276120,1,BLINK,1.54356345293005e-09,FALSE,Zm00001eb103300,201299510,201305297,upstream,23390
N.Total,2-9419791,2,9591672,1,FarmCPU,1.60343758863809e-09,FALSE,Zm00001eb070400,9565132,9579223,downstream,12449
N.Total,2-9419791,2,9591672,1,FarmCPU,1.60343758863809e-09,FALSE,Zm00001eb070410,9580444,9585378,downstream,6294
N.Total,2-9419791,2,9591672,1,FarmCPU,1.60343758863809e-09,FALSE,Zm00001eb070420,9583582,9584688,downstream,6984
N.E,5-17993326,5,17877202,1,BLINK,1.60435344514983e-09,FALSE,Zm00001eb218710,17855941,17872567,downstream,4635
WFY,4-6221167,4,7025691,1,FarmCPU,1.61082684511074e-09,FALSE,Zm00001eb167090,7005791,7007517,downstream,18174
WFY,4-6221167,4,7025691,1,FarmCPU,1.61082684511074e-09,FALSE,Zm00001eb167100,7011288,7012682,downstream,13009
WFY,4-6221167,4,7025691,1,FarmCPU,1.61082684511074e-09,FALSE,Zm00001eb167110,7015539,7016735,downstream,8956
E.Total,8-114819496,8,118062210,1,BLINK,1.6210080733019e-09,FALSE,Zm00001eb351110,118049629,118050018,downstream,12192
E.Total,8-114819496,8,118062210,1,BLINK,1.6210080733019e-09,FALSE,Zm00001eb351120,118052121,118055681,downstream,6529
E.Total,8-114819496,8,118062210,1,BLINK,1.6210080733019e-09,FALSE,Zm00001eb351130,118059707,118063428,within,0
E.Total,8-114819496,8,118062210,1,BLINK,1.6210080733019e-09,FALSE,Zm00001eb351140,118064341,118066538,upstream,2131
P,6-158420381,6,162390097,1,FarmCPU,1.6377240703457e-09,FALSE,Zm00001eb289520,162389766,162395922,within,0
P,6-158420381,6,162390097,1,FarmCPU,1.6377240703457e-09,FALSE,Zm00001eb289530,162413957,162420946,upstream,23860
LAV,3-8877255,3,8115945,1,FarmCPU,1.6819754913384e-09,FALSE,Zm00001eb121590,8139365,8144218,upstream,23420
G,2-56354930,2,57803832,1,BLINK,1.69616223935869e-09,FALSE,Zm00001eb083650,57777510,57779273,downstream,24559
G,2-56354930,2,57803832,1,BLINK,1.69616223935869e-09,FALSE,Zm00001eb083670,57825855,57856187,upstream,22023
A,1-212570425,1,215590462,1,BLINK,1.74577621723696e-09,FALSE,Zm00001eb040960,215589862,215598880,within,0
N.Q,5-203820503,5,209221645,1,FarmCPU,1.75108605736312e-09,FALSE,Zm00001eb252160,209204832,209206116,downstream,15529
K,6-151136388,6,155081756,1,FarmCPU,1.76866548516154e-09,FALSE,Zm00001eb287240,155095370,155105159,upstream,13614
K,6-151136388,6,155081756,1,FarmCPU,1.76866548516154e-09,FALSE,Zm00001eb287250,155105936,155111291,upstream,24180
Q.EHPRQ,9-19937391,9,20001942,1,BLINK,1.76984142175778e-09,FALSE,Zm00001eb376470,19978278,19979384,downstream,22558
Q.EHPRQ,9-19937391,9,20001942,1,BLINK,1.76984142175778e-09,FALSE,Zm00001eb376480,19989105,19996549,downstream,5393
W,6-164388074,6,168346066,1,FarmCPU,1.77151433839863e-09,FALSE,Zm00001eb292010,168328451,168333003,downstream,13063
W,6-164388074,6,168346066,1,FarmCPU,1.77151433839863e-09,FALSE,Zm00001eb292020,168333556,168334511,downstream,11555
W,6-164388074,6,168346066,1,FarmCPU,1.77151433839863e-09,FALSE,Zm00001eb292040,168370762,168376125,upstream,24696
N,2-190223217,2,195300354,1,FarmCPU,1.77443213180908e-09,FALSE,Zm00001eb101960,195296072,195304063,within,0
N,2-190223217,2,195300354,1,FarmCPU,1.77443213180908e-09,FALSE,Zm00001eb101970,195296807,195297980,downstream,2374
N,2-190223217,2,195300354,1,FarmCPU,1.77443213180908e-09,FALSE,Zm00001eb101980,195304931,195309381,upstream,4577
D.Total,5-141673900,5,144977193,1,FarmCPU,1.78595178038341e-09,FALSE,Zm00001eb238280,144957418,144957949,downstream,19244
D.Total,5-141673900,5,144977193,1,FarmCPU,1.78595178038341e-09,FALSE,Zm00001eb238290,144989978,144990848,upstream,12785
E,4-206431942,4,210795982,1,BLINK,1.83785117381487e-09,FALSE,Zm00001eb200900,210801874,210807631,upstream,5892
K,1-213001117,1,216014205,1,BLINK,1.8436729952859e-09,FALSE,Zm00001eb041030,216023663,216024798,upstream,9458
K,1-213001117,1,216014205,1,BLINK,1.8436729952859e-09,FALSE,Zm00001eb041040,216025477,216028868,upstream,11272
S,2-10790583,2,10903562,1,FarmCPU,1.87049039795098e-09,FALSE,Zm00001eb070960,10874164,10879379,downstream,24183
S,2-10790583,2,10903562,1,FarmCPU,1.87049039795098e-09,FALSE,Zm00001eb070970,10882589,10885183,downstream,18379
S,2-10790583,2,10903562,1,FarmCPU,1.87049039795098e-09,FALSE,Zm00001eb070980,10888929,10891978,downstream,11584
S,2-10790583,2,10903562,1,FarmCPU,1.87049039795098e-09,FALSE,Zm00001eb071010,10906854,10909344,upstream,3292
S,2-10790583,2,10903562,1,FarmCPU,1.87049039795098e-09,FALSE,Zm00001eb071020,10910219,10911631,upstream,6657
S,2-10790583,2,10903562,1,FarmCPU,1.87049039795098e-09,FALSE,Zm00001eb071030,10911780,10914338,upstream,8218
S,2-10790583,2,10903562,1,FarmCPU,1.87049039795098e-09,FALSE,Zm00001eb071040,10925155,10929339,upstream,21593
D.IMNTDK,2-189960513,2,195047737,1,FarmCPU,1.88621090783305e-09,FALSE,Zm00001eb101910,195046303,195055829,within,0
D.IMNTDK,2-189960513,2,195047737,1,FarmCPU,1.88621090783305e-09,FALSE,Zm00001eb101920,195064632,195068534,upstream,16895
WFY,10-136097935,10,137273993,1,BLINK,1.89408629172856e-09,FALSE,Zm00001eb427980,137263651,137266456,downstream,7537
WFY,10-136097935,10,137273993,1,BLINK,1.89408629172856e-09,FALSE,Zm00001eb427990,137278582,137280136,upstream,4589
WFY,10-136097935,10,137273993,1,BLINK,1.89408629172856e-09,FALSE,Zm00001eb428000,137280991,137284148,upstream,6998
WFY,10-136097935,10,137273993,1,BLINK,1.89408629172856e-09,FALSE,Zm00001eb428010,137285187,137290824,upstream,11194
G.SGC,7-10168824,7,10455915,1,BLINK,1.9298642870459e-09,FALSE,Zm00001eb301420,10450085,10454144,downstream,1771
F,8-114158139,8,117384601,1,FarmCPU,1.9325399955521e-09,FALSE,Zm00001eb350990,117393413,117406108,upstream,8812
D,9-137604659,9,139940898,1,BLINK,1.94547162685621e-09,FALSE,Zm00001eb395610,139906714,139920023,downstream,20875
D,9-137604659,9,139940898,1,BLINK,1.94547162685621e-09,FALSE,Zm00001eb395620,139921437,139922530,downstream,18368
D,9-137604659,9,139940898,1,BLINK,1.94547162685621e-09,FALSE,Zm00001eb395630,139929230,139934667,downstream,6231
D,9-137604659,9,139940898,1,BLINK,1.94547162685621e-09,FALSE,Zm00001eb395640,139934859,139942497,within,0
LAV,5-199448052,5,204709115,1,FarmCPU,1.97185637352084e-09,FALSE,Zm00001eb250780,204692899,204695869,downstream,13246
LAV,5-199448052,5,204709115,1,FarmCPU,1.97185637352084e-09,FALSE,Zm00001eb250790,204703169,204704446,downstream,4669
LAV,5-199448052,5,204709115,1,FarmCPU,1.97185637352084e-09,FALSE,Zm00001eb250800,204706789,204707705,downstream,1410
EHPRQ,5-178784901,5,182805559,1,FarmCPU,1.98717748565459e-09,FALSE,Zm00001eb245720,182797262,182800116,downstream,5443
EHPRQ,5-178784901,5,182805559,1,FarmCPU,1.98717748565459e-09,FALSE,Zm00001eb245730,182800555,182815819,within,0
N.D,3-183176810,3,186055412,1,BLINK,1.99261748048114e-09,FALSE,Zm00001eb148350,186055720,186065598,upstream,308
N.D,3-183176810,3,186055412,1,BLINK,1.99261748048114e-09,FALSE,Zm00001eb148360,186066611,186067930,upstream,11199
N.D,3-183176810,3,186055412,1,BLINK,1.99261748048114e-09,FALSE,Zm00001eb148370,186067986,186069034,upstream,12574
A,3-166127783,3,168701707,1,FarmCPU,2.00899226720571e-09,FALSE,Zm00001eb143880,168707170,168708889,upstream,5463
A,3-166127783,3,168701707,1,FarmCPU,2.00899226720571e-09,FALSE,Zm00001eb143890,168709595,168713976,upstream,7888
D.IMNTDK,4-127884960,4,130890670,1,FarmCPU,2.01808526245713e-09,FALSE,Zm00001eb183200,130897756,130913564,upstream,7086
S,3-20416441,3,19828782,1,FarmCPU,2.02215185023006e-09,FALSE,Zm00001eb124780,19794268,19809842,downstream,18940
S,3-20416441,3,19828782,1,FarmCPU,2.02215185023006e-09,FALSE,Zm00001eb124790,19816426,19832549,within,0
N.E,4-6019776,4,6828651,1,BLINK,2.07318401890531e-09,FALSE,Zm00001eb167010,6814101,6822892,downstream,5759
N.E,4-6019776,4,6828651,1,BLINK,2.07318401890531e-09,FALSE,Zm00001eb167020,6852797,6853801,upstream,24146
N,3-182468087,3,185330224,1,FarmCPU,2.10141411534863e-09,FALSE,Zm00001eb148190,185310483,185313706,downstream,16518
I.IMNTDK,3-221016201,3,224671873,1,FarmCPU,2.10548077407814e-09,FALSE,Zm00001eb159940,224662119,224671196,downstream,677
SGC,6-150268442,6,154169986,1,FarmCPU,2.1109518629893e-09,FALSE,Zm00001eb287060,154167747,154169173,downstream,813
SGC,6-150268442,6,154169986,1,FarmCPU,2.1109518629893e-09,FALSE,Zm00001eb287070,154175056,154180387,upstream,5070
H,1-101997094,1,104570419,1,FarmCPU,2.18992329942587e-09,FALSE,Zm00001eb024910,104575766,104579794,upstream,5347
S,9-69230576,9,61758461,1,FarmCPU,2.19671960485273e-09,FALSE,Zm00001eb382750,61764860,61766786,upstream,6399
S,9-69230576,9,61758461,1,FarmCPU,2.19671960485273e-09,FALSE,Zm00001eb382760,61767177,61770065,upstream,8716
P,5-13408666,5,13750964,1,FarmCPU,2.20515500815381e-09,FALSE,Zm00001eb217140,13747702,13752586,within,0
P,5-13408666,5,13750964,1,FarmCPU,2.20515500815381e-09,FALSE,Zm00001eb217150,13768708,13770756,upstream,17744
P,5-13408666,5,13750964,1,FarmCPU,2.20515500815381e-09,FALSE,Zm00001eb217160,13773581,13778039,upstream,22617
R.Total,9-69230154,9,61758883,1,FarmCPU,2.22244543026035e-09,FALSE,Zm00001eb382750,61764860,61766786,upstream,5977
R.Total,9-69230154,9,61758883,1,FarmCPU,2.22244543026035e-09,FALSE,Zm00001eb382760,61767177,61770065,upstream,8294
C.Total,5-11969550,5,12404384,1,BLINK,2.22296154729907e-09,FALSE,Zm00001eb216610,12392313,12395324,downstream,9060
C.Total,5-11969550,5,12404384,1,BLINK,2.22296154729907e-09,FALSE,Zm00001eb216620,12428935,12438174,upstream,24551
Total_N,10-95224747,10,95451716,1,BLINK,2.26230882807149e-09,FALSE,Zm00001eb418590,95439809,95440231,downstream,11485
S.SGC,7-10168824,7,10455915,1,BLINK,2.26566466966065e-09,FALSE,Zm00001eb301420,10450085,10454144,downstream,1771
I.Total,8-76083740,8,77994367,1,FarmCPU,2.30879074237494e-09,FALSE,Zm00001eb345030,77995772,78002218,upstream,1405
SGC,4-179679198,4,182599556,1,FarmCPU,2.32250881848516e-09,FALSE,Zm00001eb193330,182578975,182583046,downstream,16510
SGC,4-179679198,4,182599556,1,FarmCPU,2.32250881848516e-09,FALSE,Zm00001eb193350,182602154,182602999,upstream,2598
Q.Total,7-147592989,7,152770519,1,BLINK,2.34513470898215e-09,FALSE,Zm00001eb320760,152793134,152795179,upstream,22615
N,8-164784152,8,170419529,1,BLINK,2.38846821846992e-09,FALSE,Zm00001eb365680,170410568,170414784,downstream,4745
D,3-54542458,3,54445766,1,BLINK,2.40545943301666e-09,FALSE,Zm00001eb130190,54462611,54473973,upstream,16845
G.Total,1-258062413,1,262596141,1,FarmCPU,2.43566985386312e-09,FALSE,Zm00001eb051800,262581160,262594697,downstream,1444
G.Total,1-258062413,1,262596141,1,FarmCPU,2.43566985386312e-09,FALSE,Zm00001eb051810,262595448,262595825,downstream,316
N.Q,5-79378028,5,81599794,1,BLINK,2.46411689740544e-09,FALSE,Zm00001eb232230,81581512,81588783,downstream,11011
N.Q,1-89717877,1,91691463,1,FarmCPU,2.48569291083194e-09,FALSE,Zm00001eb023270,91711537,91723912,upstream,20074
R.EHPRQ,3-205450052,3,208812497,1,BLINK,2.49487208475829e-09,FALSE,Zm00001eb155010,208770072,208835258,within,0
Y,1-279718993,1,284782518,1,FarmCPU,2.53382667057558e-09,FALSE,Zm00001eb057740,284753755,284758573,downstream,23945
Y,1-279718993,1,284782518,1,FarmCPU,2.53382667057558e-09,FALSE,Zm00001eb057750,284764856,284766611,downstream,15907
Y,1-279718993,1,284782518,1,FarmCPU,2.53382667057558e-09,FALSE,Zm00001eb057760,284765955,284766545,downstream,15973
Y,1-279718993,1,284782518,1,FarmCPU,2.53382667057558e-09,FALSE,Zm00001eb057770,284774974,284776823,downstream,5695
Y,1-279718993,1,284782518,1,FarmCPU,2.53382667057558e-09,FALSE,Zm00001eb057790,284779663,284781743,downstream,775
Y,1-279718993,1,284782518,1,FarmCPU,2.53382667057558e-09,FALSE,Zm00001eb057780,284779663,284786817,within,0
Y,1-279718993,1,284782518,1,FarmCPU,2.53382667057558e-09,FALSE,Zm00001eb057800,284791283,284792056,upstream,8765
S.Total,6-91799228,6,94236864,1,BLINK,2.55510240358251e-09,FALSE,Zm00001eb272440,94244147,94247096,upstream,7283
S.Total,6-91799228,6,94236864,1,BLINK,2.55510240358251e-09,FALSE,Zm00001eb272450,94247646,94248610,upstream,10782
S.Total,6-91799228,6,94236864,1,BLINK,2.55510240358251e-09,FALSE,Zm00001eb272460,94248322,94252300,upstream,11458
EHPRQ,5-200346697,5,205736300,1,FarmCPU,2.56040671461288e-09,FALSE,Zm00001eb251010,205709787,205711633,downstream,24667
L,9-128927418,9,130908769,1,FarmCPU,2.59522415029312e-09,FALSE,Zm00001eb393630,130889667,130892637,downstream,16132
L,9-128927418,9,130908769,1,FarmCPU,2.59522415029312e-09,FALSE,Zm00001eb393640,130932509,130935306,upstream,23740
T,6-4806909,6,4853803,1,FarmCPU,2.60803174451396e-09,FALSE,Zm00001eb259830,4858223,4862305,upstream,4420
Total_N,4-232097686,4,236629711,1,FarmCPU,2.6121411441369e-09,FALSE,Zm00001eb204770,236606100,236611743,downstream,17968
Total_N,4-232097686,4,236629711,1,FarmCPU,2.6121411441369e-09,FALSE,Zm00001eb204780,236638650,236639332,upstream,8939
SGC,10-142249926,10,143600768,1,BLINK,2.63661671881353e-09,FALSE,Zm00001eb430450,143590161,143592631,downstream,8137
SGC,10-142249926,10,143600768,1,BLINK,2.63661671881353e-09,FALSE,Zm00001eb430460,143595540,143596939,downstream,3829
SGC,10-142249926,10,143600768,1,BLINK,2.63661671881353e-09,FALSE,Zm00001eb430470,143603481,143610586,upstream,2713
SGC,10-142249926,10,143600768,1,BLINK,2.63661671881353e-09,FALSE,Zm00001eb430480,143613569,143618257,upstream,12801
EHPRQ,6-81575280,6,84451695,1,FarmCPU,2.64500923164369e-09,FALSE,Zm00001eb271020,84443821,84444804,downstream,6891
EHPRQ,6-81575280,6,84451695,1,FarmCPU,2.64500923164369e-09,FALSE,Zm00001eb271030,84461958,84463422,upstream,10263
EHPRQ,6-81575280,6,84451695,1,FarmCPU,2.64500923164369e-09,FALSE,Zm00001eb271040,84463545,84466053,upstream,11850
EHPRQ,6-81575280,6,84451695,1,FarmCPU,2.64500923164369e-09,FALSE,Zm00001eb271050,84468783,84471904,upstream,17088
EHPRQ,2-148268343,2,152206827,1,BLINK,2.66457846023052e-09,FALSE,Zm00001eb093350,152227330,152228219,upstream,20503
N,7-169307851,7,174844898,1,FarmCPU,2.76550484819895e-09,FALSE,Zm00001eb327530,174854470,174860498,upstream,9572
H,10-129894632,10,131024486,1,BLINK,2.77673774567908e-09,FALSE,Zm00001eb425950,131032664,131034034,upstream,8178
M.IMNTDK,5-6851962,5,7047181,1,FarmCPU,2.80402944374662e-09,FALSE,Zm00001eb214460,7021841,7022304,downstream,24877
M.IMNTDK,5-6851962,5,7047181,1,FarmCPU,2.80402944374662e-09,FALSE,Zm00001eb214470,7022712,7024750,downstream,22431
M.IMNTDK,5-6851962,5,7047181,1,FarmCPU,2.80402944374662e-09,FALSE,Zm00001eb214480,7027114,7030775,downstream,16406
M.IMNTDK,5-6851962,5,7047181,1,FarmCPU,2.80402944374662e-09,FALSE,Zm00001eb214490,7036578,7039527,downstream,7654
M.IMNTDK,5-6851962,5,7047181,1,FarmCPU,2.80402944374662e-09,FALSE,Zm00001eb214500,7042486,7046073,downstream,1108
M.IMNTDK,5-6851962,5,7047181,1,FarmCPU,2.80402944374662e-09,FALSE,Zm00001eb214510,7048706,7052179,upstream,1525
N.Q,2-179368807,2,184167652,1,FarmCPU,2.81960662670936e-09,FALSE,Zm00001eb099200,184157850,184158549,downstream,9103
P,6-57904687,6,60490381,1,FarmCPU,2.83740915577733e-09,FALSE,Zm00001eb268140,60482862,60483380,downstream,7001
P,6-57904687,6,60490381,1,FarmCPU,2.83740915577733e-09,FALSE,Zm00001eb268150,60492586,60496635,upstream,2205
Q,8-2674847,8,2824582,1,FarmCPU,2.86525544985095e-09,FALSE,Zm00001eb332820,2819567,2842510,within,0
Q,8-2674847,8,2824582,1,FarmCPU,2.86525544985095e-09,FALSE,Zm00001eb332830,2831448,2839057,upstream,6866
Q,8-2674847,8,2824582,1,FarmCPU,2.86525544985095e-09,FALSE,Zm00001eb332840,2831576,2832369,upstream,6994
Q,8-2674847,8,2824582,1,FarmCPU,2.86525544985095e-09,FALSE,Zm00001eb332850,2831879,2832370,upstream,7297
S.SGC,6-33187533,6,34754503,1,BLINK,2.87868971245242e-09,FALSE,Zm00001eb265260,34770244,34772016,upstream,15741
IVL,3-134068437,3,134711023,1,FarmCPU,2.88675887351163e-09,FALSE,Zm00001eb137680,134664632,134688431,downstream,22592
N,1-262368289,1,267119311,1,FarmCPU,2.91694189560798e-09,FALSE,Zm00001eb053040,267108024,267109417,downstream,9894
N,1-262368289,1,267119311,1,FarmCPU,2.91694189560798e-09,FALSE,Zm00001eb053050,267137328,267139077,upstream,18017
N,1-262368289,1,267119311,1,FarmCPU,2.91694189560798e-09,FALSE,Zm00001eb053060,267137444,267139003,upstream,18133
SGC,3-200022816,3,203835845,1,FarmCPU,2.94721204834098e-09,FALSE,Zm00001eb153490,203832497,203849495,within,0
I.IMNTDK,2-189020989,2,194024480,1,FarmCPU,3.00830009378039e-09,FALSE,Zm00001eb101460,194017594,194020171,downstream,4309
I.IMNTDK,2-189020989,2,194024480,1,FarmCPU,3.00830009378039e-09,FALSE,Zm00001eb101470,194021443,194023857,downstream,623
I.IMNTDK,2-189020989,2,194024480,1,FarmCPU,3.00830009378039e-09,FALSE,Zm00001eb101480,194049063,194052990,upstream,24583
N.E,2-9419791,2,9591672,1,FarmCPU,3.01053812613409e-09,FALSE,Zm00001eb070400,9565132,9579223,downstream,12449
N.E,2-9419791,2,9591672,1,FarmCPU,3.01053812613409e-09,FALSE,Zm00001eb070410,9580444,9585378,downstream,6294
N.E,2-9419791,2,9591672,1,FarmCPU,3.01053812613409e-09,FALSE,Zm00001eb070420,9583582,9584688,downstream,6984
L,7-132520632,7,136572589,1,FarmCPU,3.01062768752165e-09,FALSE,Zm00001eb316300,136575819,136579093,upstream,3230
K.IMNTDK,1-299554935,1,305022388,2,BLINK+FarmCPU,3.01105545609979e-09,TRUE,Zm00001eb064450,305028838,305031500,upstream,6450
N.IMNTDK,10-2449397,10,2028080,1,FarmCPU,3.02047713764272e-09,FALSE,Zm00001eb405440,2000564,2005747,downstream,22333
N.IMNTDK,10-2449397,10,2028080,1,FarmCPU,3.02047713764272e-09,FALSE,Zm00001eb405450,2008367,2010928,downstream,17152
N.IMNTDK,10-2449397,10,2028080,1,FarmCPU,3.02047713764272e-09,FALSE,Zm00001eb405460,2022118,2024622,downstream,3458
N.E,1-91686517,1,93639118,1,BLINK,3.02073640019499e-09,FALSE,Zm00001eb023530,93612633,93614837,downstream,24281
N.E,1-91686517,1,93639118,1,BLINK,3.02073640019499e-09,FALSE,Zm00001eb023540,93617470,93619977,downstream,19141
SGC,2-172461792,2,176648033,1,FarmCPU,3.02206479206416e-09,FALSE,Zm00001eb097390,176618204,176628402,downstream,19631
Total,5-190168805,5,195265729,1,BLINK,3.03308749984862e-09,FALSE,Zm00001eb249190,195248494,195251397,downstream,14332
Total,5-190168805,5,195265729,1,BLINK,3.03308749984862e-09,FALSE,Zm00001eb249200,195289178,195290832,upstream,23449
S.Total,9-127778020,9,129733445,1,FarmCPU,3.10996418774364e-09,FALSE,Zm00001eb393250,129727125,129734139,within,0
S.Total,9-127778020,9,129733445,1,FarmCPU,3.10996418774364e-09,FALSE,Zm00001eb393270,129736148,129740088,upstream,2703
S,7-2894570,7,3007756,1,FarmCPU,3.16445850612679e-09,FALSE,Zm00001eb299170,2988311,2990621,downstream,17135
S,7-2894570,7,3007756,1,FarmCPU,3.16445850612679e-09,FALSE,Zm00001eb299190,3026575,3030373,upstream,18819
S,7-2894570,7,3007756,1,FarmCPU,3.16445850612679e-09,FALSE,Zm00001eb299200,3031035,3036632,upstream,23279
C.Total,5-9657906,5,10004964,1,BLINK,3.22810162726161e-09,FALSE,Zm00001eb215700,9991095,9992055,downstream,12909
C.Total,5-9657906,5,10004964,1,BLINK,3.22810162726161e-09,FALSE,Zm00001eb215710,9999369,10002552,downstream,2412
N.IMNTDK,1-213137026,1,216163113,1,FarmCPU,3.23256436464756e-09,FALSE,Zm00001eb041070,216147974,216150812,downstream,12301
N.IMNTDK,1-213137026,1,216163113,1,FarmCPU,3.23256436464756e-09,FALSE,Zm00001eb041080,216155120,216158479,downstream,4634
M,2-159495559,2,163469557,1,FarmCPU,3.26392339662447e-09,FALSE,Zm00001eb095110,163462313,163464023,downstream,5534
Total,3-169116848,3,171669569,1,FarmCPU,3.26419203984652e-09,FALSE,Zm00001eb144540,171685224,171689188,upstream,15655
Total,3-169116848,3,171669569,1,FarmCPU,3.26419203984652e-09,FALSE,Zm00001eb144560,171691901,171696001,upstream,22332
I,10-15636380,10,15953189,1,FarmCPU,3.31267992478195e-09,FALSE,Zm00001eb409110,15952601,15953637,within,0
I,10-15636380,10,15953189,1,FarmCPU,3.31267992478195e-09,FALSE,Zm00001eb409120,15959100,15960555,upstream,5911
I.Total,6-91107306,6,93507408,1,FarmCPU,3.33358184668834e-09,FALSE,Zm00001eb272300,93524293,93529707,upstream,16885
N.E,4-137700111,4,140782212,1,BLINK,3.33872314109132e-09,FALSE,Zm00001eb184410,140757946,140766233,downstream,15979
SGC,7-156249988,7,161605605,1,FarmCPU,3.35510844618675e-09,FALSE,Zm00001eb322510,161584577,161591791,downstream,13814
SGC,5-3488128,5,3588185,1,FarmCPU,3.36993994931162e-09,FALSE,Zm00001eb212330,3566522,3570801,downstream,17384
SGC,5-3488128,5,3588185,1,FarmCPU,3.36993994931162e-09,FALSE,Zm00001eb212340,3571716,3573661,downstream,14524
SGC,5-3488128,5,3588185,1,FarmCPU,3.36993994931162e-09,FALSE,Zm00001eb212350,3603911,3605426,upstream,15726
SGC,5-3488128,5,3588185,1,FarmCPU,3.36993994931162e-09,FALSE,Zm00001eb212360,3606796,3609487,upstream,18611
N,10-96421230,10,96666154,1,FarmCPU,3.3734017058002e-09,FALSE,Zm00001eb418750,96650064,96652797,downstream,13357
N,10-96421230,10,96666154,1,FarmCPU,3.3734017058002e-09,FALSE,Zm00001eb418760,96653576,96732935,within,0
N,10-96421230,10,96666154,1,FarmCPU,3.3734017058002e-09,FALSE,Zm00001eb418770,96656044,96660076,downstream,6078
N,10-96421230,10,96666154,1,FarmCPU,3.3734017058002e-09,FALSE,Zm00001eb418780,96660587,96663638,downstream,2516
Q,4-834964,4,1050378,1,BLINK,3.37920731404324e-09,FALSE,Zm00001eb164350,1033659,1036014,downstream,14364
N.Total,7-164870102,7,170387368,1,FarmCPU,3.3923462589966e-09,FALSE,Zm00001eb325760,170359555,170370301,downstream,17067
N.IMNTDK,10-149289799,10,150601593,1,FarmCPU,3.39297215478402e-09,FALSE,Zm00001eb433810,150587005,150587628,downstream,13965
N.IMNTDK,10-149289799,10,150601593,1,FarmCPU,3.39297215478402e-09,FALSE,Zm00001eb433830,150625805,150628141,upstream,24212
N.IMNTDK,10-149289799,10,150601593,1,FarmCPU,3.39297215478402e-09,FALSE,Zm00001eb433820,150625805,150631478,upstream,24212
I.LAV,3-169620556,3,172184602,1,BLINK,3.39990939776434e-09,FALSE,Zm00001eb144640,172167869,172170088,downstream,14514
I.LAV,3-169620556,3,172184602,1,BLINK,3.39990939776434e-09,FALSE,Zm00001eb144650,172174022,172182707,downstream,1895
I.LAV,3-169620556,3,172184602,1,BLINK,3.39990939776434e-09,FALSE,Zm00001eb144660,172181997,172182673,downstream,1929
IMNTDK,8-3298463,8,3529178,1,FarmCPU,3.41601486038038e-09,FALSE,Zm00001eb332950,3503382,3504923,downstream,24255
IMNTDK,8-3298463,8,3529178,1,FarmCPU,3.41601486038038e-09,FALSE,Zm00001eb332960,3505015,3511701,downstream,17477
IMNTDK,8-3298463,8,3529178,1,FarmCPU,3.41601486038038e-09,FALSE,Zm00001eb332970,3548389,3551595,upstream,19211
T,9-118132115,9,119925196,1,FarmCPU,3.49452592671157e-09,FALSE,Zm00001eb390940,119899160,119900442,downstream,24754
T,9-118132115,9,119925196,1,FarmCPU,3.49452592671157e-09,FALSE,Zm00001eb390950,119901708,119907254,downstream,17942
I,8-150212793,8,155244559,1,FarmCPU,3.54946833252398e-09,FALSE,Zm00001eb360500,155255693,155258083,upstream,11134
D,5-3488128,5,3588185,1,FarmCPU,3.61141796365238e-09,FALSE,Zm00001eb212330,3566522,3570801,downstream,17384
D,5-3488128,5,3588185,1,FarmCPU,3.61141796365238e-09,FALSE,Zm00001eb212340,3571716,3573661,downstream,14524
D,5-3488128,5,3588185,1,FarmCPU,3.61141796365238e-09,FALSE,Zm00001eb212350,3603911,3605426,upstream,15726
D,5-3488128,5,3588185,1,FarmCPU,3.61141796365238e-09,FALSE,Zm00001eb212360,3606796,3609487,upstream,18611
IMNTDK,8-102980603,8,105687855,1,FarmCPU,3.64698139212063e-09,FALSE,Zm00001eb349160,105662308,105668767,downstream,19088
K.IMNTDK,9-4290969,9,3878834,1,BLINK,3.66392249605422e-09,FALSE,Zm00001eb371930,3900305,3901589,upstream,21471
WFY,9-143296510,9,145764224,1,BLINK,3.68785830547227e-09,FALSE,Zm00001eb397660,145732282,145741978,downstream,22246
WFY,9-143296510,9,145764224,1,BLINK,3.68785830547227e-09,FALSE,Zm00001eb397670,145773286,145776634,upstream,9062
WFY,9-143296510,9,145764224,1,BLINK,3.68785830547227e-09,FALSE,Zm00001eb397680,145780598,145781122,upstream,16374
WFY,9-143296510,9,145764224,1,BLINK,3.68785830547227e-09,FALSE,Zm00001eb397690,145781411,145783048,upstream,17187
R.EHPRQ,6-138876939,6,143059497,1,BLINK,3.69716800352383e-09,FALSE,Zm00001eb284120,143072334,143077603,upstream,12837
N.Q,6-148970169,6,152840103,1,FarmCPU,3.70156431380451e-09,FALSE,Zm00001eb286610,152827081,152830839,downstream,9264
N.Q,6-148970169,6,152840103,1,FarmCPU,3.70156431380451e-09,FALSE,Zm00001eb286620,152833719,152839975,downstream,128
N.Q,6-148970169,6,152840103,1,FarmCPU,3.70156431380451e-09,FALSE,Zm00001eb286640,152850371,152857010,upstream,10268
IMNTDK,8-144530447,8,149293282,2,BLINK+FarmCPU,3.73551027532817e-09,TRUE,Zm00001eb358720,149280854,149289728,downstream,3554
IMNTDK,8-144530447,8,149293282,2,BLINK+FarmCPU,3.73551027532817e-09,TRUE,Zm00001eb358730,149290351,149290590,downstream,2692
Q,3-200930592,3,202863742,1,FarmCPU,3.81706132879581e-09,FALSE,Zm00001eb153200,202848154,202853854,downstream,9888
L,2-187084878,2,192024352,1,BLINK,3.82351115108682e-09,FALSE,Zm00001eb100970,192012849,192015174,downstream,9178
IMNTDK,2-9374756,2,9559007,1,BLINK,3.82848210603119e-09,FALSE,Zm00001eb070390,9537038,9540702,downstream,18305
IMNTDK,2-9374756,2,9559007,1,BLINK,3.82848210603119e-09,FALSE,Zm00001eb070400,9565132,9579223,upstream,6125
IMNTDK,2-9374756,2,9559007,1,BLINK,3.82848210603119e-09,FALSE,Zm00001eb070410,9580444,9585378,upstream,21437
IMNTDK,2-9374756,2,9559007,1,BLINK,3.82848210603119e-09,FALSE,Zm00001eb070420,9583582,9584688,upstream,24575
N.D,3-182468087,3,185330224,1,FarmCPU,3.94531267318183e-09,FALSE,Zm00001eb148190,185310483,185313706,downstream,16518
N.Q,5-205846490,5,211413784,1,BLINK,3.98223188701314e-09,FALSE,Zm00001eb252840,211437912,211438763,upstream,24128
N.E,5-208967865,5,214714335,1,FarmCPU,4.0248950585371e-09,FALSE,Zm00001eb254320,214691116,214700122,downstream,14213
W,4-158591514,4,162021265,1,FarmCPU,4.09688708709163e-09,FALSE,Zm00001eb187460,162039578,162041514,upstream,18313
W,4-158591514,4,162021265,1,FarmCPU,4.09688708709163e-09,FALSE,Zm00001eb187470,162042015,162043214,upstream,20750
S.SGC,2-211875444,2,218018567,1,BLINK,4.1062878477824e-09,FALSE,Zm00001eb109180,217993093,217995851,downstream,22716
S.SGC,2-211875444,2,218018567,1,BLINK,4.1062878477824e-09,FALSE,Zm00001eb109190,217998376,218000989,downstream,17578
S.SGC,2-211875444,2,218018567,1,BLINK,4.1062878477824e-09,FALSE,Zm00001eb109200,218027673,218028422,upstream,9106
S.SGC,2-211875444,2,218018567,1,BLINK,4.1062878477824e-09,FALSE,Zm00001eb109210,218034556,218035396,upstream,15989
S.SGC,2-211875444,2,218018567,1,BLINK,4.1062878477824e-09,FALSE,Zm00001eb109220,218035474,218036212,upstream,16907
S.SGC,2-211875444,2,218018567,1,BLINK,4.1062878477824e-09,FALSE,Zm00001eb109230,218036749,218037605,upstream,18182
N.E,8-99390163,8,101870095,1,BLINK,4.16441214374649e-09,FALSE,Zm00001eb348410,101871652,101872012,upstream,1557
Total,2-12691821,2,12958848,1,FarmCPU,4.16694754874798e-09,FALSE,Zm00001eb071940,12953745,12967696,within,0
Total,2-12691821,2,12958848,1,FarmCPU,4.16694754874798e-09,FALSE,Zm00001eb071950,12967996,12969492,upstream,9148
W,10-141384246,10,142755809,1,FarmCPU,4.17982741916478e-09,FALSE,Zm00001eb430120,142762604,142763070,upstream,6795
C.Total,3-132285016,3,132870669,1,FarmCPU,4.18292176944919e-09,FALSE,Zm00001eb137340,132843804,132846091,downstream,24578
Q.Total,10-60075439,10,59207249,1,BLINK,4.24296186149762e-09,FALSE,Zm00001eb413150,59171896,59186690,downstream,20559
I.LAV,2-47072082,2,48395550,1,BLINK,4.25158870382094e-09,FALSE,Zm00001eb081910,48381263,48381938,downstream,13612
I.LAV,2-47072082,2,48395550,1,BLINK,4.25158870382094e-09,FALSE,Zm00001eb081920,48382057,48383013,downstream,12537
I.LAV,2-47072082,2,48395550,1,BLINK,4.25158870382094e-09,FALSE,Zm00001eb081930,48388882,48402806,within,0
G,10-148840622,10,150154298,1,FarmCPU,4.27791481236415e-09,FALSE,Zm00001eb433520,150133263,150134642,downstream,19656
G,10-148840622,10,150154298,1,FarmCPU,4.27791481236415e-09,FALSE,Zm00001eb433530,150163723,150165484,upstream,9425
G,10-148840622,10,150154298,1,FarmCPU,4.27791481236415e-09,FALSE,Zm00001eb433540,150168727,150169960,upstream,14429
G,10-148840622,10,150154298,1,FarmCPU,4.27791481236415e-09,FALSE,Zm00001eb433550,150175007,150177685,upstream,20709
N.Q,5-183533475,5,188141540,1,BLINK,4.29346144609239e-09,FALSE,Zm00001eb247140,188132530,188137198,downstream,4342
N.Q,5-183533475,5,188141540,1,BLINK,4.29346144609239e-09,FALSE,Zm00001eb247150,188154817,188161165,upstream,13277
I,2-231615843,2,237964625,2,BLINK+FarmCPU,4.4327240508953e-09,TRUE,Zm00001eb116160,237933529,237941319,downstream,23306
H,4-70875710,4,73545814,1,FarmCPU,4.47883757882626e-09,FALSE,Zm00001eb178220,73537864,73539108,downstream,6706
H,2-46980390,2,48291778,2,BLINK+FarmCPU,4.48045897671818e-09,TRUE,Zm00001eb081900,48302544,48307701,upstream,10766
I,7-163968722,7,169442783,1,FarmCPU,4.5211631304179e-09,FALSE,Zm00001eb325500,169447647,169456072,upstream,4864
I,7-163968722,7,169442783,1,FarmCPU,4.5211631304179e-09,FALSE,Zm00001eb325510,169456289,169457748,upstream,13506
F,6-136874897,6,140798825,1,FarmCPU,4.67235149666842e-09,FALSE,Zm00001eb283480,140782986,140783757,downstream,15068
F,6-136874897,6,140798825,1,FarmCPU,4.67235149666842e-09,FALSE,Zm00001eb283490,140783161,140783735,downstream,15090
F,6-136874897,6,140798825,1,FarmCPU,4.67235149666842e-09,FALSE,Zm00001eb283500,140793522,140794322,downstream,4503
F,6-136874897,6,140798825,1,FarmCPU,4.67235149666842e-09,FALSE,Zm00001eb283510,140800696,140805442,upstream,1871
N.E,7-77915124,7,80578059,1,FarmCPU,4.69011468833237e-09,FALSE,Zm00001eb308740,80598735,80599275,upstream,20676
N.E,7-77915124,7,80578059,1,FarmCPU,4.69011468833237e-09,FALSE,Zm00001eb308750,80600045,80602445,upstream,21986
N.D,1-95112952,1,97330504,1,FarmCPU,4.69864323947553e-09,FALSE,Zm00001eb024000,97350213,97351247,upstream,19709
R.Total,6-110786482,6,110879429,1,BLINK,4.71277495472686e-09,FALSE,Zm00001eb276320,110862898,110864487,downstream,14942
R.Total,6-110786482,6,110879429,1,BLINK,4.71277495472686e-09,FALSE,Zm00001eb276330,110865046,110866729,downstream,12700
G,8-161172166,8,166622121,1,FarmCPU,4.73981073647496e-09,FALSE,Zm00001eb363860,166589585,166598061,downstream,24060
G,8-161172166,8,166622121,1,FarmCPU,4.73981073647496e-09,FALSE,Zm00001eb363870,166603297,166606794,downstream,15327
G,8-161172166,8,166622121,1,FarmCPU,4.73981073647496e-09,FALSE,Zm00001eb363880,166608507,166611483,downstream,10638
G,8-161172166,8,166622121,1,FarmCPU,4.73981073647496e-09,FALSE,Zm00001eb363890,166615087,166620188,downstream,1933
G,8-161172166,8,166622121,1,FarmCPU,4.73981073647496e-09,FALSE,Zm00001eb363900,166627416,166627768,upstream,5295
G,8-161172166,8,166622121,1,FarmCPU,4.73981073647496e-09,FALSE,Zm00001eb363910,166629133,166632749,upstream,7012
G,8-161172166,8,166622121,1,FarmCPU,4.73981073647496e-09,FALSE,Zm00001eb363920,166632187,166633529,upstream,10066
G,8-161172166,8,166622121,1,FarmCPU,4.73981073647496e-09,FALSE,Zm00001eb363930,166641691,166642700,upstream,19570
G,8-161172166,8,166622121,1,FarmCPU,4.73981073647496e-09,FALSE,Zm00001eb363940,166643604,166644935,upstream,21483
C.Total,1-25376187,1,25721841,1,FarmCPU,4.77281880922348e-09,FALSE,Zm00001eb008520,25697493,25700460,downstream,21381
F,9-154011317,9,156893486,1,FarmCPU,4.78755194438945e-09,FALSE,Zm00001eb401790,156879699,156884676,downstream,8810
F,9-154011317,9,156893486,1,FarmCPU,4.78755194438945e-09,FALSE,Zm00001eb401800,156898657,156906703,upstream,5171
D.IMNTDK,10-85759485,10,85735179,1,BLINK,4.81621009121312e-09,FALSE,Zm00001eb416920,85709705,85730122,downstream,5057
D.IMNTDK,10-85759485,10,85735179,1,BLINK,4.81621009121312e-09,FALSE,Zm00001eb416930,85732525,85732865,downstream,2314
D.IMNTDK,10-85759485,10,85735179,1,BLINK,4.81621009121312e-09,FALSE,Zm00001eb416940,85732962,85754338,within,0
D.IMNTDK,10-85759485,10,85735179,1,BLINK,4.81621009121312e-09,FALSE,Zm00001eb416950,85755230,85759300,upstream,20051
I.Total,8-13977777,8,14353966,1,FarmCPU,4.84919465002287e-09,FALSE,Zm00001eb335730,14354170,14360798,upstream,204
R.EHPRQ,2-101875194,2,104142188,1,BLINK,4.85357089691676e-09,FALSE,Zm00001eb087880,104158388,104159770,upstream,16200
IVL,2-1565108,2,1557470,1,FarmCPU,4.87250416367613e-09,FALSE,Zm00001eb065900,1528205,1534192,downstream,23278
IVL,2-1565108,2,1557470,1,FarmCPU,4.87250416367613e-09,FALSE,Zm00001eb065910,1532690,1533919,downstream,23551
IVL,2-1565108,2,1557470,1,FarmCPU,4.87250416367613e-09,FALSE,Zm00001eb065920,1535426,1539474,downstream,17996
IVL,2-1565108,2,1557470,1,FarmCPU,4.87250416367613e-09,FALSE,Zm00001eb065930,1540675,1542738,downstream,14732
IVL,2-1565108,2,1557470,1,FarmCPU,4.87250416367613e-09,FALSE,Zm00001eb065940,1544730,1548469,downstream,9001
IVL,2-1565108,2,1557470,1,FarmCPU,4.87250416367613e-09,FALSE,Zm00001eb065950,1571478,1591655,upstream,14008
N.Q,10-148895505,10,150209178,1,FarmCPU,4.88718771862884e-09,FALSE,Zm00001eb433570,150196558,150197968,downstream,11210
N.Q,10-148895505,10,150209178,1,FarmCPU,4.88718771862884e-09,FALSE,Zm00001eb433590,150200079,150200583,downstream,8595
N.Q,10-148895505,10,150209178,1,FarmCPU,4.88718771862884e-09,FALSE,Zm00001eb433600,150208350,150209096,downstream,82
N.Q,10-148895505,10,150209178,1,FarmCPU,4.88718771862884e-09,FALSE,Zm00001eb433610,150210945,150217530,upstream,1767
Total,3-10439152,3,9729407,1,FarmCPU,4.95383036801928e-09,FALSE,Zm00001eb122270,9746003,9777132,upstream,16596
K.IMNTDK,2-189020989,2,194024480,1,BLINK,4.96932554277554e-09,FALSE,Zm00001eb101460,194017594,194020171,downstream,4309
K.IMNTDK,2-189020989,2,194024480,1,BLINK,4.96932554277554e-09,FALSE,Zm00001eb101470,194021443,194023857,downstream,623
K.IMNTDK,2-189020989,2,194024480,1,BLINK,4.96932554277554e-09,FALSE,Zm00001eb101480,194049063,194052990,upstream,24583
N,3-225607632,3,229323284,1,FarmCPU,4.98536860633123e-09,FALSE,Zm00001eb161460,229301492,229303324,downstream,19960
N,3-225607632,3,229323284,1,FarmCPU,4.98536860633123e-09,FALSE,Zm00001eb161470,229303926,229305553,downstream,17731
N,3-225607632,3,229323284,1,FarmCPU,4.98536860633123e-09,FALSE,Zm00001eb161480,229310053,229311170,downstream,12114
N,3-225607632,3,229323284,1,FarmCPU,4.98536860633123e-09,FALSE,Zm00001eb161490,229311998,229316041,downstream,7243
I.IMNTDK,1-205931169,1,208723016,1,FarmCPU,4.98663966115682e-09,FALSE,Zm00001eb039240,208732022,208734458,upstream,9006
I.IMNTDK,1-205931169,1,208723016,1,FarmCPU,4.98663966115682e-09,FALSE,Zm00001eb039250,208735903,208736413,upstream,12887
I.IMNTDK,1-205931169,1,208723016,1,FarmCPU,4.98663966115682e-09,FALSE,Zm00001eb039260,208741426,208741779,upstream,18410
S,9-120095178,9,121579333,1,FarmCPU,5.04225067838683e-09,FALSE,Zm00001eb391360,121577280,121579091,downstream,242
Total,2-128802680,2,132337921,1,FarmCPU,5.14055214685065e-09,FALSE,Zm00001eb090990,132342500,132374790,upstream,4579
Total,8-9921211,8,10291427,1,FarmCPU,5.15380326236585e-09,FALSE,Zm00001eb334740,10263392,10267843,downstream,23584
I.IVL,8-92690558,8,94991871,1,BLINK,5.19113317559167e-09,FALSE,Zm00001eb347360,95014062,95015848,upstream,22191
WFY,8-70652967,8,72253605,1,BLINK,5.23649247418926e-09,FALSE,Zm00001eb343930,72227605,72254725,within,0
WFY,8-70652967,8,72253605,1,BLINK,5.23649247418926e-09,FALSE,Zm00001eb343940,72268035,72269398,upstream,14430
WFY,8-70652967,8,72253605,1,BLINK,5.23649247418926e-09,FALSE,Zm00001eb343950,72277154,72283679,upstream,23549
N.IMNTDK,1-292139064,1,297581104,1,FarmCPU,5.31539104250887e-09,FALSE,Zm00001eb061760,297567079,297569404,downstream,11700
N.IMNTDK,1-292139064,1,297581104,1,FarmCPU,5.31539104250887e-09,FALSE,Zm00001eb061770,297575792,297585017,within,0
N,9-98043271,9,100459401,1,FarmCPU,5.34527622451042e-09,FALSE,Zm00001eb387180,100480491,100488252,upstream,21090
EHPRQ,2-128802680,2,132337921,1,FarmCPU,5.38285309732569e-09,FALSE,Zm00001eb090990,132342500,132374790,upstream,4579
Q.EHPRQ,10-128236517,10,129361017,1,FarmCPU,5.38634553416022e-09,FALSE,Zm00001eb425380,129367210,129370925,upstream,6193
H,1-265468187,1,270205399,1,FarmCPU,5.40938309873505e-09,FALSE,Zm00001eb053840,270219259,270221485,upstream,13860
N.E,7-21972203,7,23028357,1,FarmCPU,5.41879102243112e-09,FALSE,Zm00001eb303830,23031875,23036718,upstream,3518
D.IMNTDK,8-172442272,8,178186560,1,MLM,5.46032747894515e-09,FALSE,Zm00001eb369570,178179290,178181686,downstream,4874
D.IMNTDK,8-172442272,8,178186560,1,MLM,5.46032747894515e-09,FALSE,Zm00001eb369580,178205192,178207109,upstream,18632
D.IMNTDK,8-172442272,8,178186560,1,MLM,5.46032747894515e-09,FALSE,Zm00001eb369590,178210343,178213954,upstream,23783
E,6-136950108,6,140872881,1,BLINK,5.48126546516936e-09,FALSE,Zm00001eb283520,140866155,140869877,downstream,3004
E,6-136950108,6,140872881,1,BLINK,5.48126546516936e-09,FALSE,Zm00001eb283530,140882012,140885093,upstream,9131
I.IVL,5-210916277,5,216732452,1,BLINK,5.60659965336104e-09,FALSE,Zm00001eb255310,216703716,216712501,downstream,19951
I.IVL,5-210916277,5,216732452,1,BLINK,5.60659965336104e-09,FALSE,Zm00001eb255320,216715635,216718320,downstream,14132
I.IVL,5-210916277,5,216732452,1,BLINK,5.60659965336104e-09,FALSE,Zm00001eb255330,216718016,216718322,downstream,14130
I.IVL,5-210916277,5,216732452,1,BLINK,5.60659965336104e-09,FALSE,Zm00001eb255340,216726674,216732834,within,0
F,10-114758406,10,115754451,1,FarmCPU,5.62018558463257e-09,FALSE,Zm00001eb421720,115758158,115766465,upstream,3707
S.Total,2-99021325,2,101198796,1,FarmCPU,5.70398797075931e-09,FALSE,Zm00001eb087650,101175827,101189759,downstream,9037
N.IMNTDK,8-172442224,8,178186512,1,FarmCPU,5.78125152857122e-09,FALSE,Zm00001eb369570,178179290,178181686,downstream,4826
N.IMNTDK,8-172442224,8,178186512,1,FarmCPU,5.78125152857122e-09,FALSE,Zm00001eb369580,178205192,178207109,upstream,18680
N.IMNTDK,8-172442224,8,178186512,1,FarmCPU,5.78125152857122e-09,FALSE,Zm00001eb369590,178210343,178213954,upstream,23831
N.D,6-109339521,6,113840506,1,FarmCPU,5.79025310036528e-09,FALSE,Zm00001eb277110,113822769,113844705,within,0
N.D,6-109339521,6,113840506,1,FarmCPU,5.79025310036528e-09,FALSE,Zm00001eb277130,113850492,113852776,upstream,9986
N.D,6-109339521,6,113840506,1,FarmCPU,5.79025310036528e-09,FALSE,Zm00001eb277140,113861423,113862944,upstream,20917
N.D,6-109339521,6,113840506,1,FarmCPU,5.79025310036528e-09,FALSE,Zm00001eb277150,113864155,113888062,upstream,23649
N.D,6-109339521,6,113840506,1,FarmCPU,5.79025310036528e-09,FALSE,Zm00001eb277160,113864229,113893982,upstream,23723
IVL,2-145617631,2,149548960,1,FarmCPU,5.91660591319292e-09,FALSE,Zm00001eb092950,149528548,149529204,downstream,19756
N.Q,8-1324783,8,1483612,1,FarmCPU,5.94447288557418e-09,FALSE,Zm00001eb332460,1470417,1471783,downstream,11829
N.Q,8-1324783,8,1483612,1,FarmCPU,5.94447288557418e-09,FALSE,Zm00001eb332470,1470694,1471850,downstream,11762
WFY,9-154773766,9,157674042,1,FarmCPU,5.96836997459576e-09,FALSE,Zm00001eb402200,157693146,157697816,upstream,19104
H,5-205002106,5,210577283,1,FarmCPU,5.98987722489224e-09,FALSE,Zm00001eb252610,210541217,210560940,downstream,16343
H,5-205002106,5,210577283,1,FarmCPU,5.98987722489224e-09,FALSE,Zm00001eb252620,210562681,210567226,downstream,10057
IMNTDK,10-95393475,10,95622844,1,FarmCPU,6.12346638545139e-09,FALSE,Zm00001eb418600,95612591,95616488,downstream,6356
I.IVL,5-203836062,5,209225233,1,BLINK,6.26182856942578e-09,FALSE,Zm00001eb252160,209204832,209206116,downstream,19117
S,2-210485704,2,216679985,1,FarmCPU,6.27323832171548e-09,FALSE,Zm00001eb108590,216645046,216658139,downstream,21846
S,2-210485704,2,216679985,1,FarmCPU,6.27323832171548e-09,FALSE,Zm00001eb108600,216659072,216660797,downstream,19188
S,2-210485704,2,216679985,1,FarmCPU,6.27323832171548e-09,FALSE,Zm00001eb108610,216661557,216674624,downstream,5361
E.Total,9-128375549,9,130359934,1,BLINK,6.30955418227838e-09,FALSE,Zm00001eb393450,130359239,130360506,within,0
N.IMNTDK,4-127884960,4,130890670,1,FarmCPU,6.45162648744065e-09,FALSE,Zm00001eb183200,130897756,130913564,upstream,7086
S,9-128364318,9,130348703,1,FarmCPU,6.45271498742648e-09,FALSE,Zm00001eb393450,130359239,130360506,upstream,10536
EHPRQ,10-80660047,10,80063562,1,FarmCPU,6.47360935430874e-09,FALSE,Zm00001eb415870,80066228,80067322,upstream,2666
S,3-134021064,3,134640837,1,FarmCPU,6.47767948026827e-09,FALSE,Zm00001eb137620,134644970,134663218,upstream,4133
S,3-134021064,3,134640837,1,FarmCPU,6.47767948026827e-09,FALSE,Zm00001eb137630,134647159,134647760,upstream,6322
S,3-134021064,3,134640837,1,FarmCPU,6.47767948026827e-09,FALSE,Zm00001eb137660,134657341,134658283,upstream,16504
S,3-134021064,3,134640837,1,FarmCPU,6.47767948026827e-09,FALSE,Zm00001eb137670,134661154,134662302,upstream,20317
S,3-134021064,3,134640837,1,FarmCPU,6.47767948026827e-09,FALSE,Zm00001eb137680,134664632,134688431,upstream,23795
C.SGC,9-36225309,9,36688796,1,BLINK,6.54416957676528e-09,FALSE,Zm00001eb380300,36683341,36684465,downstream,4331
C.SGC,9-36225309,9,36688796,1,BLINK,6.54416957676528e-09,FALSE,Zm00001eb380310,36685904,36686384,downstream,2412
E,5-147010140,5,150419645,1,BLINK,6.55194208766875e-09,FALSE,Zm00001eb239060,150412297,150412707,downstream,6938
I,1-262875694,1,267645607,1,FarmCPU,6.55699383975588e-09,FALSE,Zm00001eb053220,267631580,267651064,within,0
I,1-262875694,1,267645607,1,FarmCPU,6.55699383975588e-09,FALSE,Zm00001eb053230,267650405,267667203,upstream,4798
V,4-44799113,4,46618535,1,FarmCPU,6.639268445932e-09,FALSE,Zm00001eb175140,46584268,46595970,downstream,22565
D.IMNTDK,8-172442162,8,178186450,1,MLM,6.72467201852879e-09,FALSE,Zm00001eb369570,178179290,178181686,downstream,4764
D.IMNTDK,8-172442162,8,178186450,1,MLM,6.72467201852879e-09,FALSE,Zm00001eb369580,178205192,178207109,upstream,18742
D.IMNTDK,8-172442162,8,178186450,1,MLM,6.72467201852879e-09,FALSE,Zm00001eb369590,178210343,178213954,upstream,23893
F.Total,3-146714764,3,147808729,1,BLINK,6.81977116565937e-09,FALSE,Zm00001eb140150,147824641,147824943,upstream,15912
F.Total,3-146714764,3,147808729,1,BLINK,6.81977116565937e-09,FALSE,Zm00001eb140160,147827248,147830938,upstream,18519
Y,4-2039676,4,2591170,1,FarmCPU,6.9210893009743e-09,FALSE,Zm00001eb164910,2599296,2600296,upstream,8126
K.IMNTDK,1-175995144,1,177925122,1,FarmCPU,6.93020593923679e-09,FALSE,Zm00001eb031760,177940474,177942486,upstream,15352
I,10-114791094,10,115787066,1,FarmCPU,6.94464062636172e-09,FALSE,Zm00001eb421720,115758158,115766465,downstream,20601
I,10-114791094,10,115787066,1,FarmCPU,6.94464062636172e-09,FALSE,Zm00001eb421730,115805194,115806917,upstream,18128
N.Total,6-109339521,6,113840506,1,BLINK,6.95614186225216e-09,FALSE,Zm00001eb277110,113822769,113844705,within,0
N.Total,6-109339521,6,113840506,1,BLINK,6.95614186225216e-09,FALSE,Zm00001eb277130,113850492,113852776,upstream,9986
N.Total,6-109339521,6,113840506,1,BLINK,6.95614186225216e-09,FALSE,Zm00001eb277140,113861423,113862944,upstream,20917
N.Total,6-109339521,6,113840506,1,BLINK,6.95614186225216e-09,FALSE,Zm00001eb277150,113864155,113888062,upstream,23649
N.Total,6-109339521,6,113840506,1,BLINK,6.95614186225216e-09,FALSE,Zm00001eb277160,113864229,113893982,upstream,23723
K,10-136156458,10,137349585,1,BLINK,6.96145519947255e-09,FALSE,Zm00001eb428020,137348959,137349907,within,0
N.Total,5-99134399,5,101600591,1,FarmCPU,7.06479833561141e-09,FALSE,Zm00001eb234750,101616810,101621419,upstream,16219
D.IMNTDK,10-140803333,10,142160562,1,FarmCPU,7.16627821457231e-09,FALSE,Zm00001eb429900,142134400,142137401,downstream,23161
D.IMNTDK,10-140803333,10,142160562,1,FarmCPU,7.16627821457231e-09,FALSE,Zm00001eb429910,142138491,142142102,downstream,18460
D.IMNTDK,10-140803333,10,142160562,1,FarmCPU,7.16627821457231e-09,FALSE,Zm00001eb429920,142142948,142145541,downstream,15021
D.IMNTDK,10-140803333,10,142160562,1,FarmCPU,7.16627821457231e-09,FALSE,Zm00001eb429930,142152824,142161250,within,0
SGC,2-9552532,2,9725847,1,FarmCPU,7.29537057965088e-09,FALSE,Zm00001eb070440,9726744,9727292,upstream,897
I,5-6875844,5,7142947,1,BLINK,7.29607763376319e-09,FALSE,Zm00001eb214530,7116022,7119326,downstream,23621
I,5-6875844,5,7142947,1,BLINK,7.29607763376319e-09,FALSE,Zm00001eb214540,7119431,7125393,downstream,17554
I,5-6875844,5,7142947,1,BLINK,7.29607763376319e-09,FALSE,Zm00001eb214550,7127227,7128227,downstream,14720
I,5-6875844,5,7142947,1,BLINK,7.29607763376319e-09,FALSE,Zm00001eb214560,7130644,7135745,downstream,7202
EHPRQ,5-190168805,5,195265729,1,BLINK,7.33036595423436e-09,FALSE,Zm00001eb249190,195248494,195251397,downstream,14332
EHPRQ,5-190168805,5,195265729,1,BLINK,7.33036595423436e-09,FALSE,Zm00001eb249200,195289178,195290832,upstream,23449
S,7-174449949,7,179965839,1,FarmCPU,7.54826716885938e-09,FALSE,Zm00001eb329600,179948107,179950130,downstream,15709
S,7-174449949,7,179965839,1,FarmCPU,7.54826716885938e-09,FALSE,Zm00001eb329610,179948206,179950238,downstream,15601
S,7-174449949,7,179965839,1,FarmCPU,7.54826716885938e-09,FALSE,Zm00001eb329620,179951204,179954307,downstream,11532
S,7-174449949,7,179965839,1,FarmCPU,7.54826716885938e-09,FALSE,Zm00001eb329630,179969866,179974844,upstream,4027
M,9-127205436,9,129003121,1,FarmCPU,7.57062007427943e-09,FALSE,Zm00001eb393090,128993817,128996693,downstream,6428
M,9-127205436,9,129003121,1,FarmCPU,7.57062007427943e-09,FALSE,Zm00001eb393100,129009351,129024641,upstream,6230
W,4-69025877,4,71700034,1,FarmCPU,7.596915279308e-09,FALSE,Zm00001eb178040,71707463,71715512,upstream,7429
K,6-33186508,6,34755528,1,FarmCPU,7.67229532811637e-09,FALSE,Zm00001eb265260,34770244,34772016,upstream,14716
Total,2-118529942,2,121828735,1,FarmCPU,7.67499108016928e-09,FALSE,Zm00001eb090140,121804167,121805555,downstream,23180
Total,2-118529942,2,121828735,1,FarmCPU,7.67499108016928e-09,FALSE,Zm00001eb090160,121851020,121852010,upstream,22285
N.D,4-166954693,4,169877549,1,FarmCPU,7.682383029056e-09,FALSE,Zm00001eb189620,169901854,169902210,upstream,24305
I.IMNTDK,1-194721545,1,197077550,1,FarmCPU,7.69659207198742e-09,FALSE,Zm00001eb036220,197072188,197074012,downstream,3538
I.IMNTDK,1-194721545,1,197077550,1,FarmCPU,7.69659207198742e-09,FALSE,Zm00001eb036230,197097164,197108345,upstream,19614
SGC,6-148111452,6,151992196,1,FarmCPU,7.74644636449641e-09,FALSE,Zm00001eb286340,151996513,152016721,upstream,4317
C,1-291941684,1,297386490,1,FarmCPU,7.76607384909826e-09,FALSE,Zm00001eb061650,297392282,297392885,upstream,5792
M.IMNTDK,4-187209860,4,190493255,1,BLINK,7.86423314656085e-09,FALSE,Zm00001eb195600,190470107,190476970,downstream,16285
M.IMNTDK,4-187209860,4,190493255,1,BLINK,7.86423314656085e-09,FALSE,Zm00001eb195620,190492895,190496150,within,0
N.D,6-120773887,6,124475957,1,FarmCPU,7.86437499770539e-09,FALSE,Zm00001eb279810,124492678,124498780,upstream,16721
D.IMNTDK,1-216842529,1,219976660,1,FarmCPU,7.98940758277476e-09,FALSE,Zm00001eb041830,219953693,219954034,downstream,22626
Q,3-182229443,3,185096942,1,FarmCPU,8.0447243140167e-09,FALSE,Zm00001eb148130,185093948,185095922,downstream,1020
Q,3-182229443,3,185096942,1,FarmCPU,8.0447243140167e-09,FALSE,Zm00001eb148140,185096251,185096784,downstream,158
D,7-170427582,7,175991165,1,FarmCPU,8.05635890465092e-09,FALSE,Zm00001eb327900,175971614,175974766,downstream,16399
D,7-170427582,7,175991165,1,FarmCPU,8.05635890465092e-09,FALSE,Zm00001eb327910,175982697,175987207,downstream,3958
IMNTDK,5-1986888,5,2074349,1,BLINK,8.18659530041458e-09,FALSE,Zm00001eb211270,2048992,2051136,downstream,23213
IMNTDK,5-1986888,5,2074349,1,BLINK,8.18659530041458e-09,FALSE,Zm00001eb211280,2083235,2084041,upstream,8886
IMNTDK,5-1986888,5,2074349,1,BLINK,8.18659530041458e-09,FALSE,Zm00001eb211290,2089370,2090167,upstream,15021
A,4-17070344,4,18187214,1,BLINK,8.25156781078575e-09,FALSE,Zm00001eb169210,18211468,18213876,upstream,24254
L,5-1728235,5,1765012,1,FarmCPU,8.34158492927297e-09,FALSE,Zm00001eb210990,1756765,1758393,downstream,6619
L,5-1728235,5,1765012,1,FarmCPU,8.34158492927297e-09,FALSE,Zm00001eb211000,1772434,1777827,upstream,7422
Total,9-143296510,9,145764224,1,FarmCPU,8.37304854905307e-09,FALSE,Zm00001eb397660,145732282,145741978,downstream,22246
Total,9-143296510,9,145764224,1,FarmCPU,8.37304854905307e-09,FALSE,Zm00001eb397670,145773286,145776634,upstream,9062
Total,9-143296510,9,145764224,1,FarmCPU,8.37304854905307e-09,FALSE,Zm00001eb397680,145780598,145781122,upstream,16374
Total,9-143296510,9,145764224,1,FarmCPU,8.37304854905307e-09,FALSE,Zm00001eb397690,145781411,145783048,upstream,17187
E,3-139700320,3,140389197,1,FarmCPU,8.38772931519166e-09,FALSE,Zm00001eb138700,140396610,140398462,upstream,7413
E,3-139700320,3,140389197,1,FarmCPU,8.38772931519166e-09,FALSE,Zm00001eb138710,140400894,140407399,upstream,11697
N.D,8-152128161,8,157263627,1,FarmCPU,8.40475292271891e-09,FALSE,Zm00001eb361010,157256639,157261521,downstream,2106
M,5-216467557,5,222330803,1,BLINK,8.45235619964612e-09,FALSE,Zm00001eb257910,222310139,222315127,downstream,15676
M,5-216467557,5,222330803,1,BLINK,8.45235619964612e-09,FALSE,Zm00001eb257920,222321057,222323423,downstream,7380
M,5-216467557,5,222330803,1,BLINK,8.45235619964612e-09,FALSE,Zm00001eb257930,222350434,222353154,upstream,19631
T,3-5777361,3,4940930,1,FarmCPU,8.55991932353134e-09,FALSE,Zm00001eb120700,4918339,4919993,downstream,20937
T,3-5777361,3,4940930,1,FarmCPU,8.55991932353134e-09,FALSE,Zm00001eb120710,4936787,4946417,within,0
T,3-5777361,3,4940930,1,FarmCPU,8.55991932353134e-09,FALSE,Zm00001eb120730,4958015,4971330,upstream,17085
S.Total,4-213937678,4,217460539,1,FarmCPU,8.60140613470649e-09,FALSE,Zm00001eb201850,217457135,217458574,downstream,1965
N.E,2-193433554,2,198518411,1,FarmCPU,8.61695972044128e-09,FALSE,Zm00001eb102550,198528135,198534542,upstream,9724
R.Total,8-87289472,8,89569329,2,BLINK+FarmCPU,8.64753676938101e-09,TRUE,Zm00001eb346720,89553728,89554009,downstream,15320
R.Total,8-87289472,8,89569329,2,BLINK+FarmCPU,8.64753676938101e-09,TRUE,Zm00001eb346740,89557364,89565221,downstream,4108
R.Total,8-87289472,8,89569329,2,BLINK+FarmCPU,8.64753676938101e-09,TRUE,Zm00001eb346750,89567205,89591241,within,0
P,10-130097133,10,131238398,1,FarmCPU,8.6529714947788e-09,FALSE,Zm00001eb426000,131222656,131239168,within,0
P,10-130097133,10,131238398,1,FarmCPU,8.6529714947788e-09,FALSE,Zm00001eb426010,131239331,131242574,upstream,933
P,10-130097133,10,131238398,1,FarmCPU,8.6529714947788e-09,FALSE,Zm00001eb426020,131246080,131256603,upstream,7682
P,10-130097133,10,131238398,1,FarmCPU,8.6529714947788e-09,FALSE,Zm00001eb426030,131256678,131263741,upstream,18280
P,10-130097133,10,131238398,1,FarmCPU,8.6529714947788e-09,FALSE,Zm00001eb426040,131261035,131262130,upstream,22637
R.EHPRQ,2-23469509,2,24114772,1,FarmCPU,8.67574867237169e-09,FALSE,Zm00001eb075500,24073106,24095811,downstream,18961
R.EHPRQ,2-223535021,2,229927612,1,FarmCPU,8.71348260517976e-09,FALSE,Zm00001eb113250,229926259,229926858,downstream,754
R.EHPRQ,2-223535021,2,229927612,1,FarmCPU,8.71348260517976e-09,FALSE,Zm00001eb113260,229928919,229930603,upstream,1307
R.EHPRQ,2-223535021,2,229927612,1,FarmCPU,8.71348260517976e-09,FALSE,Zm00001eb113280,229934244,229939076,upstream,6632
R.EHPRQ,2-223535021,2,229927612,1,FarmCPU,8.71348260517976e-09,FALSE,Zm00001eb113290,229943419,229955560,upstream,15807
D.IMNTDK,4-41407096,4,43121275,1,FarmCPU,8.72275953404616e-09,FALSE,Zm00001eb174550,43096908,43102392,downstream,18883
S,5-214329130,5,220156024,1,FarmCPU,8.74526350997143e-09,FALSE,Zm00001eb256770,220133324,220142418,downstream,13606
S,5-214329130,5,220156024,1,FarmCPU,8.74526350997143e-09,FALSE,Zm00001eb256780,220143022,220158618,within,0
S,5-214329130,5,220156024,1,FarmCPU,8.74526350997143e-09,FALSE,Zm00001eb256800,220159135,220159994,upstream,3111
S,5-214329130,5,220156024,1,FarmCPU,8.74526350997143e-09,FALSE,Zm00001eb256810,220163613,220164703,upstream,7589
S,5-214329130,5,220156024,1,FarmCPU,8.74526350997143e-09,FALSE,Zm00001eb256820,220175063,220175951,upstream,19039
G,2-172461792,2,176648033,1,FarmCPU,8.75284464483762e-09,FALSE,Zm00001eb097390,176618204,176628402,downstream,19631
N,2-232001309,2,238192220,1,FarmCPU,8.77779015809648e-09,FALSE,Zm00001eb116210,238154020,238183449,downstream,8771
IMNTDK,2-164937677,2,168998312,1,FarmCPU,8.80506979906654e-09,FALSE,Zm00001eb095800,169015055,169018298,upstream,16743
EHPRQ,7-166435507,7,172009639,1,FarmCPU,8.82085769447842e-09,FALSE,Zm00001eb326610,171982845,171993869,downstream,15770
EHPRQ,7-166435507,7,172009639,1,FarmCPU,8.82085769447842e-09,FALSE,Zm00001eb326620,172000957,172006164,downstream,3475
W,1-2536526,1,2629840,1,FarmCPU,9.11413963852314e-09,FALSE,Zm00001eb000620,2620295,2626950,downstream,2890
W,1-2536526,1,2629840,1,FarmCPU,9.11413963852314e-09,FALSE,Zm00001eb000630,2641853,2644732,upstream,12013
Total_PBAA,1-291197690,1,296620633,1,BLINK,9.14233175445027e-09,FALSE,Zm00001eb061370,296584306,296607725,downstream,12908
IMNTDK,1-219234116,1,222404541,1,FarmCPU,9.170419356627e-09,FALSE,Zm00001eb042230,222416053,222428214,upstream,11512
C.Total,10-115632059,10,116642926,1,FarmCPU,9.32767499198154e-09,FALSE,Zm00001eb421910,116630994,116631964,downstream,10962
N,5-202345054,5,207736481,1,FarmCPU,9.40665039055462e-09,FALSE,Zm00001eb251610,207723852,207725272,downstream,11209
P,3-86915953,3,112369730,1,FarmCPU,9.41110854180807e-09,FALSE,Zm00001eb134680,112350370,112358534,downstream,11196
M,4-87765849,4,91140363,1,BLINK,9.44454695543289e-09,FALSE,Zm00001eb180150,91156631,91160957,upstream,16268
P,7-156783044,7,162164143,1,FarmCPU,9.48205359281656e-09,FALSE,Zm00001eb322660,162177632,162178621,upstream,13489
P,7-156783044,7,162164143,1,FarmCPU,9.48205359281656e-09,FALSE,Zm00001eb322670,162185107,162185811,upstream,20964
S.Total,1-52629778,1,53303897,1,FarmCPU,9.64315194450877e-09,FALSE,Zm00001eb015550,53328775,53331330,upstream,24878
C.Total,3-189528140,3,192365679,1,FarmCPU,9.68157526270069e-09,FALSE,Zm00001eb150330,192357835,192358152,downstream,7527
C.Total,3-189528140,3,192365679,1,FarmCPU,9.68157526270069e-09,FALSE,Zm00001eb150340,192364891,192371330,within,0
C.Total,3-189528140,3,192365679,1,FarmCPU,9.68157526270069e-09,FALSE,Zm00001eb150350,192375643,192379968,upstream,9964
R.Total,5-192900027,5,198245008,1,FarmCPU,9.84721048014435e-09,FALSE,Zm00001eb250120,198232923,198234455,downstream,10553
R.Total,5-192900027,5,198245008,1,FarmCPU,9.84721048014435e-09,FALSE,Zm00001eb250130,198245849,198246242,upstream,841
K,5-204149072,5,209540653,1,BLINK,9.86662535557909e-09,FALSE,Zm00001eb252240,209557985,209563039,upstream,17332
K,5-204149072,5,209540653,1,BLINK,9.86662535557909e-09,FALSE,Zm00001eb252250,209564135,209570011,upstream,23482
WFY,1-301044718,1,306590007,1,FarmCPU,1.00772543798954e-08,FALSE,Zm00001eb064990,306562271,306569265,downstream,20742
WFY,1-301044718,1,306590007,1,FarmCPU,1.00772543798954e-08,FALSE,Zm00001eb065000,306610880,306611964,upstream,20873
K.IMNTDK,8-165091578,8,170737826,1,FarmCPU,1.01364395634095e-08,FALSE,Zm00001eb365770,170719020,170720483,downstream,17343
K.IMNTDK,8-165091578,8,170737826,1,FarmCPU,1.01364395634095e-08,FALSE,Zm00001eb365780,170721485,170725722,downstream,12104
K.IMNTDK,8-165091578,8,170737826,1,FarmCPU,1.01364395634095e-08,FALSE,Zm00001eb365790,170735402,170736601,downstream,1225
K.IMNTDK,8-165091578,8,170737826,1,FarmCPU,1.01364395634095e-08,FALSE,Zm00001eb365800,170753186,170755383,upstream,15360
S.Total,2-163421229,2,167432315,1,BLINK,1.01869793607524e-08,FALSE,Zm00001eb095570,167405600,167407926,downstream,24389
S.Total,2-163421229,2,167432315,1,BLINK,1.01869793607524e-08,FALSE,Zm00001eb095580,167425436,167426143,downstream,6172
Total,8-19711838,8,20400648,1,FarmCPU,1.02036635366342e-08,FALSE,Zm00001eb337260,20417773,20418576,upstream,17125
I.IVL,6-76387847,6,79165716,1,BLINK,1.03207056528239e-08,FALSE,Zm00001eb270250,79139015,79143529,downstream,22187
Q.EHPRQ,3-186609917,3,189482023,1,BLINK,1.03383180628594e-08,FALSE,Zm00001eb149460,189488491,189490486,upstream,6468
N.IMNTDK,9-144563298,9,147126104,1,BLINK,1.04649232321059e-08,FALSE,Zm00001eb398120,147106483,147115346,downstream,10758
I.IMNTDK,1-2785725,1,2813734,1,FarmCPU,1.0542444362597e-08,FALSE,Zm00001eb000670,2800774,2803236,downstream,10498
I.IMNTDK,1-2785725,1,2813734,1,FarmCPU,1.0542444362597e-08,FALSE,Zm00001eb000680,2803474,2804769,downstream,8965
I.IMNTDK,1-2785725,1,2813734,1,FarmCPU,1.0542444362597e-08,FALSE,Zm00001eb000690,2810082,2817677,within,0
I.IMNTDK,1-2785725,1,2813734,1,FarmCPU,1.0542444362597e-08,FALSE,Zm00001eb000700,2817998,2820996,upstream,4264
W,6-135717576,6,139648164,1,FarmCPU,1.0569565538536e-08,FALSE,Zm00001eb283180,139614780,139623752,downstream,24412
W,6-135717576,6,139648164,1,FarmCPU,1.0569565538536e-08,FALSE,Zm00001eb283190,139641808,139642489,downstream,5675
W,6-135717576,6,139648164,1,FarmCPU,1.0569565538536e-08,FALSE,Zm00001eb283200,139644733,139655572,within,0
W,6-135717576,6,139648164,1,FarmCPU,1.0569565538536e-08,FALSE,Zm00001eb283210,139650513,139651070,upstream,2349
W,6-135717576,6,139648164,1,FarmCPU,1.0569565538536e-08,FALSE,Zm00001eb283220,139651281,139652029,upstream,3117
P,1-1055304,1,1088349,1,FarmCPU,1.05812882049768e-08,FALSE,Zm00001eb000270,1060487,1063436,downstream,24913
C.Total,1-72105361,1,73439707,1,FarmCPU,1.06206131479629e-08,FALSE,Zm00001eb020040,73421020,73427043,downstream,12664
C.Total,1-72105361,1,73439707,1,FarmCPU,1.06206131479629e-08,FALSE,Zm00001eb020050,73464275,73464966,upstream,24568
N.IMNTDK,5-5348581,5,5474349,1,FarmCPU,1.07078356085775e-08,FALSE,Zm00001eb213560,5495383,5496001,upstream,21034
K.IMNTDK,8-23969168,8,24735314,1,BLINK,1.09022492119748e-08,FALSE,Zm00001eb338340,24716703,24719147,downstream,16167
K.IMNTDK,8-23969168,8,24735314,1,BLINK,1.09022492119748e-08,FALSE,Zm00001eb338350,24716866,24719255,downstream,16059
G,6-21908632,6,20211385,1,FarmCPU,1.09119047660322e-08,FALSE,Zm00001eb263070,20193387,20195755,downstream,15630
G,6-21908632,6,20211385,1,FarmCPU,1.09119047660322e-08,FALSE,Zm00001eb263090,20197599,20197899,downstream,13486
G,6-21908632,6,20211385,1,FarmCPU,1.09119047660322e-08,FALSE,Zm00001eb263100,20200590,20203053,downstream,8332
SGC,5-146995218,5,150404722,1,FarmCPU,1.11134027268353e-08,FALSE,Zm00001eb239060,150412297,150412707,upstream,7575
C.Total,1-108812013,1,111269994,1,FarmCPU,1.11690270446956e-08,FALSE,Zm00001eb025650,111255899,111257790,downstream,12204
Total_N,2-217672077,2,223821675,1,BLINK,1.11882987249307e-08,FALSE,Zm00001eb111570,223781937,223797411,downstream,24264
Total_N,2-217672077,2,223821675,1,BLINK,1.11882987249307e-08,FALSE,Zm00001eb111590,223802842,223805366,downstream,16309
IVL,8-150212793,8,155244559,1,FarmCPU,1.14028286411123e-08,FALSE,Zm00001eb360500,155255693,155258083,upstream,11134
I.Total,1-24458312,1,24823258,1,BLINK,1.16155660929969e-08,FALSE,Zm00001eb008200,24829653,24831962,upstream,6395
WFY,4-82151605,4,85119409,1,FarmCPU,1.16401531747006e-08,FALSE,Zm00001eb179520,85142758,85143057,upstream,23349
WFY,4-82151605,4,85119409,1,FarmCPU,1.16401531747006e-08,FALSE,Zm00001eb179530,85143318,85148691,upstream,23909
Total_N,4-17666401,4,18825722,1,FarmCPU,1.16768812901972e-08,FALSE,Zm00001eb169320,18828376,18829717,upstream,2654
Total_N,4-17666401,4,18825722,1,FarmCPU,1.16768812901972e-08,FALSE,Zm00001eb169330,18844587,18845607,upstream,18865
M,7-7721062,7,8131840,1,FarmCPU,1.18351539596323e-08,FALSE,Zm00001eb300870,8129408,8133984,within,0
Total,5-1921441,5,2014173,1,FarmCPU,1.1863397023539e-08,FALSE,Zm00001eb211190,1985619,1990971,downstream,23202
Total,5-1921441,5,2014173,1,FarmCPU,1.1863397023539e-08,FALSE,Zm00001eb211200,1991969,1996842,downstream,17331
Total,5-1921441,5,2014173,1,FarmCPU,1.1863397023539e-08,FALSE,Zm00001eb211210,2030625,2031384,upstream,16452
Total,5-1921441,5,2014173,1,FarmCPU,1.1863397023539e-08,FALSE,Zm00001eb211220,2032019,2037273,upstream,17846
K.IMNTDK,3-217089989,3,220594145,1,BLINK,1.19172114761379e-08,FALSE,Zm00001eb158720,220571636,220573095,downstream,21050
K.IMNTDK,3-217089989,3,220594145,1,BLINK,1.19172114761379e-08,FALSE,Zm00001eb158730,220571654,220573095,downstream,21050
K.IMNTDK,3-217089989,3,220594145,1,BLINK,1.19172114761379e-08,FALSE,Zm00001eb158740,220609943,220623478,upstream,15798
M,2-15716494,2,16098564,1,BLINK,1.19567919859138e-08,FALSE,Zm00001eb073140,16116776,16120768,upstream,18212
M,2-15716494,2,16098564,1,BLINK,1.19567919859138e-08,FALSE,Zm00001eb073150,16116896,16119667,upstream,18332
