locus,Chr,start,end,n_SNPs,n_phenotypes,phenotypes,best_P,lead_SNP,lead_Pos,replicated,models,n_genes,genes,top_gene,family,pclass,go_bp,go_mf
886,9,130347324,130359934,5,8,"A, E.Total, EHPRQ, IVL, LAV, S, T, Total",4.5043402667839e-13,9-128366189,130350574,TRUE,BLINK+FarmCPU,1,Zm00001eb393450,Zm00001eb393450,LYSINE-RICH ARABINOGALACTAN PROTEIN 17 (PTHR37209:SF3),"","",""
610,6,140726767,140872881,6,7,"D, E, F, G, IVL, Q, SGC",2.09640742327681e-15,6-136885446,140809373,TRUE,BLINK+FarmCPU,7,Zm00001eb283470;Zm00001eb283510;Zm00001eb283520;Zm00001eb283530;Zm00001eb283480;Zm00001eb283490;Zm00001eb283500,Zm00001eb283470,EXTENSIN-LIKE PROTEIN (PTHR32093:SF86),"",cell wall organization(GO:0071555),""
267,3,74524899,74524899,1,6,"IVL, S, T, V, WFY, Y",4.1383620624223e-19,3-74281785,74524899,TRUE,BLINK+FarmCPU,,,,,,,
703,7,162095834,162164203,3,6,"H, P, Q.EHPRQ, S, T, Total",1.71701796890537e-16,7-156783044,162164143,TRUE,BLINK+FarmCPU,4,Zm00001eb322650;Zm00001eb322660;Zm00001eb322670;Zm00001eb322640,Zm00001eb322650,2-IMINOBUTANOATE_2-IMINOPROPANOATE DEAMINASE (PTHR11803:SF39),deaminase(PC00088),mRNA catabolic process(GO:0006402);negative regulation of translation(GO:0017148),deaminase activity(GO:0019239)
417,4,172420382,172431510,3,6,"A, F, IVL, K, LAV, V",5.97895568396718e-15,4-169484833,172431510,FALSE,FarmCPU,,,,,,,
294,3,134617663,134725143,6,6,"A, IVL, M, S, W, Y",9.7485346347003e-11,3-134005876,134617663,FALSE,FarmCPU,5,Zm00001eb137670;Zm00001eb137680;Zm00001eb137620;Zm00001eb137630;Zm00001eb137660,Zm00001eb137670,DUF223 DOMAIN-CONTAINING PROTEIN (PTHR48463:SF1),"","",""
433,4,210757004,210795998,3,5,"A, E, G, Q, S",1.54016092795096e-18,4-206431958,210795998,FALSE,BLINK+FarmCPU,1,Zm00001eb200900,Zm00001eb200900,CBS DOMAIN-CONTAINING PROTEIN DDB_G0289609 (PTHR48108:SF26),"","",""
631,7,5351845,5351899,2,5,"I, LAV, SGC, WFY, Y",4.65326506619061e-17,7-5098339,5351899,TRUE,BLINK+FarmCPU+MLM,,,,,,,
223,2,237964625,237964625,1,5,"I, IVL, L, Total, V",1.24890221812541e-15,2-231615843,237964625,TRUE,BLINK+FarmCPU,1,Zm00001eb116160,Zm00001eb116160,OS11G0691500 PROTEIN (PTHR27005:SF162),transmembrane signal receptor(PC00197),cell surface receptor signaling pathway(GO:0007166),nucleotide binding(GO:0000166);protein kinase activity(GO:0004672);protein serine/threonine kinase activity(GO:0004674);calcium ion binding(GO:0005509);ATP binding(GO:0005524);kinase activity(GO:0016301);transferase activity(GO:0016740);polysaccharide binding(GO:0030247)
650,7,41122790,41133151,3,5,"F, G, H, L, Q",1.53198090530412e-14,7-39659386,41122790,TRUE,BLINK+FarmCPU,,,,,,,
456,5,7047181,7142947,2,5,"D.IMNTDK, I, M.IMNTDK, N.D, N.Total",1.0942162202325e-13,5-6851962,7047181,TRUE,BLINK+FarmCPU,10,Zm00001eb214490;Zm00001eb214500;Zm00001eb214510;Zm00001eb214530;Zm00001eb214540;Zm00001eb214550;Zm00001eb214560;Zm00001eb214460;Zm00001eb214470;Zm00001eb214480,Zm00001eb214490,ORIGIN RECOGNITION COMPLEX SUBUNIT 5 (PTHR12705:SF0),replication origin binding protein(PC00199),DNA replication(GO:0006260);DNA replication initiation(GO:0006270);response to sucrose(GO:0009744),DNA replication origin binding(GO:0003688)
593,6,110879429,110892476,2,4,"A, LAV, R.EHPRQ, R.Total",2.9272983546859e-18,6-110823817,110892476,TRUE,BLINK+FarmCPU,2,Zm00001eb276330;Zm00001eb276320,Zm00001eb276330,SERINC-DOMAIN CONTAINING SERINE AND SPHINGOLIPID BIOSYNTHESIS PROTEIN (PTHR10383:SF44),protein-binding activity modulator(PC00095),"",""
350,4,979873,1050378,3,4,"K.IMNTDK, Q, Q.EHPRQ, Q.Total",7.5537296537986e-17,4-834837,1050251,TRUE,BLINK+FarmCPU,1,Zm00001eb164350,Zm00001eb164350,SUBFAMILY NOT NAMED (PTHR31636:SF297),"",regulation of DNA-templated transcription(GO:0006355),DNA-binding transcription factor activity(GO:0003700);sequence-specific DNA binding(GO:0043565)
453,5,4383623,4405164,2,4,"I, IVL, S, V",5.17277730808791e-14,5-4273469,4383623,FALSE,FarmCPU,2,Zm00001eb212840;Zm00001eb212850,Zm00001eb212840,HISTONE H1 (PTHR11467:SF131),"chromatin/chromatin-binding, or -regulatory protein(PC00077)",nucleosome assembly(GO:0006334);chromosome condensation(GO:0030261);negative regulation of DNA recombination(GO:0045910),DNA binding(GO:0003677);double-stranded DNA binding(GO:0003690);structural constituent of chromatin(GO:0030527);nucleosomal DNA binding(GO:0031492)
973,10,130414062,130414444,2,4,"C.Total, IVL, LAV, V",2.76924996269539e-13,10-129288186,130414062,FALSE,FarmCPU,1,Zm00001eb425750,Zm00001eb425750,"ACHILLES, ISOFORM A (PTHR22792:SF140)",RNA metabolism protein(PC00031),RNA processing(GO:0006396),nucleic acid binding(GO:0003676);RNA binding(GO:0003723);mRNA binding(GO:0003729)
594,6,113837624,113840506,2,4,"D.IMNTDK, N, N.D, N.Total",7.99421082855728e-13,6-109336639,113837624,TRUE,BLINK+FarmCPU,5,Zm00001eb277110;Zm00001eb277140;Zm00001eb277160;Zm00001eb277130;Zm00001eb277150,Zm00001eb277110,SOLUTE CARRIER FAMILY 35 MEMBER B1 (PTHR10778:SF10),secondary carrier transporter(PC00258),UDP-glucose transmembrane transport(GO:0015786);transmembrane transport(GO:0055085);UDP-galactose transmembrane transport(GO:0072334),UDP-galactose transmembrane transporter activity(GO:0005459);UDP-glucose transmembrane transporter activity(GO:0005460);antiporter activity(GO:0015297)
619,6,161284977,161371514,2,4,"G.SGC, R.EHPRQ, R.Total, S.SGC",6.70034969934631e-12,6-157438491,161371514,FALSE,BLINK,3,Zm00001eb289140;Zm00001eb289150;Zm00001eb289160,Zm00001eb289140,ACID PHOSPHATASE_VANADIUM-DEPENDENT HALOPEROXIDASE-RELATED PROTEIN (PTHR31446:SF39),"","",""
242,3,19828782,19831354,2,4,"F, I, IVL, S",8.5552155816962e-12,3-20416441,19828782,TRUE,BLINK+FarmCPU,2,Zm00001eb124780;Zm00001eb124790,Zm00001eb124780,DI-GLUCOSE BINDING PROTEIN WITH LEUCINE-RICH REPEAT DOMAIN-CONTAINING PROTEIN (PTHR45631:SF191),"","",""
526,5,209221645,209242111,3,4,"I, I.IMNTDK, I.IVL, N.Q",1.67200169086803e-10,5-203836062,209225233,FALSE,BLINK+FarmCPU,1,Zm00001eb252160,Zm00001eb252160,OS12G0522516 PROTEIN (PTHR43952:SF61),homeodomain transcription factor(PC00119),regulation of DNA-templated transcription(GO:0006355),DNA-binding transcription factor activity(GO:0003700)
503,5,150404722,150419645,2,4,"E, EHPRQ, SGC, Total",1.87999771162295e-10,5-147010140,150419645,FALSE,BLINK+FarmCPU,1,Zm00001eb239060,Zm00001eb239060,"","","",""
133,2,9559007,9591672,2,4,"D.IMNTDK, IMNTDK, N.E, N.Total",9.26268757369006e-10,2-9419791,9591672,FALSE,BLINK+FarmCPU,4,Zm00001eb070390;Zm00001eb070400;Zm00001eb070410;Zm00001eb070420,Zm00001eb070390,REMORIN FAMILY PROTEIN (PTHR31471:SF49),"","",""
106,1,284782518,284788512,3,3,"N, WFY, Y",2.81126623551441e-20,1-279724987,284788512,FALSE,FarmCPU,7,Zm00001eb057740;Zm00001eb057750;Zm00001eb057770;Zm00001eb057790;Zm00001eb057800;Zm00001eb057760;Zm00001eb057780,Zm00001eb057740,"TRANSFERASE, PUTATIVE, EXPRESSED-RELATED (PTHR48047:SF173)",glycosyltransferase(PC00111),"",UDP-glycosyltransferase activity(GO:0008194);transferase activity(GO:0016740);UDP-glucosyltransferase activity(GO:0035251)
791,8,155244559,155244559,1,3,"F, I, IVL",1.34229055494459e-16,8-150212793,155244559,FALSE,FarmCPU,1,Zm00001eb360500,Zm00001eb360500,EXPRESSED PROTEIN (PTHR12899:SF7),ribosomal protein(PC00202),translation(GO:0006412),structural constituent of ribosome(GO:0003735);5S rRNA binding(GO:0008097)
353,4,3585484,3617080,2,3,"N.E, S, S.Total",2.13523456020743e-16,4-3053638,3617080,FALSE,BLINK+FarmCPU,4,Zm00001eb165420;Zm00001eb165430;Zm00001eb165440;Zm00001eb165450,Zm00001eb165420,AAA-TYPE ATPASE FAMILY PROTEIN (PTHR45644:SF73),"","",nucleotide binding(GO:0000166);RNA binding(GO:0003723);ATP binding(GO:0005524);ATP hydrolysis activity(GO:0016887)
152,2,51732093,51732214,2,3,"I, IVL, L",2.27040084111325e-16,2-50142424,51732093,TRUE,BLINK+FarmCPU,,,,,,,
662,7,73406200,73443770,2,3,"A, LAV, S",1.23126330061681e-15,7-71196747,73406200,FALSE,FarmCPU,,,,,,,
23,1,76545023,76550677,2,3,"D.IMNTDK, N.D, N.E",1.61491835998067e-15,1-75104829,76550677,TRUE,BLINK+FarmCPU,,,,,,,
60,1,175161765,175163809,2,3,"G, T, Total",5.84505018719549e-15,1-173243664,175161765,FALSE,FarmCPU,,,,,,,
263,3,70603750,70682467,2,3,"A, K, SGC",1.02398281033777e-14,3-70447768,70682467,TRUE,BLINK+FarmCPU,1,Zm00001eb131870,Zm00001eb131870,12-OXOPHYTODIENOATE REDUCTASE 10-RELATED (PTHR22893:SF96),oxidoreductase(PC00176),lipid metabolic process(GO:0006629);fatty acid metabolic process(GO:0006631);fatty acid biosynthetic process(GO:0006633);jasmonic acid biosynthetic process(GO:0009695);oxylipin biosynthetic process(GO:0031408),FMN binding(GO:0010181);oxidoreductase activity(GO:0016491)
7,1,23731875,23731875,1,3,"G.SGC, S.SGC, S.Total",1.41437619649997e-14,1-23346169,23731875,TRUE,BLINK+FarmCPU,,,,,,,
612,6,151970545,151992196,3,3,"M.IMNTDK, N.Q, SGC",3.06660707335308e-14,6-148089878,151970621,FALSE,FarmCPU,1,Zm00001eb286340,Zm00001eb286340,"N-ALPHA-ACETYLTRANSFERASE 25, NATB AUXILIARY SUBUNIT (PTHR22767:SF3)",acetyltransferase(PC00038),cytoskeleton organization(GO:0007010),acetyltransferase activator activity(GO:0010698)
255,3,58840430,58874776,2,3,"R.EHPRQ, R.Total, W",1.87155481334126e-13,3-58868787,58874776,FALSE,FarmCPU,1,Zm00001eb130810,Zm00001eb130810,WD40 REPEAT-CONTAINING PROTEIN SMU1 (PTHR22848:SF0),"","mRNA splicing, via spliceosome(GO:0000398);mRNA processing(GO:0006397);RNA splicing(GO:0008380)",""
859,9,90530602,90530602,1,3,"N.E, N.IMNTDK, N.Total",2.04529704239286e-13,9-88175369,90530602,TRUE,BLINK+FarmCPU,,,,,,,
467,5,19755722,19755799,3,3,"IMNTDK, N, N.Total",2.32068434126766e-13,5-19292276,19755799,FALSE,BLINK+FarmCPU,,,,,,,
302,3,149748802,149748802,1,3,"N.E, N.IMNTDK, N.Total",3.2906136113999e-13,3-148477360,149748802,FALSE,FarmCPU,1,Zm00001eb140620,Zm00001eb140620,NON-SPECIFIC PHOSPHOLIPASE C2 (PTHR31956:SF26),phospholipase(PC00186),phosphate-containing compound metabolic process(GO:0006796);phospholipid catabolic process(GO:0009395);defense response to bacterium(GO:0042742);gametophyte development(GO:0048229);root development(GO:0048364),"phospholipase C activity(GO:0004629);hydrolase activity(GO:0016787);hydrolase activity, acting on ester bonds(GO:0016788);phosphoric ester hydrolase activity(GO:0042578)"
458,5,10004964,10010988,2,3,"C.Total, D.EHPRQ, D.Total",6.22621053825085e-13,5-9663930,10010988,TRUE,BLINK+FarmCPU,2,Zm00001eb215700;Zm00001eb215710,Zm00001eb215700,OS02G0533200 PROTEIN (PTHR11220:SF54),"","",""
993,10,150154298,150209178,2,3,"G, N.Q, SGC",1.34882720495456e-12,10-148840622,150154298,FALSE,FarmCPU,8,Zm00001eb433520;Zm00001eb433530;Zm00001eb433540;Zm00001eb433550;Zm00001eb433610;Zm00001eb433570;Zm00001eb433590;Zm00001eb433600,Zm00001eb433520,OSJNBB0004A17.21 PROTEIN (PTHR31509:SF67),"","",""
875,9,110879286,110879286,1,3,"D.IMNTDK, N.D, N.IMNTDK",2.62624800110933e-12,9-108305986,110879286,TRUE,BLINK+FarmCPU,,,,,,,
329,3,189482023,189482023,1,3,"Q, Q.EHPRQ, Q.Total",3.77254013234012e-12,3-186609917,189482023,FALSE,BLINK+FarmCPU,1,Zm00001eb149460,Zm00001eb149460,EXPANSIN-A2 (PTHR31867:SF72),"",syncytium formation(GO:0006949);response to herbicide(GO:0009635);plant-type cell wall organization(GO:0009664);plant-type cell wall loosening(GO:0009828);cell wall organization(GO:0071555),""
213,2,219294762,219294762,1,3,"D.IMNTDK, N.D, N.IMNTDK",6.59829434534304e-12,2-213143558,219294762,FALSE,FarmCPU,5,Zm00001eb109730;Zm00001eb109740;Zm00001eb109770;Zm00001eb109750;Zm00001eb109760,Zm00001eb109730,TREHALOSE-PHOSPHATE PHOSPHATASE 3-RELATED (PTHR43768:SF7),phosphatase(PC00181),trehalose biosynthetic process(GO:0005992),trehalose-phosphatase activity(GO:0004805);hydrolase activity(GO:0016787)
708,7,169442426,169442783,2,3,"A, I, LAV",1.0643306874465e-11,7-163968365,169442426,FALSE,FarmCPU,2,Zm00001eb325500;Zm00001eb325510,Zm00001eb325500,MAJOR FACILITATOR SUPERFAMILY DOMAIN-CONTAINING PROTEIN 12 (PTHR11328:SF28),primary active transporter(PC00068),"",""
324,3,185330224,185330224,1,3,"N, N.D, N.IMNTDK",1.54696580661611e-11,3-182468087,185330224,FALSE,FarmCPU,1,Zm00001eb148190,Zm00001eb148190,OS01G0844900 PROTEIN (PTHR31442:SF19),homeodomain transcription factor(PC00119),regulation of DNA-templated transcription(GO:0006355),DNA binding(GO:0003677);DNA-binding transcription factor activity(GO:0003700)
487,5,93936266,94031509,2,3,"L, Total, V",1.69011918094774e-11,5-91715763,94031509,FALSE,FarmCPU,2,Zm00001eb234050;Zm00001eb234060,Zm00001eb234050,PROTEIN PHOSPHATASE 2C 60-RELATED (PTHR13832:SF840),protein phosphatase(PC00195),signal transduction(GO:0007165),phosphoprotein phosphatase activity(GO:0004721);protein serine/threonine phosphatase activity(GO:0004722);hydrolase activity(GO:0016787);cation binding(GO:0043169);metal ion binding(GO:0046872)
424,4,182571311,182613275,3,3,"K, S.Total, SGC",2.35496187663143e-11,4-179692257,182613275,FALSE,FarmCPU,3,Zm00001eb193330;Zm00001eb193360;Zm00001eb193350,Zm00001eb193330,HOMEOBOX-LEUCINE ZIPPER PROTEIN HDG11 (PTHR45654:SF1),homeodomain transcription factor(PC00119),regulation of DNA-templated transcription(GO:0006355);regulation of transcription by RNA polymerase II(GO:0006357),"DNA-binding transcription factor activity, RNA polymerase II-specific(GO:0000981);DNA binding(GO:0003677);lipid binding(GO:0008289)"
904,9,154169056,154169056,1,3,"IVL, L, Total",6.88118920007517e-11,9-151248310,154169056,FALSE,FarmCPU,5,Zm00001eb400680;Zm00001eb400700;Zm00001eb400720;Zm00001eb400690;Zm00001eb400710,Zm00001eb400680,CYCLIN-D5-1 (PTHR10177:SF590),kinase activator(PC00138),G1/S transition of mitotic cell cycle(GO:0000082);cell division(GO:0051301),cyclin-dependent protein serine/threonine kinase regulator activity(GO:0016538)
980,10,137223923,137349585,3,3,"K, N.Total, WFY",1.1939390240652e-10,10-136042190,137223923,TRUE,BLINK+FarmCPU,7,Zm00001eb427960;Zm00001eb427970;Zm00001eb427980;Zm00001eb428000;Zm00001eb428010;Zm00001eb428020;Zm00001eb427990,Zm00001eb427960,OS10G0351500 PROTEIN (PTHR27005:SF45),transmembrane signal receptor(PC00197),cell surface receptor signaling pathway(GO:0007166),nucleotide binding(GO:0000166);protein kinase activity(GO:0004672);protein tyrosine kinase activity(GO:0004713);ATP binding(GO:0005524);kinase activity(GO:0016301)
695,7,136572589,136572589,1,3,"G, L, SGC",4.25494664986939e-10,7-132520632,136572589,FALSE,FarmCPU,1,Zm00001eb316300,Zm00001eb316300,WPP DOMAIN-INTERACTING PROTEIN 1 (PTHR34562:SF8),"","",""
462,5,13344016,13344016,1,3,"D.IMNTDK, N.D, N.IMNTDK",1.5133317094604e-09,5-12983195,13344016,FALSE,BLINK+FarmCPU,,,,,,,
237,3,9729379,9729407,2,2,"C.Total, Total",2.22643684945323e-22,3-10439124,9729379,FALSE,FarmCPU,1,Zm00001eb122270,Zm00001eb122270,"PROTEIN TIC236, CHLOROPLASTIC (PTHR34457:SF3)","",protein secretion(GO:0009306);amyloplast organization(GO:0009660),""
338,3,215782315,215782315,1,2,"I.IMNTDK, N.Total",3.05442877780894e-19,3-212191792,215782315,TRUE,BLINK+FarmCPU,2,Zm00001eb157250;Zm00001eb157240,Zm00001eb157250,PEPTIDYL-PROLYL CIS-TRANS ISOMERASE CYP21-1 (PTHR11071:SF449),chaperone(PC00072),protein folding(GO:0006457),peptidyl-prolyl cis-trans isomerase activity(GO:0003755);cyclosporin A binding(GO:0016018)
969,10,119044808,119044808,1,2,"Q.EHPRQ, Q.Total",1.3520433582987e-18,10-117998959,119044808,TRUE,BLINK+FarmCPU,,,,,,,
73,1,208247035,208264646,2,2,"IMNTDK, W.WFY",6.61838103629254e-18,1-205478560,208264646,FALSE,BLINK,2,Zm00001eb039000;Zm00001eb039010,Zm00001eb039000,"SUPEROXIDE DISMUTASE [CU-ZN] 2, CHLOROPLASTIC (PTHR10003:SF95)",oxidoreductase(PC00176),superoxide metabolic process(GO:0006801);removal of superoxide radicals(GO:0019430),superoxide dismutase activity(GO:0004784);copper ion binding(GO:0005507);antioxidant activity(GO:0016209);oxidoreductase activity(GO:0016491);metal ion binding(GO:0046872)
346,3,227649942,227649942,1,2,"A, LAV",7.80000302775926e-18,3-223985709,227649942,FALSE,FarmCPU,,,,,,,
642,7,21086049,21086049,1,2,"R.EHPRQ, R.Total",1.49471635074896e-17,7-20200646,21086049,TRUE,BLINK+FarmCPU,1,Zm00001eb303550,Zm00001eb303550,"","","",""
544,5,222130074,222130074,1,2,"R.EHPRQ, R.Total",2.07514928492523e-17,5-216273624,222130074,TRUE,BLINK+FarmCPU,5,Zm00001eb257850;Zm00001eb257860;Zm00001eb257890;Zm00001eb257870;Zm00001eb257880,Zm00001eb257850,POLY(A)-SPECIFIC RIBONUCLEASE (PTHR10797:SF80),mRNA polyadenylation factor(PC00146),"nuclear-transcribed mRNA catabolic process, deadenylation-dependent decay(GO:0000288);nuclear-transcribed mRNA poly(A) tail shortening(GO:0000289);defense response(GO:0006952);response to bacterium(GO:0009617)",nucleic acid binding(GO:0003676);RNA binding(GO:0003723);nuclease activity(GO:0004518);exonuclease activity(GO:0004527);poly(A)-specific ribonuclease activity(GO:0004535);3'-5' exonuclease activity(GO:0008408);hydrolase activity(GO:0016787);metal ion binding(GO:0046872)
729,8,7744673,7744673,1,2,"F, L",3.83912061657811e-17,8-7435225,7744673,TRUE,BLINK+FarmCPU,,,,,,,
233,3,6550983,6550983,1,2,"T, Total",8.14393168304178e-17,3-7403081,6550983,FALSE,FarmCPU,3,Zm00001eb121230;Zm00001eb121260;Zm00001eb121240,Zm00001eb121230,"HOMOGENTISATE GERANYLGERANYLTRANSFERASE, CHLOROPLASTIC (PTHR43009:SF7)",transferase(PC00220),"","transferase activity(GO:0016740);transferase activity, transferring alkyl or aryl (other than methyl) groups(GO:0016765)"
86,1,227393125,227435815,2,2,"M.IMNTDK, Y.WFY",3.12765889574024e-16,1-223855213,227393125,FALSE,BLINK+FarmCPU,4,Zm00001eb043060;Zm00001eb043070;Zm00001eb043080;Zm00001eb043090,Zm00001eb043060,"BOX HELICASE FAMILY PROTEIN, PUTATIVE, EXPRESSED-RELATED (PTHR47932:SF74)","","",mRNA binding(GO:0003729)
348,3,230403092,230409901,3,2,"N.IMNTDK, N.Total",9.00449314045951e-16,3-226581278,230409901,FALSE,BLINK+FarmCPU,,,,,,,
221,2,231399965,231399965,1,2,"N.E, N.Total",1.62528604849268e-15,2-225020412,231399965,FALSE,FarmCPU,4,Zm00001eb113780;Zm00001eb113790;Zm00001eb113770;Zm00001eb113800,Zm00001eb113780,ADAGIO PROTEIN 3 (PTHR46175:SF2),DNA-binding transcription factor(PC00218),"",""
488,5,94412108,94419985,2,2,"N.Total, P",2.74123585144566e-15,5-92101867,94419985,FALSE,FarmCPU,,,,,,,
580,6,85474569,85474569,1,2,"EHPRQ, P",5.2229698296145e-15,6-82579650,85474569,FALSE,FarmCPU,,,,,,,
81,1,219876582,219876582,1,2,"N, N.E",7.73022016533462e-15,1-216747522,219876582,TRUE,BLINK+FarmCPU,2,Zm00001eb041800;Zm00001eb041810,Zm00001eb041800,DUF4228 DOMAIN PROTEIN (PTHR33148:SF3),"","",""
82,1,219976660,219976660,1,2,"D.IMNTDK, N.IMNTDK",2.98352047515006e-14,1-216842529,219976660,FALSE,FarmCPU,1,Zm00001eb041830,Zm00001eb041830,"","","",""
876,9,113242204,113242204,1,2,"M, P",4.40240550409438e-14,9-110341507,113242204,TRUE,BLINK+FarmCPU,,,,,,,
549,6,6211565,6222364,2,2,"K.Total, N.D",5.39110968345417e-14,6-5555166,6222364,FALSE,FarmCPU,,,,,,,
250,3,54727858,54727858,1,2,"N, N.E",5.67427889594493e-14,3-54813350,54727858,FALSE,FarmCPU,,,,,,,
916,10,2346569,2362098,2,2,"EHPRQ, Q.Total",6.97053265624608e-14,10-2766083,2346569,TRUE,BLINK+FarmCPU,2,Zm00001eb405640;Zm00001eb405650,Zm00001eb405640,PPR CONTAINING-LIKE PROTEIN (PTHR47603:SF1),"","",""
933,10,41700989,41700989,1,2,"D.IMNTDK, N.D",8.71325591520876e-14,10-40576192,41700989,TRUE,BLINK+FarmCPU,1,Zm00001eb411940,Zm00001eb411940,ABC TRANSPORTER G FAMILY MEMBER STR (PTHR48041:SF73),ATP-binding cassette (ABC) transporter(PC00003),transmembrane transport(GO:0055085),nucleotide binding(GO:0000166);ATP binding(GO:0005524);ATP hydrolysis activity(GO:0016887);ATPase-coupled transmembrane transporter activity(GO:0042626);ABC-type transporter activity(GO:0140359)
313,3,171669569,171669569,1,2,"T, Total",9.65063169320658e-14,3-169116848,171669569,FALSE,FarmCPU,2,Zm00001eb144540;Zm00001eb144560,Zm00001eb144540,QWRF MOTIF-CONTAINING PROTEIN 6 (PTHR31807:SF50),"",spindle assembly(GO:0051225),microtubule binding(GO:0008017)
333,3,203951927,203953170,2,2,"C.Total, P",1.07863115512822e-13,3-199905640,203953170,FALSE,FarmCPU,2,Zm00001eb153500;Zm00001eb153510,Zm00001eb153500,28 KDA HEAT- AND ACID-STABLE PHOSPHOPROTEIN (PTHR22055:SF0),"","",""
126,2,1557470,1557470,1,2,"IVL, V",1.88726356128675e-13,2-1565108,1557470,FALSE,FarmCPU,6,Zm00001eb065900;Zm00001eb065920;Zm00001eb065930;Zm00001eb065940;Zm00001eb065950;Zm00001eb065910,Zm00001eb065900,MLO-LIKE PROTEIN 14 (PTHR31942:SF77),"",defense response(GO:0006952),calmodulin binding(GO:0005516)
864,9,96271726,96321786,2,2,"L, N.E",2.10370753124201e-13,9-93870771,96271726,FALSE,BLINK+FarmCPU,2,Zm00001eb386500;Zm00001eb386510,Zm00001eb386500,"ISOLEUCINE--TRNA LIGASE, CYTOPLASMIC (PTHR42780:SF1)",aminoacyl-tRNA synthetase(PC00047),transcription initiation at RNA polymerase II promoter(GO:0006367);translation(GO:0006412);tRNA aminoacylation for protein translation(GO:0006418);isoleucyl-tRNA aminoacylation(GO:0006428),nucleotide binding(GO:0000166);aminoacyl-tRNA ligase activity(GO:0004812);isoleucine-tRNA ligase activity(GO:0004822);ATP binding(GO:0005524);ligase activity(GO:0016874)
163,2,93547389,93547389,1,2,"R.EHPRQ, R.Total",2.42340970229417e-13,2-91568534,93547389,TRUE,BLINK+FarmCPU,,,,,,,
660,7,65582593,65645178,2,2,"D, Total",2.61760937259022e-13,7-66825166,65582593,FALSE,FarmCPU,,,,,,,
288,3,121944545,121945670,2,2,"D.IMNTDK, M",2.80467710911024e-13,3-121678896,121944545,FALSE,FarmCPU,,,,,,,
722,7,179965839,179965959,2,2,"E.Total, S",2.91910122734926e-13,7-174450069,179965959,FALSE,FarmCPU,4,Zm00001eb329600;Zm00001eb329630;Zm00001eb329610;Zm00001eb329620,Zm00001eb329600,OS07G0657400 PROTEIN (PTHR20961:SF68),glycosyltransferase(PC00111),"",transferase activity(GO:0016740);glycosyltransferase activity(GO:0016757);pentosyltransferase activity(GO:0016763)
16,1,62417820,62420890,2,2,"F, Y",4.6561511672848e-13,1-61624277,62417820,FALSE,FarmCPU,,,,,,,
858,9,89831845,89831845,1,2,"IMNTDK, N",4.98636910159134e-13,9-87505494,89831845,FALSE,FarmCPU,,,,,,,
196,2,189507581,189507581,1,2,"IMNTDK, N",5.36703138830194e-13,2-184650822,189507581,FALSE,FarmCPU,1,Zm00001eb100250,Zm00001eb100250,"GTP DIPHOSPHOKINASE RSH3, CHLOROPLASTIC-RELATED (PTHR21262:SF0)",pyrophosphatase(PC00196),guanosine tetraphosphate metabolic process(GO:0015969),GTP binding(GO:0005525);GTP diphosphokinase activity(GO:0008728);kinase activity(GO:0016301)
754,8,89549298,89569329,2,2,"R.EHPRQ, R.Total",9.4656011094822e-13,8-87289472,89569329,TRUE,BLINK+FarmCPU,3,Zm00001eb346740;Zm00001eb346750;Zm00001eb346720,Zm00001eb346740,RETROTRANSPOSON-LIKE PROTEIN (PTHR47165:SF3),"","",DNA binding(GO:0003677)
632,7,5653229,5653328,2,2,"Total_N, Total_PBAA",9.48498998184468e-13,7-5322774,5653328,TRUE,BLINK+FarmCPU,2,Zm00001eb300090;Zm00001eb300100,Zm00001eb300090,TRANSCRIPTION FACTOR TCP24 (PTHR31072:SF93),DNA-binding transcription factor(PC00218),regulation of DNA-templated transcription(GO:0006355);regulation of secondary shoot formation(GO:2000032),DNA binding(GO:0003677);DNA-binding transcription factor activity(GO:0003700);sequence-specific DNA binding(GO:0043565)
414,4,169877549,169877549,1,2,"N.D, N.IMNTDK",1.010880286584e-12,4-166954693,169877549,FALSE,FarmCPU,1,Zm00001eb189620,Zm00001eb189620,PROTEIN FAM32A (PTHR13282:SF17),"","",""
304,3,150857975,150857975,1,2,"A, LAV",1.01534715868977e-12,3-149595996,150857975,FALSE,FarmCPU,1,Zm00001eb140880,Zm00001eb140880,GERMIN-LIKE PROTEIN 3-2-RELATED (PTHR31238:SF28),"",plasmodesmata-mediated intercellular transport(GO:0010497);regulation of root development(GO:2000280),manganese ion binding(GO:0030145);metal ion binding(GO:0046872)
80,1,217997536,217997536,1,2,"A, LAV",1.17447764792086e-12,1-214889538,217997536,TRUE,BLINK+FarmCPU,,,,,,,
423,4,181291963,181351900,2,2,"G, I.Total",1.19681289191246e-12,4-178415962,181351900,FALSE,FarmCPU,,,,,,,
814,8,178186450,178193459,4,2,"D.IMNTDK, N.IMNTDK",1.48851549083019e-12,8-172449250,178193459,FALSE,FarmCPU+MLM,3,Zm00001eb369570;Zm00001eb369580;Zm00001eb369590,Zm00001eb369570,DUF4220 DOMAIN-CONTAINING PROTEIN (PTHR31325:SF158),"","",""
978,10,135966865,135966865,1,2,"G.SGC, S.SGC",1.61935566155583e-12,10-134742382,135966865,FALSE,BLINK,1,Zm00001eb427580,Zm00001eb427580,OS04G0539500 PROTEIN (PTHR45658:SF131),zinc finger transcription factor(PC00244),"",""
469,5,26643305,26643305,1,2,"P, Y.Total",1.98594801347425e-12,5-26036553,26643305,FALSE,BLINK+FarmCPU,1,Zm00001eb221110,Zm00001eb221110,EXPRESSED PROTEIN (PTHR31343:SF61),"","",""
426,4,190493255,190504181,2,2,"M, M.IMNTDK",1.9878603157535e-12,4-187220786,190504181,FALSE,BLINK,2,Zm00001eb195600;Zm00001eb195620,Zm00001eb195600,SERINE_THREONINE-PROTEIN KINASE PBL8-RELATED (PTHR45621:SF22),"",defense response(GO:0006952),nucleotide binding(GO:0000166);protein kinase activity(GO:0004672);protein serine/threonine kinase activity(GO:0004674);ATP binding(GO:0005524);kinase activity(GO:0016301);transferase activity(GO:0016740)
628,6,173063852,173082541,2,2,"A.Total, S.Total",2.061301141048e-12,6-169045676,173082541,TRUE,BLINK+FarmCPU,3,Zm00001eb294190;Zm00001eb294200;Zm00001eb294210,Zm00001eb294190,MYOSIN FAMILY PROTEIN WITH DIL DOMAIN (PTHR13140:SF736),actin binding motor protein(PC00040),actin filament organization(GO:0007015);actin filament-based movement(GO:0030048),microfilament motor activity(GO:0000146);nucleotide binding(GO:0000166);cytoskeletal motor activity(GO:0003774);actin binding(GO:0003779);calmodulin binding(GO:0005516);ATP binding(GO:0005524);actin filament binding(GO:0051015)
589,6,96166233,96166828,2,2,"K.IMNTDK, K.Total",2.12675784254e-12,3-100270756,96166233,FALSE,BLINK+FarmCPU,1,Zm00001eb272910,Zm00001eb272910,"","","",protein serine/threonine phosphatase activity(GO:0004722)
845,9,49600027,49600027,1,2,"C.SGC, SGC",2.29320977215177e-12,9-48623727,49600027,FALSE,BLINK+FarmCPU,1,Zm00001eb382010,Zm00001eb382010,"","","",""
356,4,7867724,7868689,2,2,"I, IVL",2.50753413838499e-12,4-7066396,7867724,FALSE,BLINK+FarmCPU,2,Zm00001eb167360;Zm00001eb167350,Zm00001eb167360,MANNOSE-6-PHOSPHATE ISOMERASE (PTHR10309:SF7),isomerase(PC00135),carbohydrate metabolic process(GO:0005975);GDP-mannose biosynthetic process(GO:0009298),mannose-6-phosphate isomerase activity(GO:0004476);zinc ion binding(GO:0008270);isomerase activity(GO:0016853);metal ion binding(GO:0046872)
393,4,100713544,100713544,1,2,"Total_N, Total_PBAA",3.63358085074749e-12,4-103135458,100713544,FALSE,BLINK+FarmCPU,,,,,,,
61,1,175633026,175633026,1,2,"EHPRQ, P",3.83128008666358e-12,1-173700357,175633026,FALSE,FarmCPU,,,,,,,
939,10,55218998,55223190,2,2,"I, S",4.2403264005409e-12,10-54416878,55218998,FALSE,FarmCPU,,,,,,,
32,1,97330504,97330504,1,2,"N.D, N.Total",4.48149065955563e-12,1-95112952,97330504,FALSE,BLINK+FarmCPU,1,Zm00001eb024000,Zm00001eb024000,"","","",""
143,2,20630274,20705102,2,2,"L, N.Q",5.28136357344059e-12,2-20056905,20705102,FALSE,FarmCPU,6,Zm00001eb074470;Zm00001eb074480;Zm00001eb074520;Zm00001eb074530;Zm00001eb074540;Zm00001eb074510,Zm00001eb074470,OS04G0554900 PROTEIN (PTHR34961:SF11),"","",""
955,10,86519548,86519548,1,2,"N, N.E",5.30340120691404e-12,10-86489794,86519548,TRUE,BLINK+FarmCPU,1,Zm00001eb417100,Zm00001eb417100,"TRANSPOSASE, PTTA_EN_SPM, PLANT (PTHR33063:SF15)","","",""
809,8,174164562,174164562,1,2,"G, SGC",5.54003843787638e-12,8-168485687,174164562,TRUE,BLINK+FarmCPU,,,,,,,
949,10,67319299,67319299,1,2,"EHPRQ, P",5.58104095528505e-12,10-68094664,67319299,FALSE,FarmCPU,,,,,,,
491,5,102360418,102450909,2,2,"Q, V",5.92949868319712e-12,5-99958409,102450909,FALSE,FarmCPU,,,,,,,
373,4,57995880,57995880,1,2,"Q.EHPRQ, Q.Total",6.26178684576058e-12,4-55706712,57995880,FALSE,BLINK+FarmCPU,,,,,,,
890,9,139086300,139086300,1,2,"D.IMNTDK, N.D",6.9282940952482e-12,9-136761974,139086300,FALSE,BLINK+FarmCPU,1,Zm00001eb395440,Zm00001eb395440,RING-TYPE E3 UBIQUITIN TRANSFERASE (PTHR15710:SF23),ubiquitin-protein ligase(PC00234),protein ubiquitination(GO:0016567),zinc ion binding(GO:0008270);transferase activity(GO:0016740);metal ion binding(GO:0046872);ubiquitin protein ligase activity(GO:0061630)
52,1,156006766,156034712,2,2,"S.SGC, S.Total",6.9376105566351e-12,1-154166971,156034712,TRUE,BLINK+FarmCPU,1,Zm00001eb029060,Zm00001eb029060,"","","",""
180,2,141729482,141772502,2,2,"K.IMNTDK, N.IMNTDK",7.67472525597358e-12,2-137682342,141729482,TRUE,BLINK+FarmCPU,,,,,,,
445,4,242881276,242953120,2,2,"R.EHPRQ, R.Total",1.0758633585862e-11,4-238154623,242881276,FALSE,BLINK,10,Zm00001eb206250;Zm00001eb206260;Zm00001eb206290;Zm00001eb206300;Zm00001eb206320;Zm00001eb206330;Zm00001eb206350;Zm00001eb206270;Zm00001eb206280;Zm00001eb206340,Zm00001eb206250,PROTEIN FLX-LIKE 2 (PTHR33405:SF4),"",flower development(GO:0009908);cell differentiation(GO:0030154),""
25,1,82382090,82382090,1,2,"Total_N, Total_PBAA",1.15402973432981e-11,1-80777231,82382090,TRUE,BLINK+FarmCPU,6,Zm00001eb021640;Zm00001eb021650;Zm00001eb021690;Zm00001eb021660;Zm00001eb021670;Zm00001eb021700,Zm00001eb021640,GLUTATHIONE S-TRANSFERASE (PTHR11260:SF771),transferase(PC00220),glutathione metabolic process(GO:0006749),glutathione transferase activity(GO:0004364);transferase activity(GO:0016740)
254,3,58148343,58148463,2,2,"W.WFY, Y.WFY",1.32071953501716e-11,3-58164457,58148343,FALSE,BLINK,,,,,,,
83,1,222295570,222297006,2,2,"N.E, N.Total",1.97593285850588e-11,1-219148056,222295570,FALSE,FarmCPU,,,,,,,
595,6,118708477,118735978,2,2,"P, Q.EHPRQ",2.58684170559948e-11,6-114928422,118735978,FALSE,FarmCPU,3,Zm00001eb278360;Zm00001eb278370;Zm00001eb278380,Zm00001eb278360,ORIGIN RECOGNITION COMPLEX SUBUNIT 1 (PTHR10763:SF23),replication origin binding protein(PC00199),DNA replication(GO:0006260);DNA replication initiation(GO:0006270);mitotic DNA replication checkpoint signaling(GO:0033314),nucleotide binding(GO:0000166);DNA binding(GO:0003677);chromatin binding(GO:0003682);DNA replication origin binding(GO:0003688);ATP binding(GO:0005524);zinc ion binding(GO:0008270);ATP hydrolysis activity(GO:0016887);metal ion binding(GO:0046872)
937,10,51911593,51911593,1,2,"E, SGC",3.32376639915567e-11,10-50687577,51911593,FALSE,FarmCPU,,,,,,,
89,1,233235639,233235639,1,2,"WFY, Y",3.38044075647376e-11,1-229772599,233235639,FALSE,FarmCPU,1,Zm00001eb044710,Zm00001eb044710,DNA-DIRECTED RNA POLYMERASE I SUBUNIT RPA2 (PTHR20856:SF5),DNA-directed RNA polymerase(PC00019),DNA-templated transcription(GO:0006351);transcription elongation by RNA polymerase I(GO:0006362);megagametogenesis(GO:0009561),DNA binding(GO:0003677);DNA-directed RNA polymerase activity(GO:0003899);zinc ion binding(GO:0008270);transferase activity(GO:0016740);nucleotidyltransferase activity(GO:0016779);ribonucleoside binding(GO:0032549);metal ion binding(GO:0046872)
14,1,53303897,53306773,2,2,"S.Total, SGC",3.56813099068695e-11,1-52626902,53306773,FALSE,FarmCPU,1,Zm00001eb015550,Zm00001eb015550,"THIOREDOXIN-LIKE 1-1, CHLOROPLASTIC (PTHR43601:SF9)",oxidoreductase(PC00176),cell redox homeostasis(GO:0045454),""
810,8,174858530,174858530,1,2,"S, S.Total",5.36942977022578e-11,8-169218044,174858530,FALSE,FarmCPU,2,Zm00001eb367800;Zm00001eb367810,Zm00001eb367800,DIHYDRONEOPTERIN ALDOLASE_EPIMERASE DOMAIN-CONTAINING PROTEIN (PTHR34395:SF5),"","",""
397,4,128017480,128035240,2,2,"H, LAV",5.5805133743055e-11,4-125081466,128017480,FALSE,FarmCPU,,,,,,,
718,7,175508196,175514909,2,2,"D.IMNTDK, R.Total",5.78636454387332e-11,7-169958534,175508196,FALSE,BLINK+FarmCPU,2,Zm00001eb327780;Zm00001eb327790,Zm00001eb327780,SERINE_THREONINE-PROTEIN KINASE SAPK2 (PTHR24343:SF542),non-receptor serine/threonine protein kinase(PC00167),abscisic acid-activated signaling pathway(GO:0009738);seed germination(GO:0009845);seedling development(GO:0090351),nucleotide binding(GO:0000166);protein kinase activity(GO:0004672);protein serine/threonine kinase activity(GO:0004674);ATP binding(GO:0005524);kinase activity(GO:0016301);transferase activity(GO:0016740)
645,7,31170791,31175089,2,2,"A, F",7.41182873643651e-11,7-30092979,31170791,FALSE,FarmCPU,,,,,,,
787,8,150520350,150523746,2,2,"K, Q",7.62895937473754e-11,8-145687497,150523746,FALSE,FarmCPU,,,,,,,
613,6,152787008,152840103,2,2,"N.IMNTDK, N.Q",9.05704269865112e-11,6-148919140,152787008,FALSE,BLINK+FarmCPU,6,Zm00001eb286610;Zm00001eb286620;Zm00001eb286640;Zm00001eb286560;Zm00001eb286570;Zm00001eb286580,Zm00001eb286610,RIBONUCLEASE P PROTEIN SUBUNIT P29 (PTHR13348:SF0),endoribonuclease(PC00094),tRNA 5'-leader removal(GO:0001682);rRNA processing(GO:0006364);RNA processing(GO:0006396);tRNA processing(GO:0008033),RNA binding(GO:0003723);ribonuclease P RNA binding(GO:0033204)
269,3,77231770,77261639,2,2,"E, P",9.18134580827616e-11,3-76980017,77231770,FALSE,FarmCPU,,,,,,,
625,6,168346066,168442286,2,2,"A, W",1.07134894967524e-10,6-164482582,168442286,FALSE,FarmCPU,5,Zm00001eb292010;Zm00001eb292040;Zm00001eb292060;Zm00001eb292070;Zm00001eb292020,Zm00001eb292010,OS05G0502000 PROTEIN (PTHR45651:SF101),ligand-gated ion channel(PC00141),monoatomic ion transport(GO:0006811);monoatomic ion transmembrane transport(GO:0034220);transmembrane transport(GO:0055085),monoatomic ion channel activity(GO:0005216)
804,8,170108743,170108743,1,2,"I.IMNTDK, N.D",1.26436456923335e-10,8-164480867,170108743,FALSE,FarmCPU,,,,,,,
759,8,101870095,101870095,1,2,"N, N.E",1.30726284488885e-10,8-99390163,101870095,FALSE,BLINK,1,Zm00001eb348410,Zm00001eb348410,"","","",""
211,2,218018567,218018813,2,2,"L.IVL, S.SGC",1.32012637414131e-10,2-211875690,218018813,FALSE,BLINK,6,Zm00001eb109190;Zm00001eb109180;Zm00001eb109200;Zm00001eb109210;Zm00001eb109220;Zm00001eb109230,Zm00001eb109190,PROTEIN TIFY 10B (PTHR33077:SF140),"",response to wounding(GO:0009611);regulation of defense response(GO:0031347);regulation of jasmonic acid mediated signaling pathway(GO:2000022),""
570,6,58386529,58412505,2,2,"F.WFY, K",1.64462857057808e-10,6-55938103,58412505,FALSE,BLINK+FarmCPU,,,,,,,
841,9,29758308,29764287,2,2,"C, C.SGC",1.7991748252849e-10,9-29638424,29764287,FALSE,BLINK+FarmCPU,,,,,,,
104,1,270204928,270205399,2,2,"H, V",1.9439527783607e-10,1-265467716,270204928,FALSE,FarmCPU,1,Zm00001eb053840,Zm00001eb053840,CYTOKININ RIBOSIDE 5'-MONOPHOSPHATE PHOSPHORIBOHYDROLASE LOG4-RELATED (PTHR31223:SF51),"",cytokinin biosynthetic process(GO:0009691),hydrolase activity(GO:0016787);lyase activity(GO:0016829);cytokinin riboside 5'-monophosphate phosphoribohydrolase activity(GO:0102682)
913,10,255881,255881,1,2,"S, S.Total",2.0117926821155e-10,10-752151_2,255881,FALSE,FarmCPU,,,,,,,
4,1,2747408,2813734,2,2,"E, I.IMNTDK",2.03675165980359e-10,1-2656454,2747408,FALSE,BLINK+FarmCPU,7,Zm00001eb000640;Zm00001eb000650;Zm00001eb000660;Zm00001eb000670;Zm00001eb000680;Zm00001eb000690;Zm00001eb000700,Zm00001eb000640,GLUCURONOXYLAN GLUCURONOSYLTRANSFERASE IRX7-RELATED (PTHR11062:SF229),glycosyltransferase(PC00111),glucuronoxylan biosynthetic process(GO:0010417),transferase activity(GO:0016740);glycosyltransferase activity(GO:0016757)
962,10,96623202,96666154,2,2,"H, N",2.26577186562513e-10,10-96378275,96623202,FALSE,FarmCPU,4,Zm00001eb418750;Zm00001eb418760;Zm00001eb418770;Zm00001eb418780,Zm00001eb418750,UNC93-LIKE PROTEIN C922.05C (PTHR23294:SF59),"","",""
545,5,222329203,222330803,2,2,"M, M.Total",2.36023728124066e-10,5-216465957,222329203,FALSE,BLINK,3,Zm00001eb257910;Zm00001eb257920;Zm00001eb257930,Zm00001eb257910,"ASPARTATE AMINOTRANSFERASE, CYTOPLASMIC (PTHR11879:SF46)",transaminase(PC00216),amino acid metabolic process(GO:0006520),L-aspartate:2-oxoglutarate aminotransferase activity(GO:0004069);transaminase activity(GO:0008483);transferase activity(GO:0016740);pyridoxal phosphate binding(GO:0030170)
370,4,46618514,46618535,2,2,"F, V",2.56361852314545e-10,4-44799092,46618514,FALSE,FarmCPU,1,Zm00001eb175140,Zm00001eb175140,THREONYLCARBAMOYL-AMP SYNTHASE (PTHR42828:SF3),"","",double-stranded RNA binding(GO:0003725);mRNA binding(GO:0003729)
499,5,142464710,142464710,1,2,"R.EHPRQ, R.Total",2.60950939039987e-10,5-139145843,142464710,FALSE,FarmCPU,,,,,,,
418,4,173350908,173350908,1,2,"N.D, N.Q",3.14066772037796e-10,4-170389035,173350908,FALSE,FarmCPU,,,,,,,
169,2,108104072,108104072,1,2,"N.D, N.Total",3.2831336257486e-10,2-105774561,108104072,FALSE,FarmCPU,1,Zm00001eb088270,Zm00001eb088270,PHOSPHOGLYCERATE MUTASE FAMILY PROTEIN (PTHR47821:SF2),mutase(PC00160),"",""
670,7,88504417,88517467,2,2,"N.Q, Total_PBAA",3.2948578357157e-10,7-85704183,88504417,FALSE,FarmCPU,,,,,,,
535,5,216529679,216582750,2,2,"G, I.LAV",3.51497734351591e-10,5-210775023,216582750,FALSE,BLINK+FarmCPU,6,Zm00001eb255190;Zm00001eb255200;Zm00001eb255210;Zm00001eb255230;Zm00001eb255240;Zm00001eb255250,Zm00001eb255190,OS02G0753200 PROTEIN (PTHR35321:SF1),"","",""
443,4,240855559,240855559,1,2,"EHPRQ, P",3.95610023466072e-10,4-236147994,240855559,FALSE,FarmCPU,,,,,,,
88,1,232724736,232735464,2,2,"Q, SGC",3.98190820043877e-10,1-229299246,232735464,FALSE,BLINK+FarmCPU,,,,,,,
361,4,18142838,18187214,2,2,"A, N",4.39189842408593e-10,4-17025144,18142838,FALSE,BLINK+FarmCPU,2,Zm00001eb169200;Zm00001eb169210,Zm00001eb169200,AUXIN-RESPONSIVE PROTEIN IAA27 (PTHR31734:SF35),"",regulation of DNA-templated transcription(GO:0006355);response to auxin(GO:0009733);auxin-activated signaling pathway(GO:0009734),""
826,9,10988746,11039062,2,2,"IMNTDK, M.IMNTDK",4.94507224025878e-10,9-11581459,10988746,FALSE,FarmCPU,3,Zm00001eb373620;Zm00001eb373630;Zm00001eb373640,Zm00001eb373620,ZINC FINGER PROTEIN-RELATED (PTHR46547:SF5),"",regulation of DNA-templated transcription(GO:0006355);response to gibberellin(GO:0009739);trichome differentiation(GO:0010026);trichome morphogenesis(GO:0010090),DNA-binding transcription factor activity(GO:0003700);zinc ion binding(GO:0008270)
702,7,161605605,161605605,1,2,"F, SGC",5.12854917193501e-10,7-156249988,161605605,FALSE,FarmCPU,1,Zm00001eb322510,Zm00001eb322510,DNA REPAIR PROTEIN RAD16 (PTHR45626:SF12),"",nucleotide-excision repair(GO:0006289),"nucleotide binding(GO:0000166);helicase activity(GO:0004386);ATP binding(GO:0005524);ATP-dependent activity, acting on DNA(GO:0008094);zinc ion binding(GO:0008270);hydrolase activity(GO:0016787);metal ion binding(GO:0046872)"
671,7,91945743,91945743,1,2,"I.IMNTDK, N.IMNTDK",5.13995495525692e-10,7-89001853,91945743,FALSE,FarmCPU,,,,,,,
87,1,229130126,229130126,1,2,"N.Q, N.Total",5.30450181263454e-10,1-225543504,229130126,TRUE,BLINK+FarmCPU,,,,,,,
897,9,147126104,147126254,2,2,"N.D, N.IMNTDK",5.42258719466305e-10,9-144563448,147126254,FALSE,BLINK+FarmCPU,1,Zm00001eb398120,Zm00001eb398120,GTPASE-ACTIVATING PROTEIN AND VPS9 DOMAIN-CONTAINING PROTEIN 1 (PTHR23101:SF25),guanyl-nucleotide exchange factor(PC00113),intracellular protein transport(GO:0006886);vesicle-mediated transport(GO:0016192),nucleotide binding(GO:0000166);guanyl-nucleotide exchange factor activity(GO:0005085);GTPase activator activity(GO:0005096);GTP binding(GO:0005525);small GTPase binding(GO:0031267)
539,5,219464387,219480368,2,2,"L, N.Total",5.49340543581806e-10,5-213633756,219464387,FALSE,BLINK+FarmCPU,2,Zm00001eb256400;Zm00001eb256410,Zm00001eb256400,OS01G0590200 PROTEIN (PTHR33065:SF117),"","",""
232,3,4869510,4940930,2,2,"R.Total, T",6.79658527869334e-10,3-5705933,4869510,FALSE,BLINK+FarmCPU,4,Zm00001eb120700;Zm00001eb120710;Zm00001eb120730;Zm00001eb120690,Zm00001eb120700,PROTODERMAL FACTOR 1 (PTHR33210:SF13),"","",""
688,7,130049504,130065862,2,2,"K, SGC",9.06699355698899e-10,7-126140167,130049504,FALSE,FarmCPU,,,,,,,
245,3,26717893,26717893,1,2,"A, V",1.06062972057387e-09,3-27182767,26717893,FALSE,FarmCPU,,,,,,,
547,6,1974920,2019126,2,2,"K.IMNTDK, K.Total",1.16992254467791e-09,6-1991307,1974920,FALSE,BLINK+FarmCPU,,,,,,,
159,2,81476446,81546595,2,2,"D.IMNTDK, V",1.22275650014156e-09,2-80046208,81546595,FALSE,BLINK+FarmCPU,,,,,,,
12,1,44975853,44986940,2,2,"M.IMNTDK, N.Q",1.48197390401983e-09,1-44796694,44986940,FALSE,FarmCPU,,,,,,,
690,7,131213576,131213576,1,2,"G.SGC, S.SGC",1.82052582646786e-09,7-127289691,131213576,FALSE,BLINK,,,,,,,
694,7,134960965,134963143,2,2,"R.EHPRQ, SGC",1.91737600304035e-09,7-130978460,134963143,FALSE,BLINK+FarmCPU,,,,,,,
638,7,10455915,10455915,1,2,"G.SGC, S.SGC",1.9298642870459e-09,7-10168824,10455915,FALSE,BLINK,1,Zm00001eb301420,Zm00001eb301420,OS07G0180900 PROTEIN (PTHR19431:SF1),ribosomal protein(PC00202),translation(GO:0006412),RNA binding(GO:0003723);structural constituent of ribosome(GO:0003735)
398,4,130890670,130890670,1,2,"D.IMNTDK, N.IMNTDK",2.01808526245713e-09,4-127884960,130890670,FALSE,FarmCPU,1,Zm00001eb183200,Zm00001eb183200,AGAMOUS-LIKE MADS-BOX PROTEIN AGL17 (PTHR48019:SF219),MADS box transcription factor(PC00250),regulation of DNA-templated transcription(GO:0006355);regulation of transcription by RNA polymerase II(GO:0006357);positive regulation of transcription by RNA polymerase II(GO:0045944),"RNA polymerase II transcription regulatory region sequence-specific DNA binding(GO:0000977);RNA polymerase II cis-regulatory region sequence-specific DNA binding(GO:0000978);DNA-binding transcription factor activity, RNA polymerase II-specific(GO:0000981);DNA binding(GO:0003677);DNA-binding transcription factor activity(GO:0003700);protein dimerization activity(GO:0046983)"
847,9,61758461,61758883,2,2,"R.Total, S",2.19671960485273e-09,9-69230576,61758461,FALSE,FarmCPU,2,Zm00001eb382760;Zm00001eb382750,Zm00001eb382760,ACID PHOSPHATASE (PTHR47439:SF1),protein phosphatase(PC00195),"",""
823,9,6204024,6221521,2,2,"M, Q.Total",2.56891383110992e-09,9-6595114,6204024,FALSE,FarmCPU,,,,,,,
564,6,34754503,34755528,2,2,"K, S.SGC",2.87868971245242e-09,6-33187533,34754503,FALSE,BLINK+FarmCPU,1,Zm00001eb265260,Zm00001eb265260,OS05G0126100 PROTEIN (PTHR32191:SF87),scaffold/adaptor protein(PC00226),auxin-activated signaling pathway(GO:0009734),""
201,2,194024480,194024480,1,2,"I.IMNTDK, K.IMNTDK",3.00830009378039e-09,2-189020989,194024480,FALSE,BLINK+FarmCPU,3,Zm00001eb101460;Zm00001eb101470;Zm00001eb101480,Zm00001eb101460,CARBOXYPEPTIDASE (PTHR11802:SF59),serine protease(PC00203),proteolysis(GO:0006508),carboxypeptidase activity(GO:0004180);serine-type carboxypeptidase activity(GO:0004185);peptidase activity(GO:0008233);hydrolase activity(GO:0016787)
193,2,176648033,176648033,1,2,"G, SGC",3.02206479206416e-09,2-172461792,176648033,FALSE,FarmCPU,1,Zm00001eb097390,Zm00001eb097390,"GRPE PROTEIN HOMOLOG, MITOCHONDRIAL (PTHR21237:SF23)",primary active transporter(PC00068),protein folding(GO:0006457);protein import into mitochondrial matrix(GO:0030150),nucleotide binding(GO:0000166);adenyl-nucleotide exchange factor activity(GO:0000774);ATP binding(GO:0005524);protein homodimerization activity(GO:0042803);metal ion binding(GO:0046872);unfolded protein binding(GO:0051082);protein-folding chaperone binding(GO:0051087)
517,5,195265729,195265729,1,2,"EHPRQ, Total",3.03308749984862e-09,5-190168805,195265729,FALSE,BLINK,2,Zm00001eb249190;Zm00001eb249200,Zm00001eb249190,SUGAR PHOSPHATE EXCHANGER 3 (PTHR43184:SF12),transporter(PC00227),phosphate ion homeostasis(GO:0055062);transmembrane transport(GO:0055085),transmembrane transporter activity(GO:0022857)
189,2,163469557,163493955,2,2,"M, P",3.26392339662447e-09,2-159495559,163469557,FALSE,FarmCPU,1,Zm00001eb095110,Zm00001eb095110,NAC DOMAIN-CONTAINING PROTEIN 67 (PTHR31719:SF80),DNA-binding transcription factor(PC00218),regulation of DNA-templated transcription(GO:0006355);positive regulation of response to salt stress(GO:1901002),DNA binding(GO:0003677)
451,5,3588185,3588185,1,2,"D, SGC",3.36993994931162e-09,5-3488128,3588185,FALSE,FarmCPU,4,Zm00001eb212330;Zm00001eb212340;Zm00001eb212350;Zm00001eb212360,Zm00001eb212330,DIPHOSPHOINOSITOL-POLYPHOSPHATE DIPHOSPHATASE (PTHR12629:SF0),phosphatase(PC00181),"",pyrophosphatase activity(GO:0016462);hydrolase activity(GO:0016787);metal ion binding(GO:0046872)
896,9,145764224,145764224,1,2,"Total, WFY",3.68785830547227e-09,9-143296510,145764224,FALSE,BLINK+FarmCPU,4,Zm00001eb397660;Zm00001eb397670;Zm00001eb397680;Zm00001eb397690,Zm00001eb397660,ZDHHC-TYPE PALMITOYLTRANSFERASE 3-RELATED (PTHR22883:SF127),protein modifying enzyme(PC00260),protein targeting to membrane(GO:0006612),palmitoyltransferase activity(GO:0016409);transferase activity(GO:0016740);acyltransferase activity(GO:0016746);protein-cysteine S-palmitoyltransferase activity(GO:0019706)
533,5,214714335,214731961,2,2,"N.E, T.IMNTDK",3.69730205014768e-09,5-208985501,214731961,FALSE,FarmCPU,1,Zm00001eb254320,Zm00001eb254320,KINESIN-LIKE PROTEIN KIN-4C (PTHR47969:SF6),microtubule binding motor protein(PC00156),microtubule-based movement(GO:0007018);mitotic spindle organization(GO:0007052);spindle elongation(GO:0051231);cell wall organization(GO:0071555),nucleotide binding(GO:0000166);cytoskeletal motor activity(GO:0003774);microtubule motor activity(GO:0003777);ATP binding(GO:0005524);microtubule binding(GO:0008017);hydrolase activity(GO:0016787)
900,9,152166260,152166266,2,2,"F, Q",4.29173104693042e-09,9-149305594,152166260,FALSE,BLINK+FarmCPU,,,,,,,
177,2,132337921,132337921,1,2,"EHPRQ, Total",5.14055214685065e-09,2-128802680,132337921,FALSE,FarmCPU,1,Zm00001eb090990,Zm00001eb090990,"PROTEIN TRANSLOCASE SUBUNIT SECA2, CHLOROPLASTIC (PTHR30612:SF11)",transporter(PC00227),protein targeting(GO:0006605);intracellular protein transport(GO:0006886);protein transport(GO:0015031);protein import(GO:0017038);protein transmembrane transport(GO:0071806),nucleotide binding(GO:0000166);ATP binding(GO:0005524);chloroplast protein-transporting ATPase activity(GO:0016464)
967,10,115754451,115787066,2,2,"F, I",5.62018558463257e-09,10-114758406,115754451,FALSE,FarmCPU,2,Zm00001eb421720;Zm00001eb421730,Zm00001eb421720,LD22376P (PTHR31061:SF24),"","",""
284,3,112287598,112369730,2,2,"H, P",7.4767485835317e-09,3-87120790,112287598,FALSE,FarmCPU,1,Zm00001eb134680,Zm00001eb134680,OS06G0234100 PROTEIN (PTHR45980:SF20),"",proteolysis(GO:0006508),serine-type endopeptidase activity(GO:0004252);peptidase activity(GO:0008233);serine-type peptidase activity(GO:0008236);hydrolase activity(GO:0016787)
449,5,2014173,2074349,2,2,"IMNTDK, Total",8.18659530041458e-09,5-1986888,2074349,FALSE,BLINK+FarmCPU,7,Zm00001eb211190;Zm00001eb211200;Zm00001eb211220;Zm00001eb211280;Zm00001eb211210;Zm00001eb211270;Zm00001eb211290,Zm00001eb211190,EXPRESSED PROTEIN (PTHR21726:SF65),transferase(PC00220),"",""
335,3,208812497,208812571,2,1,R.EHPRQ,2.20874257045466e-18,3-205450126,208812571,FALSE,BLINK+FarmCPU,1,Zm00001eb155010,Zm00001eb155010,MYOSIN FAMILY PROTEIN WITH DIL DOMAIN (PTHR13140:SF737),actin binding motor protein(PC00040),actin filament organization(GO:0007015);actin filament-based movement(GO:0030048),microfilament motor activity(GO:0000146);nucleotide binding(GO:0000166);cytoskeletal motor activity(GO:0003774);actin binding(GO:0003779);calmodulin binding(GO:0005516);ATP binding(GO:0005524);actin filament binding(GO:0051015)
985,10,142621925,142621925,1,1,H,5.75982939889048e-18,10-141260668,142621925,FALSE,FarmCPU,1,Zm00001eb430100,Zm00001eb430100,SECRETORY CARRIER-ASSOCIATED MEMBRANE PROTEIN (PTHR10687:SF2),transfer/carrier protein(PC00219),protein transport(GO:0015031),""
160,2,87862761,87862761,1,1,W,2.45420411092479e-17,2-86237476,87862761,FALSE,FarmCPU,,,,,,,
743,8,28774164,28774164,1,1,M,3.19901385467193e-17,8-27855708,28774164,TRUE,BLINK+FarmCPU,,,,,,,
948,10,67175499,67175499,1,1,Q,7.04292526774545e-17,10-67953819,67175499,TRUE,BLINK+FarmCPU,,,,,,,
762,8,105257323,105257323,1,1,Q,8.23666047698197e-17,8-102570468,105257323,FALSE,FarmCPU,,,,,,,
563,6,34008857,34008857,1,1,W,1.12185500714879e-16,6-32485813,34008857,FALSE,FarmCPU,,,,,,,
712,7,171664562,171664562,1,1,F.Total,1.43610459168082e-16,7-166061460,171664562,FALSE,BLINK,,,,,,,
627,6,171273352,171273352,1,1,D,3.25034562206683e-16,6-167267817,171273352,FALSE,FarmCPU,5,Zm00001eb293370;Zm00001eb293380;Zm00001eb293390;Zm00001eb293410;Zm00001eb293400,Zm00001eb293370,COV-LIKE PROTEIN 1 (PTHR31876:SF15),"","",""
482,5,84938976,84938976,1,1,D.Total,3.49754484205606e-16,5-82804866,84938976,FALSE,FarmCPU,,,,,,,
852,9,78287626,78287626,1,1,R.Total,4.25488425821102e-16,9-76225994,78287626,TRUE,BLINK+FarmCPU,,,,,,,
894,9,144673617,144673617,1,1,WFY,5.22277813277377e-16,9-142245664,144673617,FALSE,FarmCPU,2,Zm00001eb397240;Zm00001eb397250,Zm00001eb397240,TWO-COMPONENT RESPONSE REGULATOR-LIKE APRR7 (PTHR43874:SF125),winged helix/forkhead transcription factor(PC00246),phosphorelay signal transduction system(GO:0000160);cytokinin-activated signaling pathway(GO:0009736);rhythmic process(GO:0048511),""
908,9,156170756,156170756,1,1,K,8.30117195730669e-16,9-153303878,156170756,FALSE,FarmCPU,1,Zm00001eb401490,Zm00001eb401490,E3 UBIQUITIN-PROTEIN LIGASE OS03G0188200 (PTHR14155:SF526),ubiquitin-protein ligase(PC00234),"",zinc ion binding(GO:0008270);transferase activity(GO:0016740);ligase activity(GO:0016874);metal ion binding(GO:0046872);ubiquitin protein ligase activity(GO:0061630)
307,3,155197407,155197407,1,1,I.IMNTDK,8.75138445498442e-16,3-153821068,155197407,FALSE,FarmCPU,,,,,,,
305,3,153710629,153710629,1,1,C.Total,1.21891544525724e-15,3-152358980,153710629,TRUE,BLINK+FarmCPU,1,Zm00001eb141460,Zm00001eb141460,EXPRESSED PROTEIN (PTHR31115:SF3),"","",""
21,1,74681820,74681820,1,1,C.Total,1.27187719891353e-15,1-73282701,74681820,TRUE,BLINK+FarmCPU,,,,,,,
53,1,158267134,158267134,1,1,N,1.34811760152182e-15,1-156385381,158267134,FALSE,BLINK,,,,,,,
273,3,82062942,82062942,1,1,K.IMNTDK,1.44842294207167e-15,3-81751605,82062942,FALSE,BLINK,1,Zm00001eb132340,Zm00001eb132340,"","",transmembrane transport(GO:0055085),transmembrane transporter activity(GO:0022857)
991,10,149586775,149586775,1,1,Q,1.58050288664475e-15,10-148248665,149586775,TRUE,BLINK+FarmCPU,5,Zm00001eb433190;Zm00001eb433200;Zm00001eb433220;Zm00001eb433230;Zm00001eb433210,Zm00001eb433190,F-BOX ONLY PROTEIN 6 (PTHR46301:SF77),"",SCF-dependent proteasomal ubiquitin-dependent protein catabolic process(GO:0031146),ubiquitin-protein transferase activity(GO:0004842)
50,1,152740977,152740977,1,1,N.IMNTDK,1.84807612009873e-15,1-150785477,152740977,FALSE,FarmCPU,,,,,,,
457,5,9051976,9051976,1,1,IMNTDK,2.66707228202185e-15,5-8709712,9051976,FALSE,FarmCPU,4,Zm00001eb215490;Zm00001eb215520;Zm00001eb215500;Zm00001eb215510,Zm00001eb215490,OS03G0733266 PROTEIN (PTHR31696:SF64),"",hydrotropism(GO:0010274),""
477,5,65306214,65306214,1,1,C.Total,2.9077937828448e-15,5-63458951,65306214,FALSE,BLINK,1,Zm00001eb228560,Zm00001eb228560,OS06G0727000 PROTEIN (PTHR45988:SF78),C2H2 zinc finger transcription factor(PC00248),regulation of DNA-templated transcription(GO:0006355),transcription cis-regulatory region binding(GO:0000976);DNA-binding transcription factor activity(GO:0003700);zinc ion binding(GO:0008270);metal ion binding(GO:0046872)
310,3,159530528,159530528,1,1,S.Total,3.39016281149452e-15,3-157974939,159530528,FALSE,FarmCPU,,,,,,,
559,6,30484140,30484140,1,1,D.IMNTDK,3.83674848324292e-15,6-29011062,30484140,FALSE,FarmCPU,,,,,,,
951,10,68905761,68905761,1,1,H,4.12367559364013e-15,10-69774638,68905761,FALSE,FarmCPU,2,Zm00001eb414250;Zm00001eb414260,Zm00001eb414250,OS05G0126200 PROTEIN (PTHR36767:SF1),"","",""
275,3,91558581,91558581,1,1,IMNTDK,4.50118469342281e-15,3-105674315,91558581,FALSE,FarmCPU,,,,,,,
56,1,163696687,163696687,1,1,L,4.54866540532285e-15,1-162175258,163696687,FALSE,FarmCPU,,,,,,,
260,3,65425255,65425255,1,1,P,5.1250406763566e-15,3-65288085,65425255,FALSE,FarmCPU,1,Zm00001eb131420,Zm00001eb131420,OS01G0343300 PROTEIN (PTHR47172:SF23),"",regulation of DNA-templated transcription(GO:0006355),transcription cis-regulatory region binding(GO:0000976);zinc ion binding(GO:0008270);sequence-specific DNA binding(GO:0043565);metal ion binding(GO:0046872)
114,1,295998757,295998757,1,1,G.Total,5.35216524175018e-15,1-290596591,295998757,FALSE,FarmCPU,,,,,,,
877,9,117143021,117143021,1,1,P,5.74851700568151e-15,9-113813812,117143021,FALSE,FarmCPU,,,,,,,
901,9,152521899,152521899,1,1,LAV,7.91246301829236e-15,9-149652186,152521899,FALSE,FarmCPU,1,Zm00001eb399970,Zm00001eb399970,"","","",""
608,6,139208516,139208516,1,1,IMNTDK,1.10458927695835e-14,6-135293733,139208516,TRUE,BLINK+FarmCPU,,,,,,,
554,6,21913968,21913968,1,1,I.Total,1.30888571559401e-14,6-23522910,21913968,TRUE,BLINK+FarmCPU,,,,,,,
291,3,132539676,132539676,1,1,K.IMNTDK,1.36231286976562e-14,3-131958394,132539676,FALSE,BLINK,3,Zm00001eb137290;Zm00001eb137310;Zm00001eb137300,Zm00001eb137290,EXPRESSED PROTEIN (PTHR23172:SF102),membrane traffic protein(PC00150),clathrin coat disassembly(GO:0072318);clathrin-dependent endocytosis(GO:0072583),clathrin binding(GO:0030276)
174,2,125511105,125511105,1,1,V,1.78317894521475e-14,2-122120627,125511105,FALSE,FarmCPU,,,,,,,
644,7,25302955,25302955,1,1,N.E,1.78692501195839e-14,7-24239099,25302955,FALSE,FarmCPU,2,Zm00001eb304280;Zm00001eb304290,Zm00001eb304280,OS07G0245200 PROTEIN (PTHR31339:SF20),lyase(PC00144),"",""
265,3,72343924,72343924,1,1,I,1.88161447698672e-14,3-72000050,72343924,TRUE,BLINK+FarmCPU,,,,,,,
705,7,163339485,163339485,1,1,W,2.07276596739688e-14,7-157976738,163339485,FALSE,FarmCPU,3,Zm00001eb323140;Zm00001eb323150;Zm00001eb323130,Zm00001eb323140,PYRUVATE PHOSPHATE DIKINASE REGULATORY PROTEIN 2 (PTHR31756:SF10),kinase modulator(PC00140),"","nucleotide binding(GO:0000166);protein kinase activity(GO:0004672);protein serine/threonine kinase activity(GO:0004674);phosphoprotein phosphatase activity(GO:0004721);ATP binding(GO:0005524);kinase activity(GO:0016301);transferase activity(GO:0016740);transferase activity, transferring phosphorus-containing groups(GO:0016772);phosphotransferase activity, phosphate group as acceptor(GO:0016776)"
375,4,58321853,58321853,1,1,F,2.37223379266979e-14,4-56084907,58321853,FALSE,FarmCPU,1,Zm00001eb176440,Zm00001eb176440,OS08G0467600 PROTEIN (PTHR31662:SF96),"",regulation of DNA-templated transcription(GO:0006355);regulation of gene expression(GO:0010468),""
253,3,57403635,57403635,1,1,R.Total,2.58681482333139e-14,3-57445353,57403635,FALSE,FarmCPU,2,Zm00001eb130560;Zm00001eb130570,Zm00001eb130560,OS02G0822400 PROTEIN (PTHR31989:SF126),"",regulation of DNA-templated transcription(GO:0006355),DNA binding(GO:0003677)
575,6,73699093,73699093,1,1,Q.EHPRQ,2.87875645454275e-14,6-70951630,73699093,FALSE,FarmCPU,,,,,,,
665,7,79247996,79247996,1,1,K,3.04406191420013e-14,7-76719885,79247996,FALSE,FarmCPU,,,,,,,
829,9,13446380,13446380,1,1,W,3.07692227645285e-14,9-13776099,13446380,FALSE,FarmCPU,2,Zm00001eb374320;Zm00001eb374330,Zm00001eb374320,PHOSPHORYLASE KINASE (PTHR44167:SF30),non-receptor serine/threonine protein kinase(PC00167),regulation of transcription by RNA polymerase II(GO:0006357);mitotic DNA damage checkpoint signaling(GO:0044773),nucleotide binding(GO:0000166);protein kinase activity(GO:0004672);protein serine/threonine kinase activity(GO:0004674);ATP binding(GO:0005524);RNA polymerase II CTD heptapeptide repeat kinase activity(GO:0008353);kinase activity(GO:0016301)
720,7,176273358,176273358,1,1,F.Total,3.17997126854177e-14,7-170694896,176273358,FALSE,BLINK,3,Zm00001eb328000;Zm00001eb328010;Zm00001eb328020,Zm00001eb328000,HISTONE ACETYLTRANSFERASE KAT7 (PTHR10615:SF161),histone modifying enzyme(PC00261),DNA repair(GO:0006281);chromatin organization(GO:0006325);chromatin remodeling(GO:0006338);regulation of DNA-templated transcription(GO:0006355);regulation of transcription by RNA polymerase II(GO:0006357);response to UV-B(GO:0010224),chromatin binding(GO:0003682);transcription coregulator activity(GO:0003712);histone acetyltransferase activity(GO:0004402);zinc ion binding(GO:0008270);transferase activity(GO:0016740);acyltransferase activity(GO:0016746);metal ion binding(GO:0046872);protein-lysine-acetyltransferase activity(GO:0061733)
590,6,97433168,97433168,1,1,A,3.80030824695406e-14,6-94863575,97433168,FALSE,FarmCPU,2,Zm00001eb273100;Zm00001eb273120,Zm00001eb273100,E3 UBIQUITIN-PROTEIN LIGASE BRE1 (PTHR23163:SF0),"",chromatin organization(GO:0006325);protein ubiquitination(GO:0016567),ubiquitin-protein transferase activity(GO:0004842);zinc ion binding(GO:0008270);transferase activity(GO:0016740);ligase activity(GO:0016874);metal ion binding(GO:0046872);ubiquitin protein ligase activity(GO:0061630)
210,2,216947637,216947637,1,1,H.Total,3.93459658047183e-14,2-210755195,216947637,TRUE,BLINK+FarmCPU,1,Zm00001eb108690,Zm00001eb108690,ATP-DEPENDENT DNA HELICASE CHR12-RELATED (PTHR10799:SF854),DNA helicase(PC00011),chromatin organization(GO:0006325);heterochromatin formation(GO:0031507);positive regulation of transcription by RNA polymerase II(GO:0045944),nucleotide binding(GO:0000166);DNA binding(GO:0003677);DNA helicase activity(GO:0003678);chromatin binding(GO:0003682);helicase activity(GO:0004386);ATP binding(GO:0005524);hydrolase activity(GO:0016787);histone binding(GO:0042393);nucleosome array spacer activity(GO:0140750)
769,8,117537185,117537185,1,1,N.Q,4.16950163955222e-14,8-114310280,117537185,FALSE,FarmCPU,1,Zm00001eb351000,Zm00001eb351000,"SUCCINATE DEHYDROGENASE SUBUNIT 4, MITOCHONDRIAL (PTHR36358:SF1)",dehydrogenase(PC00092),"tricarboxylic acid cycle(GO:0006099);mitochondrial electron transport, succinate to ubiquinone(GO:0006121)",""
680,7,109421884,109421884,1,1,P,4.43135198122756e-14,7-106180362,109421884,FALSE,FarmCPU,1,Zm00001eb311660,Zm00001eb311660,OS09G0380200 PROTEIN (PTHR33372:SF7),"","",""
446,4,244309256,244309256,1,1,I.Total,4.44989281839813e-14,4-239429245,244309256,FALSE,FarmCPU,3,Zm00001eb207070;Zm00001eb207080;Zm00001eb207090,Zm00001eb207070,NPH3 DOMAIN-CONTAINING PROTEIN (PTHR47105:SF2),"","",""
959,10,95122940,95122940,1,1,I.LAV,4.71508008968667e-14,10-94875425,95122940,FALSE,BLINK,1,Zm00001eb418510,Zm00001eb418510,"","","",""
577,6,82558564,82558564,1,1,H,6.44195293195853e-14,6-79713905,82558564,FALSE,FarmCPU,3,Zm00001eb270700;Zm00001eb270710;Zm00001eb270720,Zm00001eb270700,DNA REPAIR PROTEIN RADA-LIKE PROTEIN (PTHR32472:SF10),DNA metabolism protein(PC00009),recombinational repair(GO:0000725);DNA repair(GO:0006281);DNA damage response(GO:0006974),nucleotide binding(GO:0000166);DNA binding(GO:0003677);damaged DNA binding(GO:0003684);ATP binding(GO:0005524);zinc ion binding(GO:0008270);hydrolase activity(GO:0016787);metal ion binding(GO:0046872);ATP-dependent DNA damage sensor activity(GO:0140664)
947,10,66490086,66490086,1,1,I.IMNTDK,7.14648503693302e-14,10-67356589,66490086,FALSE,FarmCPU,2,Zm00001eb413930;Zm00001eb413920,Zm00001eb413930,ETHYLENE RESPONSE FACTOR 2 (PTHR31190:SF96),"",regulation of DNA-templated transcription(GO:0006355),DNA binding(GO:0003677);DNA-binding transcription factor activity(GO:0003700)
359,4,11926388,11926388,1,1,I.Total,8.39509677564156e-14,4-11096360,11926388,TRUE,BLINK+FarmCPU,,,,,,,
601,6,125465186,125465186,1,1,Q.EHPRQ,8.60703914683912e-14,6-121721054,125465186,TRUE,BLINK+FarmCPU,,,,,,,
636,7,8588620,8588620,1,1,F,8.71993078466647e-14,7-8296296,8588620,FALSE,FarmCPU,1,Zm00001eb300980,Zm00001eb300980,"","","",""
349,3,233104827,233104827,1,1,N.E,8.72846301770349e-14,3-229292861,233104827,FALSE,FarmCPU,,,,,,,
958,10,93592454,93592454,1,1,Total,8.92577395581387e-14,10-93372122,93592454,FALSE,FarmCPU,1,Zm00001eb418350,Zm00001eb418350,COATOMER SUBUNIT BETA-1 (PTHR10635:SF3),vesicle coat protein(PC00235),intracellular protein transport(GO:0006886);endoplasmic reticulum to Golgi vesicle-mediated transport(GO:0006888);intra-Golgi vesicle-mediated transport(GO:0006891),""
147,2,39115733,39115733,1,1,N,8.95919313182361e-14,2-38205709,39115733,TRUE,BLINK+FarmCPU,5,Zm00001eb079640;Zm00001eb079670;Zm00001eb079630;Zm00001eb079650;Zm00001eb079660,Zm00001eb079640,OS04G0477200 PROTEIN (PTHR47932:SF11),"","",mRNA binding(GO:0003729)
225,2,239557135,239557135,1,1,M,9.22510924158949e-14,2-233320374,239557135,TRUE,BLINK+FarmCPU,2,Zm00001eb116850;Zm00001eb116860,Zm00001eb116850,SMALL RIBOSOMAL SUBUNIT PROTEIN US19U-RELATED (PTHR11880:SF53),ribosomal protein(PC00202),translation(GO:0006412),RNA binding(GO:0003723);structural constituent of ribosome(GO:0003735)
869,9,103946519,103946519,1,1,G,9.27235144771434e-14,9-101491676,103946519,TRUE,BLINK+FarmCPU,,,,,,,
218,2,224550202,224550202,1,1,Total_N,9.55903735117079e-14,2-218419733,224550202,FALSE,BLINK,,,,,,,
130,2,6136509,6136509,1,1,IMNTDK,1.00242639013295e-13,2-6183613,6136509,FALSE,BLINK,4,Zm00001eb068640;Zm00001eb068650;Zm00001eb068660;Zm00001eb068670,Zm00001eb068640,CHLORIDE CHANNEL-LIKE PROTEIN CLC-G-RELATED (PTHR11689:SF92),ion channel(PC00133),monoatomic ion transport(GO:0006811);chloride transport(GO:0006821);monoatomic ion transmembrane transport(GO:0034220);transmembrane transport(GO:0055085);chloride transmembrane transport(GO:1902476),voltage-gated chloride channel activity(GO:0005247);chloride channel activity(GO:0005254);chloride transmembrane transporter activity(GO:0015108);transmembrane transporter activity(GO:0022857)
45,1,126736684,126736684,1,1,N.D,1.08237255920424e-13,1-124784859,126736684,FALSE,FarmCPU,,,,,,,
761,8,103857283,103857283,1,1,SGC,1.08663209007183e-13,8-101310923,103857283,FALSE,FarmCPU,3,Zm00001eb348800;Zm00001eb348780;Zm00001eb348790,Zm00001eb348800,OS05G0429400 PROTEIN (PTHR45932:SF1),"",cell division(GO:0051301),lipid binding(GO:0008289)
155,2,56989762,56989762,1,1,I.IMNTDK,1.13755940208284e-13,2-55588255,56989762,FALSE,FarmCPU,3,Zm00001eb083470;Zm00001eb083480;Zm00001eb083460,Zm00001eb083470,OS04G0417600 PROTEIN (PTHR33143:SF1),"","",""
178,2,135104347,135104347,1,1,IMNTDK,1.13931824714094e-13,2-131577985,135104347,TRUE,BLINK+FarmCPU,,,,,,,
824,9,9172609,9172609,1,1,P,1.6499134547882e-13,9-9549256,9172609,FALSE,FarmCPU,,,,,,,
940,10,55436074,55436074,1,1,S.Total,1.66477997944018e-13,10-54634322_2,55436074,FALSE,FarmCPU,,,,,,,
715,7,173538129,173538129,1,1,Y,1.68468887781494e-13,7-168020841,173538129,FALSE,FarmCPU,,,,,,,
587,6,95882750,95882750,1,1,M.IMNTDK,1.8370035723665e-13,6-93392568,95882750,FALSE,FarmCPU,2,Zm00001eb272840;Zm00001eb272830,Zm00001eb272840,OS06G0701900 PROTEIN (PTHR31374:SF113),"",response to auxin(GO:0009733),""
295,3,135063606,135063606,1,1,E,2.0588185614279e-13,3-134398037,135063606,FALSE,FarmCPU,3,Zm00001eb137760;Zm00001eb137780;Zm00001eb137770,Zm00001eb137760,PRE-MRNA-PROCESSING FACTOR 6 (PTHR11246:SF1),RNA splicing factor(PC00148),"spliceosomal tri-snRNP complex assembly(GO:0000244);mRNA splicing, via spliceosome(GO:0000398);RNA processing(GO:0006396);mRNA processing(GO:0006397);RNA splicing(GO:0008380);gene silencing by siRNA-directed DNA methylation(GO:0080188);positive regulation of primary miRNA processing(GO:2000636)",""
537,5,217376293,217376293,1,1,T,2.24998990715912e-13,5-211604024,217376293,FALSE,FarmCPU,1,Zm00001eb255560,Zm00001eb255560,CYCLIN-D4-2 (PTHR10177:SF203),kinase activator(PC00138),G1/S transition of mitotic cell cycle(GO:0000082);cell division(GO:0051301),cyclin-dependent protein serine/threonine kinase regulator activity(GO:0016538)
704,7,162446374,162446374,1,1,S.Total,2.27381118075801e-13,7-157045315,162446374,FALSE,FarmCPU,5,Zm00001eb322760;Zm00001eb322790;Zm00001eb322810;Zm00001eb322770;Zm00001eb322780,Zm00001eb322760,ASSEMBLY FACTOR FOR SPINDLE MICROTUBULES (PTHR22706:SF1),"",mitotic cell cycle(GO:0000278);spindle organization(GO:0007051);establishment of meiotic spindle localization(GO:0051295),calmodulin binding(GO:0005516)
771,8,118673369,118673369,1,1,N.Total,2.28453745724857e-13,8-115398457,118673369,FALSE,FarmCPU,2,Zm00001eb351230;Zm00001eb351240,Zm00001eb351230,OS05G0457700 PROTEIN (PTHR47868:SF2),"","",""
274,3,84029210,84029210,1,1,W.WFY,2.28962620031896e-13,3-83618348,84029210,FALSE,BLINK,,,,,,,
617,6,157804658,157804658,1,1,Q,2.53753151979773e-13,6-153817626,157804658,FALSE,FarmCPU,1,Zm00001eb287980,Zm00001eb287980,PROTEIN NRT1_ PTR FAMILY 3.1 (PTHR11654:SF421),transporter(PC00227),transmembrane transport(GO:0055085),transmembrane transporter activity(GO:0022857)
64,1,185051791,185051791,1,1,I.IMNTDK,2.5917309284333e-13,1-183056616,185051791,FALSE,FarmCPU,1,Zm00001eb033240,Zm00001eb033240,SODIUM_HYDROGEN EXCHANGER 7 (PTHR10110:SF86),secondary carrier transporter(PC00258),monoatomic ion transport(GO:0006811);monoatomic cation transport(GO:0006812);potassium ion transport(GO:0006813);sodium ion transport(GO:0006814);regulation of intracellular pH(GO:0051453);transmembrane transport(GO:0055085);potassium ion transmembrane transport(GO:0071805);sodium ion import across plasma membrane(GO:0098719);proton transmembrane transport(GO:1902600),antiporter activity(GO:0015297);sodium:proton antiporter activity(GO:0015385);potassium:proton antiporter activity(GO:0015386)
410,4,156417411,156417411,1,1,N,2.70393608469436e-13,4-152871168,156417411,FALSE,FarmCPU,1,Zm00001eb186280,Zm00001eb186280,WRKY DNA-BINDING DOMAIN SUPERFAMILY PROTEIN-RELATED (PTHR31221:SF354),DNA-binding transcription factor(PC00218),regulation of DNA-templated transcription(GO:0006355),transcription cis-regulatory region binding(GO:0000976);DNA binding(GO:0003677);DNA-binding transcription factor activity(GO:0003700);sequence-specific DNA binding(GO:0043565)
655,7,52945327,52945327,1,1,IVL,2.71159492850514e-13,7-51342634,52945327,FALSE,FarmCPU,1,Zm00001eb307410,Zm00001eb307410,PROTEIN SREK1IP1 (PTHR31437:SF1),"","",nucleic acid binding(GO:0003676);zinc ion binding(GO:0008270);metal ion binding(GO:0046872)
764,8,107187788,107187788,1,1,G.SGC,2.74670819192106e-13,8-104346743,107187788,FALSE,BLINK,,,,,,,
405,4,143642270,143642270,1,1,S,2.88374064229874e-13,4-140499088,143642270,FALSE,FarmCPU,,,,,,,
157,2,61891600,61891600,1,1,W,3.10665872017967e-13,2-60341152,61891600,FALSE,FarmCPU,,,,,,,
327,3,187096307,187096307,1,1,Total_PBAA,3.20987760938079e-13,3-184177324,187096307,FALSE,BLINK,,,,,,,
145,2,29470044,29470044,1,1,I.IMNTDK,3.32578690610392e-13,2-28679785,29470044,FALSE,FarmCPU,3,Zm00001eb077160;Zm00001eb077170;Zm00001eb077180,Zm00001eb077160,EMB|CAB72159.1 (PTHR46525:SF2),"",leaf senescence(GO:0010150),""
648,7,32683654,32683654,1,1,W,3.73535570649067e-13,7-31524771,32683654,FALSE,FarmCPU,1,Zm00001eb305370,Zm00001eb305370,PENTATRICOPEPTIDE REPEAT-CONTAINING PROTEIN (PTHR24015:SF2010),"",RNA modification(GO:0009451),RNA binding(GO:0003723)
531,5,212727942,212727942,1,1,D.Total,3.90638047795984e-13,5-207121581,212727942,FALSE,FarmCPU,3,Zm00001eb253470;Zm00001eb253490;Zm00001eb253480,Zm00001eb253470,HOMEOBOX-LEUCINE ZIPPER PROTEIN HAT5 (PTHR24326:SF497),homeodomain transcription factor(PC00119),regulation of DNA-templated transcription(GO:0006355);regulation of transcription by RNA polymerase II(GO:0006357);positive regulation of DNA-templated transcription(GO:0045893),"DNA-binding transcription factor activity, RNA polymerase II-specific(GO:0000981);DNA binding(GO:0003677);DNA-binding transcription factor activity(GO:0003700);identical protein binding(GO:0042802);sequence-specific DNA binding(GO:0043565)"
293,3,133864142,133864142,1,1,R.Total,4.06903058354155e-13,3-133206905,133864142,FALSE,FarmCPU,1,Zm00001eb137510,Zm00001eb137510,CALCIUM-BINDING PROTEIN CML23-RELATED (PTHR10891:SF926),calmodulin-related(PC00061),"",calcium ion binding(GO:0005509);metal ion binding(GO:0046872)
710,7,170975152,170975152,1,1,L,4.54444025596522e-13,7-165424846,170975152,TRUE,BLINK+FarmCPU,2,Zm00001eb326020;Zm00001eb326030,Zm00001eb326020,PROTEIN SHORT-ROOT (PTHR31636:SF9),"",regulation of DNA-templated transcription(GO:0006355);asymmetric cell division(GO:0008356);radial pattern formation(GO:0009956);negative regulation of mitotic cell cycle(GO:0045930);leaf development(GO:0048366),DNA-binding transcription factor activity(GO:0003700);sequence-specific DNA binding(GO:0043565)
69,1,203702086,203702086,1,1,M,5.34130592265037e-13,1-201232930,203702086,FALSE,FarmCPU,1,Zm00001eb037990,Zm00001eb037990,RECEPTOR-LIKE SERINE_THREONINE-PROTEIN KINASE (PTHR47975:SF5),"",recognition of pollen(GO:0048544);response to other organism(GO:0051707),nucleotide binding(GO:0000166);protein kinase activity(GO:0004672);protein serine/threonine kinase activity(GO:0004674);ATP binding(GO:0005524);kinase activity(GO:0016301);transferase activity(GO:0016740);carbohydrate binding(GO:0030246)
912,9,158349863,158349863,1,1,M,5.47688003039862e-13,9-155531615,158349863,FALSE,FarmCPU,2,Zm00001eb402740;Zm00001eb402750,Zm00001eb402740,EXPRESSED PROTEIN (PTHR13018:SF114),"",monoatomic ion transmembrane transport(GO:0034220);monoatomic cation transmembrane transport(GO:0098655),calcium-activated cation channel activity(GO:0005227)
509,5,168860848,168860848,1,1,S,5.49088941506285e-13,5-164996953,168860848,FALSE,FarmCPU,,,,,,,
927,10,24324508,24324508,1,1,Total_N,5.51741358575605e-13,10-23849402,24324508,FALSE,BLINK,,,,,,,
264,3,70816244,70816244,1,1,S.Total,5.58989287043256e-13,3-70582072,70816244,FALSE,FarmCPU,,,,,,,
836,9,20250107,20250107,1,1,S.Total,6.07141020349869e-13,9-20480293,20250107,FALSE,FarmCPU,1,Zm00001eb376540,Zm00001eb376540,VQ DOMAIN-CONTAINING PROTEIN (PTHR34777:SF14),"","",""
120,1,298412139,298412139,1,1,Q,6.64746337776011e-13,1-292956411,298412139,FALSE,FarmCPU,1,Zm00001eb062000,Zm00001eb062000,RNA-BINDING PROTEIN Y14B (PTHR45894:SF2),"",RNA processing(GO:0006396);RNA splicing(GO:0008380),nucleic acid binding(GO:0003676);RNA binding(GO:0003723);mRNA binding(GO:0003729)
506,5,164282313,164282313,1,1,W,6.72457487092089e-13,5-160514519,164282313,FALSE,FarmCPU,,,,,,,
153,2,51939611,51939611,1,1,Total,7.02305380701084e-13,2-50539660,51939611,FALSE,FarmCPU,3,Zm00001eb082660;Zm00001eb082670;Zm00001eb082680,Zm00001eb082660,ETOPOSIDE-INDUCED PROTEIN 2.4 HOMOLOG (PTHR21389:SF0),"",macroautophagy(GO:0016236),""
222,2,236689414,236689414,1,1,T,7.09475581747513e-13,2-230258353,236689414,FALSE,FarmCPU,3,Zm00001eb115650;Zm00001eb115660;Zm00001eb115670,Zm00001eb115650,LD34181P-RELATED (PTHR11199:SF0),"chromatin/chromatin-binding, or -regulatory protein(PC00077)",chromosome segregation(GO:0007059);sister chromatid cohesion(GO:0007062);meiotic cell cycle(GO:0051321),chromatin binding(GO:0003682)
480,5,81599794,81671943,2,1,N.Q,7.994852442677e-13,5-79449413,81671943,FALSE,BLINK,1,Zm00001eb232230,Zm00001eb232230,DNA-BINDING PROTEIN BIN4 (PTHR34810:SF1),"","",""
861,9,93176591,93176591,1,1,WFY,8.64048290978614e-13,9-90819889,93176591,FALSE,FarmCPU,2,Zm00001eb386010;Zm00001eb386020,Zm00001eb386010,GLYCOSYLTRANSFERASE (PTHR11926:SF1050),transferase(PC00220),"",UDP-glycosyltransferase activity(GO:0008194);transferase activity(GO:0016740);quercetin 3-O-glucosyltransferase activity(GO:0080043);quercetin 7-O-glucosyltransferase activity(GO:0080044)
430,4,202190460,202190460,1,1,Y.WFY,9.52978005742046e-13,4-197979180,202190460,FALSE,BLINK,1,Zm00001eb198880,Zm00001eb198880,OS11G0683600 PROTEIN (PTHR31676:SF29),"","",""
573,6,66939011,66939011,1,1,S.Total,1.00216327346093e-12,6-64261270,66939011,FALSE,FarmCPU,,,,,,,
920,10,9506885,9506885,1,1,K,1.00875141489161e-12,10-9540826,9506885,FALSE,BLINK,,,,,,,
542,5,221609760,221609760,1,1,F,1.13166060029751e-12,5-215791104,221609760,FALSE,FarmCPU,1,Zm00001eb257600,Zm00001eb257600,PROTEIN KINASE SUPERFAMILY PROTEIN (PTHR48014:SF24),non-receptor serine/threonine protein kinase(PC00167),"",nucleotide binding(GO:0000166);protein kinase activity(GO:0004672);ATP binding(GO:0005524);protein serine/threonine kinase activator activity(GO:0043539)
946,10,66252635,66252635,1,1,WFY,1.18304203794588e-12,10-67014781,66252635,FALSE,FarmCPU,1,Zm00001eb413890,Zm00001eb413890,B3 DOMAIN-CONTAINING PROTEIN OS06G0194400 (PTHR31391:SF99),"","",DNA binding(GO:0003677)
270,3,79263945,79263945,1,1,V,1.20650339161587e-12,3-79014266,79263945,FALSE,FarmCPU,,,,,,,
739,8,21761275,21761275,1,1,S.Total,1.2268255748497e-12,8-21078236,21761275,FALSE,FarmCPU,1,Zm00001eb337610,Zm00001eb337610,OS01G0183000 PROTEIN (PTHR22603:SF74),kinase(PC00137),phosphatidylethanolamine biosynthetic process(GO:0006646);phosphatidylcholine biosynthetic process(GO:0006656);CDP-choline pathway(GO:0006657),choline kinase activity(GO:0004103);ethanolamine kinase activity(GO:0004305)
473,5,54768939,54768939,1,1,K,1.24919065845256e-12,5-53146882,54768939,FALSE,BLINK,2,Zm00001eb226270;Zm00001eb226280,Zm00001eb226270,OS06G0694100 PROTEIN (PTHR14873:SF1),"","",""
832,9,16860666,16860666,1,1,R.Total,1.285278751873e-12,9-17121702,16860666,FALSE,FarmCPU,2,Zm00001eb375300;Zm00001eb375310,Zm00001eb375300,"","","",""
17,1,64841887,64841887,1,1,N,1.32254632658718e-12,1-64008350,64841887,TRUE,BLINK+FarmCPU,2,Zm00001eb018170;Zm00001eb018150,Zm00001eb018170,CELLULOSE SYNTHASE-LIKE PROTEIN E2 (PTHR13301:SF135),DNA-binding transcription factor(PC00218),plant-type primary cell wall biogenesis(GO:0009833);cellulose biosynthetic process(GO:0030244);cell wall organization(GO:0071555),transferase activity(GO:0016740);glycosyltransferase activity(GO:0016757);cellulose synthase activity(GO:0016759);cellulose synthase (UDP-forming) activity(GO:0016760)
952,10,74393812,74393812,1,1,L,1.32705519489363e-12,10-75157656,74393812,FALSE,FarmCPU,,,,,,,
99,1,260840491,260840491,1,1,S,1.38339738024583e-12,1-256348780,260840491,FALSE,FarmCPU,1,Zm00001eb051330,Zm00001eb051330,B3 DOMAIN-CONTAINING PROTEIN OS03G0621600-RELATED (PTHR31920:SF135),DNA-binding transcription factor(PC00218),"",DNA binding(GO:0003677)
372,4,49675261,49675261,1,1,Q,1.47189312938797e-12,4-47590740,49675261,FALSE,FarmCPU,,,,,,,
919,10,6089111,6089111,1,1,S.Total,1.49779515556704e-12,10-6396718,6089111,FALSE,FarmCPU,,,,,,,
581,6,87381816,87381816,1,1,D,1.59333281918586e-12,6-84390345,87381816,FALSE,FarmCPU,,,,,,,
317,3,179451922,179451922,1,1,G,1.60296985070196e-12,3-177292838,179451922,TRUE,BLINK+FarmCPU,3,Zm00001eb146450;Zm00001eb146460;Zm00001eb146480,Zm00001eb146450,DNA REPAIR PROTEIN XRCC2 (PTHR46644:SF2),DNA metabolism protein(PC00009),double-strand break repair via homologous recombination(GO:0000724);DNA repair(GO:0006281),DNA binding(GO:0003677);ATP binding(GO:0005524);ATP-dependent DNA damage sensor activity(GO:0140664)
870,9,106094668,106094668,1,1,C.Total,1.67088619441749e-12,9-103566262,106094668,FALSE,FarmCPU,1,Zm00001eb388220,Zm00001eb388220,TRANSMEMBRANE PROTEIN (PTHR34483:SF7),"","",""
228,3,2783865,2783865,1,1,W,1.77119204414515e-12,3-3550542,2783865,FALSE,FarmCPU,5,Zm00001eb119580;Zm00001eb119590;Zm00001eb119630;Zm00001eb119610;Zm00001eb119620,Zm00001eb119580,GDSL ESTERASE_LIPASE (PTHR22835:SF565),"","","hydrolase activity, acting on ester bonds(GO:0016788)"
677,7,106914874,106914874,1,1,I.IMNTDK,1.81972281876016e-12,7-103688848,106914874,FALSE,BLINK,,,,,,,
872,9,107606853,107606853,1,1,I.IMNTDK,2.04506671153716e-12,9-105191522,107606853,FALSE,FarmCPU,,,,,,,
489,5,100684736,100684736,1,1,N.Q,2.1899130755613e-12,5-98221731,100684736,FALSE,BLINK,1,Zm00001eb234640,Zm00001eb234640,GLYCEROPHOSPHODIESTER PHOSPHODIESTERASE GDPDL6-RELATED (PTHR43620:SF44),phosphodiesterase(PC00185),glycerol metabolic process(GO:0006071);lipid metabolic process(GO:0006629),phosphoric diester hydrolase activity(GO:0008081);glycerophosphodiester phosphodiesterase activity(GO:0008889);hydrolase activity(GO:0016787)
337,3,212258154,212258154,1,1,M.IMNTDK,2.22684328012865e-12,3-208764277,212258154,FALSE,FarmCPU,2,Zm00001eb156080;Zm00001eb156090,Zm00001eb156080,PROTEIN PLASTID MOVEMENT IMPAIRED 2 (PTHR32054:SF2),"",chloroplast avoidance movement(GO:0009903);chloroplast accumulation movement(GO:0009904),""
282,3,103127307,103127307,1,1,M,2.23280373157363e-12,3-96011124,103127307,FALSE,FarmCPU,,,,,,,
740,8,23370382,23370382,1,1,I.IMNTDK,2.47677145275806e-12,8-22653181,23370382,FALSE,FarmCPU,,,,,,,
561,6,32921880,32921880,1,1,G,2.55493278504262e-12,6-31431721,32921880,FALSE,FarmCPU,,,,,,,
635,7,8342345,8342345,1,1,K,2.57965618385174e-12,7-8054176,8342345,FALSE,FarmCPU,2,Zm00001eb300910;Zm00001eb300920,Zm00001eb300910,"CHIP, ISOFORM B (PTHR10378:SF19)",transcription cofactor(PC00217),negative regulation of transcription by RNA polymerase II(GO:0000122);positive regulation of transcription by RNA polymerase II(GO:0045944),transcription coregulator activity(GO:0003712)
447,5,1616133,1616133,1,1,I,2.66702715882272e-12,5-1576997,1616133,FALSE,BLINK,4,Zm00001eb210930;Zm00001eb210940;Zm00001eb210950;Zm00001eb210960,Zm00001eb210930,LD04387P (PTHR12375:SF30),"",mRNA splice site recognition(GO:0006376),mRNA binding(GO:0003729)
534,5,215495519,215495519,1,1,S.Total,2.72346638997398e-12,5-209718196,215495519,FALSE,FarmCPU,2,Zm00001eb254660;Zm00001eb254650,Zm00001eb254660,GENERAL TRANSCRIPTION FACTOR 3C POLYPEPTIDE 1 (PTHR15180:SF1),general transcription factor(PC00259),transcription initiation at RNA polymerase III promoter(GO:0006384);5S class rRNA transcription by RNA polymerase III(GO:0042791),DNA binding(GO:0003677)
319,3,180514152,180514152,1,1,IMNTDK,2.87222158616366e-12,3-177787133,180514152,FALSE,FarmCPU,,,,,,,
389,4,89875455,89875455,1,1,C.Total,3.03562871953255e-12,4-86571172,89875455,FALSE,FarmCPU,1,Zm00001eb180070,Zm00001eb180070,PROTEIN NRT1_ PTR FAMILY 1.2 (PTHR11654:SF341),transporter(PC00227),transmembrane transport(GO:0055085),transmembrane transporter activity(GO:0022857)
281,3,100182674,100182674,1,1,L,3.09574576092707e-12,3-98874572,100182674,FALSE,FarmCPU,1,Zm00001eb133490,Zm00001eb133490,"","","",""
369,4,45124055,45124055,1,1,N.D,3.21498864166058e-12,4-43342689,45124055,FALSE,FarmCPU,,,,,,,
93,1,240207900,240207900,1,1,N.E,3.24035313698746e-12,1-236812092,240207900,FALSE,FarmCPU,1,Zm00001eb046550,Zm00001eb046550,GTD-BINDING DOMAIN-CONTAINING PROTEIN (PTHR31422:SF3),"","",myosin XI tail binding(GO:0080115)
154,2,53155140,53155140,1,1,K.IMNTDK,3.46319267697959e-12,2-51744034,53155140,FALSE,FarmCPU,3,Zm00001eb082790;Zm00001eb082810;Zm00001eb082800,Zm00001eb082790,"THIOREDOXIN M3, CHLOROPLASTIC (PTHR45663:SF21)",oxidoreductase(PC00176),"","protein-disulfide reductase activity(GO:0015035);catalytic activity, acting on a protein(GO:0140096)"
599,6,124579151,124579151,1,1,S,3.4722175570043e-12,6-120870853,124579151,FALSE,FarmCPU,,,,,,,
925,10,21185926,21185926,1,1,S.Total,3.63722372090242e-12,10-20700941,21185926,FALSE,FarmCPU,,,,,,,
391,4,94052179,94052179,1,1,Q,3.87133705934235e-12,4-90564613,94052179,TRUE,BLINK+FarmCPU,,,,,,,
24,1,81313366,81313366,1,1,W,4.22715030921561e-12,1-79716333,81313366,FALSE,FarmCPU,2,Zm00001eb021380;Zm00001eb021370,Zm00001eb021380,F-BOX PROTEIN PP2-A12 (PTHR31960:SF22),"","",""
618,6,159622418,159622418,1,1,Total,4.25753740439098e-12,6-155675818,159622418,FALSE,FarmCPU,1,Zm00001eb288670,Zm00001eb288670,OS05G0429400 PROTEIN (PTHR45932:SF1),"",cell division(GO:0051301),lipid binding(GO:0008289)
950,10,67656641,67656641,1,1,Y,4.3567949701467e-12,10-68431604,67656641,FALSE,FarmCPU,1,Zm00001eb414040,Zm00001eb414040,26S PROTEASOME NON-ATPASE REGULATORY SUBUNIT 1 HOMOLOG (PTHR10943:SF13),protease(PC00190),regulation of protein catabolic process(GO:0042176);proteasome-mediated ubiquitin-dependent protein catabolic process(GO:0043161),enzyme regulator activity(GO:0030234)
128,2,4821935,4821935,1,1,M,4.42610501332368e-12,2-4853603,4821935,FALSE,FarmCPU,2,Zm00001eb067920;Zm00001eb067910,Zm00001eb067920,VACUOLAR CATION_PROTON EXCHANGER 3 (PTHR31503:SF53),transporter(PC00227),monoatomic ion transport(GO:0006811);monoatomic cation transport(GO:0006812);calcium ion transport(GO:0006816);intracellular calcium ion homeostasis(GO:0006874);transmembrane transport(GO:0055085);calcium ion transmembrane transport(GO:0070588);proton transmembrane transport(GO:1902600),monoatomic cation transmembrane transporter activity(GO:0008324);antiporter activity(GO:0015297);calcium:proton antiporter activity(GO:0015369)
546,5,223684728,223684728,1,1,H,4.67067827624949e-12,5-217750506,223684728,TRUE,BLINK+FarmCPU,5,Zm00001eb258590;Zm00001eb258600;Zm00001eb258610;Zm00001eb258630;Zm00001eb258640,Zm00001eb258590,F-BOX PROTEIN PP2-B12-RELATED (PTHR32278:SF111),"","",""
459,5,10725038,10725038,1,1,H,4.88615188958042e-12,5-10366510,10725038,TRUE,BLINK+FarmCPU,4,Zm00001eb216060;Zm00001eb216080;Zm00001eb216050;Zm00001eb216070,Zm00001eb216060,ZINC-FINGER HOMEODOMAIN PROTEIN 11 (PTHR31948:SF16),"",regulation of DNA-templated transcription(GO:0006355),transcription cis-regulatory region binding(GO:0000976);DNA binding(GO:0003677);DNA-binding transcription factor activity(GO:0003700);zinc ion binding(GO:0008270);metal ion binding(GO:0046872)
647,7,32445149,32445149,1,1,SGC,4.95662214852217e-12,7-31316547,32445149,FALSE,FarmCPU,1,Zm00001eb305320,Zm00001eb305320,OS07G0283050 PROTEIN (PTHR27007:SF29),"",defense response to oomycetes(GO:0002229);cell surface receptor protein serine/threonine kinase signaling pathway(GO:0007178);defense response to bacterium(GO:0042742),nucleotide binding(GO:0000166);protein kinase activity(GO:0004672);protein serine/threonine kinase activity(GO:0004674);transmembrane receptor protein serine/threonine kinase activity(GO:0004675);ATP binding(GO:0005524);kinase activity(GO:0016301);transferase activity(GO:0016740);carbohydrate binding(GO:0030246)
556,6,27137444,27137444,1,1,N.Total,5.06081144723628e-12,6-25743333,27137444,FALSE,FarmCPU,2,Zm00001eb264330;Zm00001eb264340,Zm00001eb264330,"","","",""
238,3,12816556,12816556,1,1,Q,5.10887445565452e-12,3-13529304,12816556,FALSE,FarmCPU,1,Zm00001eb123060,Zm00001eb123060,PROTEIN LATERAL ORGAN BOUNDARIES (PTHR31301:SF91),"",regulation of DNA-templated transcription(GO:0006355);positive regulation of DNA-templated transcription(GO:0045893),DNA-binding transcription activator activity(GO:0001216)
261,3,66152737,66152737,1,1,D.IMNTDK,5.40477166701161e-12,3-65979178,66152737,FALSE,FarmCPU,,,,,,,
129,2,5507483,5507483,1,1,V,5.52002380951003e-12,2-5571225,5507483,FALSE,FarmCPU,3,Zm00001eb068400;Zm00001eb068410;Zm00001eb068420,Zm00001eb068400,CATHEPSIN L-LIKE (PTHR12411:SF586),cysteine protease(PC00081),proteolysis(GO:0006508);proteolysis involved in protein catabolic process(GO:0051603),cysteine-type endopeptidase activity(GO:0004197);peptidase activity(GO:0008233);cysteine-type peptidase activity(GO:0008234);hydrolase activity(GO:0016787)
686,7,127589368,127589368,1,1,W,5.53606495772074e-12,7-123637937,127589368,FALSE,FarmCPU,,,,,,,
271,3,79535983,79535983,1,1,K.IMNTDK,5.92664642046284e-12,3-79284265,79535983,FALSE,BLINK,,,,,,,
431,4,205478884,205478884,1,1,M,5.96003625531473e-12,4-201263332,205478884,FALSE,FarmCPU,,,,,,,
191,2,168394815,168394815,1,1,C.Total,6.07198924103391e-12,2-164326402,168394815,FALSE,FarmCPU,1,Zm00001eb095710,Zm00001eb095710,PROTEIN SREK1IP1 (PTHR31437:SF1),"","",nucleic acid binding(GO:0003676);zinc ion binding(GO:0008270);metal ion binding(GO:0046872)
279,3,98160991,98160991,1,1,H.Total,6.35086337501628e-12,3-112246110,98160991,FALSE,BLINK,,,,,,,
71,1,205995374,205995374,1,1,C,6.52796216746718e-12,1-203213347,205995374,FALSE,FarmCPU,3,Zm00001eb038530;Zm00001eb038540;Zm00001eb038560,Zm00001eb038530,"PROTEIN PROTON GRADIENT REGULATION 5, CHLOROPLASTIC (PTHR35709:SF1)","",response to high light intensity(GO:0009644);photosynthetic electron transport in photosystem I(GO:0009773),electron transfer activity(GO:0009055)
131,2,6435361,6435361,1,1,P,6.83315387861724e-12,2-6461703,6435361,FALSE,FarmCPU,3,Zm00001eb068910;Zm00001eb068930;Zm00001eb068940,Zm00001eb068910,RNA-BINDING (RRM_RBD_RNP MOTIFS) FAMILY PROTEIN (PTHR32343:SF26),RNA splicing factor(PC00148),"",nucleic acid binding(GO:0003676);RNA binding(GO:0003723)
113,1,294881626,294881626,1,1,Total,6.94960516955244e-12,1-289555692,294881626,FALSE,FarmCPU,1,Zm00001eb060800,Zm00001eb060800,GUANYLATE-BINDING PROTEIN_ATLASTIN C-TERMINAL DOMAIN-CONTAINING PROTEIN (PTHR10751:SF125),heterotrimeric G-protein(PC00117),"",nucleotide binding(GO:0000166);GTPase activity(GO:0003924);GTP binding(GO:0005525);hydrolase activity(GO:0016787)
981,10,139190573,139190573,1,1,N.IMNTDK,6.99859751133186e-12,10-137980459,139190573,FALSE,FarmCPU,,,,,,,
435,4,213532243,213532243,1,1,Q,7.04724756334375e-12,4-210279640,213532243,FALSE,BLINK,1,Zm00001eb201180,Zm00001eb201180,"","","",""
364,4,22164575,22164575,1,1,I,7.04992863546214e-12,4-20929320,22164575,FALSE,FarmCPU,1,Zm00001eb169950,Zm00001eb169950,"GLYCOSYL HYDROLASES FAMILY 18 PROTEIN, EXPRESSED (PTHR11177:SF347)",glycosidase(PC00110),carbohydrate metabolic process(GO:0005975);chitin catabolic process(GO:0006032),"chitinase activity(GO:0004568);chitin binding(GO:0008061);hydrolase activity(GO:0016787);hydrolase activity, acting on glycosyl bonds(GO:0016798)"
898,9,150365901,150365901,1,1,M.IMNTDK,7.08677712130821e-12,9-147623925,150365901,FALSE,FarmCPU,1,Zm00001eb399210,Zm00001eb399210,CELL DIVISION CYCLE PROTEIN 16 HOMOLOG (PTHR12558:SF9),ubiquitin-protein ligase(PC00234),protein ubiquitination(GO:0016567);anaphase-promoting complex-dependent catabolic process(GO:0031145);positive regulation of mitotic metaphase/anaphase transition(GO:0045842);cell division(GO:0051301),enzyme-substrate adaptor activity(GO:0140767)
837,9,21818929,21818929,1,1,Q.Total,7.19409220063559e-12,9-22009538,21818929,FALSE,FarmCPU,1,Zm00001eb377170,Zm00001eb377170,"","","",nucleotide binding(GO:0000166);helicase activity(GO:0004386);ATP binding(GO:0005524);hydrolase activity(GO:0016787)
728,8,7165807,7165807,1,1,S,7.2915493173252e-12,8-6849354,7165807,FALSE,FarmCPU,,,,,,,
383,4,73765993,73765993,1,1,A,7.32053750181096e-12,4-71081228,73765993,FALSE,FarmCPU,1,Zm00001eb178250,Zm00001eb178250,GLUCOSE-6-PHOSPHATE 1-EPIMERASE (PTHR11122:SF35),"",carbohydrate metabolic process(GO:0005975),catalytic activity(GO:0003824);isomerase activity(GO:0016853);carbohydrate binding(GO:0030246);glucose-6-phosphate 1-epimerase activity(GO:0047938)
204,2,196582494,196582494,1,1,E.Total,7.60991369241255e-12,2-191504389,196582494,FALSE,FarmCPU,,,,,,,
701,7,158275377,158275377,1,1,H,7.75365908346653e-12,7-152959752,158275377,TRUE,BLINK+FarmCPU,,,,,,,
236,3,9092610,9092610,1,1,R.Total,8.15501546548559e-12,3-9817410,9092610,FALSE,FarmCPU,,,,,,,
607,6,138058146,138058146,1,1,IMNTDK,8.36089176712166e-12,6-134282280,138058146,FALSE,BLINK,1,Zm00001eb282780,Zm00001eb282780,U1 SMALL NUCLEAR RIBONUCLEOPROTEIN A (PTHR10501:SF13),RNA splicing factor(PC00148),"mRNA splicing, via spliceosome(GO:0000398);mRNA processing(GO:0006397);RNA splicing(GO:0008380)",nucleic acid binding(GO:0003676);RNA binding(GO:0003723);U1 snRNA binding(GO:0030619)
678,7,108778422,108778422,1,1,M,8.36590710224307e-12,7-105540366,108778422,FALSE,FarmCPU,,,,,,,
37,1,109842903,109842903,1,1,Total,8.51131437914834e-12,1-107292683,109842903,FALSE,FarmCPU,1,Zm00001eb025590,Zm00001eb025590,"","","",""
110,1,291561958,291561958,1,1,I.IMNTDK,8.7089591416177e-12,1-286476820,291561958,FALSE,FarmCPU,,,,,,,
511,5,173186899,173186899,1,1,D,9.14693278298928e-12,5-169267439,173186899,FALSE,FarmCPU,7,Zm00001eb242990;Zm00001eb243000;Zm00001eb243010;Zm00001eb243020;Zm00001eb242960;Zm00001eb242970;Zm00001eb242980,Zm00001eb242990,PECTINESTERASE INHIBITOR DOMAIN-CONTAINING PROTEIN (PTHR35357:SF9),"","",enzyme inhibitor activity(GO:0004857)
716,7,174560171,174560171,1,1,C.Total,9.3804768968473e-12,7-169034756,174560171,FALSE,FarmCPU,2,Zm00001eb327450;Zm00001eb327440,Zm00001eb327450,PROTEIN TIFY 10B (PTHR33077:SF140),"",response to wounding(GO:0009611);regulation of defense response(GO:0031347);regulation of jasmonic acid mediated signaling pathway(GO:2000022),""
658,7,58195647,58195647,1,1,LAV,1.00516642389542e-11,7-60884973,58195647,FALSE,FarmCPU,,,,,,,
460,5,12245222,12245222,1,1,I.IMNTDK,1.00737145603789e-11,5-11810733,12245222,FALSE,FarmCPU,4,Zm00001eb216540;Zm00001eb216550;Zm00001eb216560;Zm00001eb216570,Zm00001eb216540,"PEPTIDYL-PROLYL CIS-TRANS ISOMERASE FKBP17-2, CHLOROPLASTIC (PTHR47598:SF1)",chaperone(PC00072),"",peptidyl-prolyl cis-trans isomerase activity(GO:0003755);isomerase activity(GO:0016853)
142,2,17339339,17339339,1,1,IMNTDK,1.01688864012953e-11,2-16861150,17339339,FALSE,BLINK,1,Zm00001eb073630,Zm00001eb073630,METHYLTRANSFERASE (PTHR10108:SF1049),methyltransferase(PC00155),methylation(GO:0032259),methyltransferase activity(GO:0008168);transferase activity(GO:0016740)
121,1,303010540,303010540,1,1,Q.Total,1.05207882690219e-11,1-297597042,303010540,FALSE,BLINK,,,,,,,
94,1,241180154,241180154,1,1,A.LAV,1.0705902348005e-11,1-237849440,241180154,FALSE,BLINK,1,Zm00001eb046790,Zm00001eb046790,TYPE-1 GLUTAMINE SYNTHETASE 1 (PTHR43785:SF2),ligase(PC00142),"",""
918,10,5600490,5600490,1,1,R.Total,1.07784955266082e-11,10-5874874,5600490,FALSE,BLINK,2,Zm00001eb406930;Zm00001eb406940,Zm00001eb406930,"DECAPPING PROTEIN 1, ISOFORM A (PTHR16290:SF0)",mRNA capping factor(PC00145),deadenylation-dependent decapping of nuclear-transcribed mRNA(GO:0000290);mRNA processing(GO:0006397);deadenylation-independent decapping of nuclear-transcribed mRNA(GO:0031087),mRNA binding(GO:0003729);enzyme activator activity(GO:0008047)
512,5,178097098,178097098,1,1,N.Total,1.18403554256255e-11,5-174063243,178097098,FALSE,FarmCPU,,,,,,,
839,9,27019990,27019990,1,1,Q,1.21805324386291e-11,9-26960210,27019990,FALSE,FarmCPU,3,Zm00001eb378600;Zm00001eb378610;Zm00001eb378620,Zm00001eb378600,"","","",RNA binding(GO:0003723)
212,2,218470553,218470553,1,1,R.EHPRQ,1.23458900528298e-11,2-212322724,218470553,TRUE,BLINK+FarmCPU,4,Zm00001eb109440;Zm00001eb109460;Zm00001eb109430;Zm00001eb109450,Zm00001eb109440,OS07G0618700 PROTEIN (PTHR33676:SF11),"",response to cold(GO:0009409);regulation of circadian rhythm(GO:0042752),""
207,2,201505766,201505766,1,1,K.IMNTDK,1.28058501603988e-11,2-195935106,201505766,TRUE,BLINK+FarmCPU,2,Zm00001eb103350;Zm00001eb103360,Zm00001eb103350,KINESIN-LIKE PROTEIN KIN-7J (PTHR47968:SF32),"",microtubule-based movement(GO:0007018),nucleotide binding(GO:0000166);cytoskeletal motor activity(GO:0003774);microtubule motor activity(GO:0003777);ATP binding(GO:0005524);microtubule binding(GO:0008017)
602,6,126460578,126460578,1,1,F.WFY,1.28611201968428e-11,6-122736836,126460578,FALSE,BLINK,,,,,,,
358,4,10880102,10880102,1,1,L,1.31204903993182e-11,4-10023571,10880102,FALSE,FarmCPU,2,Zm00001eb167780;Zm00001eb167770,Zm00001eb167780,LEUCINE-RICH REPEAT PROTEIN KINASE FAMILY PROTEIN (PTHR27000:SF750),transmembrane signal receptor(PC00197),"",protein kinase activity(GO:0004672);ATP binding(GO:0005524);kinase activity(GO:0016301)
472,5,32579981,32579981,1,1,I,1.35116330726889e-11,5-31563733,32579981,FALSE,BLINK,1,Zm00001eb222330,Zm00001eb222330,SPLICING FACTOR 3B SUBUNIT 4 (PTHR48030:SF3),RNA splicing factor(PC00148),"mRNA splicing, via spliceosome(GO:0000398);mRNA processing(GO:0006397);RNA splicing(GO:0008380)",nucleic acid binding(GO:0003676);RNA binding(GO:0003723)
800,8,165321156,165321156,1,1,Total,1.39080862837817e-11,8-159968812,165321156,FALSE,FarmCPU,3,Zm00001eb363180;Zm00001eb363190;Zm00001eb363170,Zm00001eb363180,"GLUCAN ENDO-1,3-BETA-GLUCOSIDASE GII (PTHR32227:SF263)",glucosidase(PC00108),carbohydrate metabolic process(GO:0005975),"hydrolase activity, hydrolyzing O-glycosyl compounds(GO:0004553);hydrolase activity(GO:0016787);hydrolase activity, acting on glycosyl bonds(GO:0016798);glucan endo-1,3-beta-D-glucosidase activity(GO:0042973)"
396,4,123194794,123194794,1,1,A,1.39264655752691e-11,4-119499092,123194794,FALSE,FarmCPU,2,Zm00001eb182200;Zm00001eb182210,Zm00001eb182200,"","","",""
674,7,101956755,101956755,1,1,W.WFY,1.40168805408707e-11,7-98861827,101956755,FALSE,BLINK,,,,,,,
59,1,168416692,168416692,1,1,F,1.42931214298304e-11,1-166748478,168416692,FALSE,FarmCPU,2,Zm00001eb030420;Zm00001eb030430,Zm00001eb030420,"CALCIUM-TRANSPORTING ATPASE 10, PLASMA MEMBRANE-TYPE (PTHR24093:SF531)",primary active transporter(PC00068),monoatomic ion transport(GO:0006811);calcium ion transport(GO:0006816);calcium ion transmembrane transport(GO:0070588),nucleotide binding(GO:0000166);P-type calcium transporter activity(GO:0005388);calmodulin binding(GO:0005516);ATP binding(GO:0005524);ATP hydrolysis activity(GO:0016887);metal ion binding(GO:0046872)
283,3,110098762,110098762,1,1,S.Total,1.49060571124998e-11,3-89167986,110098762,FALSE,FarmCPU,,,,,,,
229,3,3278841,3278841,1,1,P,1.52575011089522e-11,3-3998584,3278841,FALSE,FarmCPU,4,Zm00001eb119830;Zm00001eb119840;Zm00001eb119850;Zm00001eb119860,Zm00001eb119830,HISTONE-LYSINE N-METHYLTRANSFERASE ATX5 (PTHR13793:SF132),zinc finger transcription factor(PC00244),chromatin organization(GO:0006325);chromatin remodeling(GO:0006338);regulation of transcription by RNA polymerase II(GO:0006357);methylation(GO:0032259),methyltransferase activity(GO:0008168);zinc ion binding(GO:0008270);transferase activity(GO:0016740);metal ion binding(GO:0046872);histone reader activity(GO:0140566)
926,10,22870411,22870411,1,1,Q,1.56619397271975e-11,10-22328904,22870411,FALSE,FarmCPU,,,,,,,
176,2,128502311,128502311,1,1,M.IMNTDK,1.60181428433667e-11,2-125033874,128502311,FALSE,BLINK,,,,,,,
689,7,130718475,130718475,1,1,Q.EHPRQ,1.65508147916091e-11,7-126812689,130718475,FALSE,BLINK,1,Zm00001eb314790,Zm00001eb314790,HEAT STRESS TRANSCRIPTION FACTOR B-4A-RELATED (PTHR10015:SF411),winged helix/forkhead transcription factor(PC00246),regulation of DNA-templated transcription(GO:0006355),RNA polymerase II cis-regulatory region sequence-specific DNA binding(GO:0000978);DNA binding(GO:0003677);DNA-binding transcription factor activity(GO:0003700);sequence-specific DNA binding(GO:0043565)
115,1,296172553,296172553,1,1,K.IMNTDK,1.67744802509582e-11,1-290750505,296172553,FALSE,FarmCPU,1,Zm00001eb061190,Zm00001eb061190,VACUOLAR PROTEIN SORTING-ASSOCIATED PROTEIN 35 (PTHR11099:SF0),membrane traffic protein(PC00150),"intracellular protein transport(GO:0006886);protein transport(GO:0015031);retrograde transport, endosome to Golgi(GO:0042147)",""
182,2,146732348,146732348,1,1,F,1.73342120948519e-11,2-142899081,146732348,FALSE,FarmCPU,,,,,,,
990,10,148264642,148264642,1,1,Q,1.8497318779505e-11,10-146898518,148264642,FALSE,BLINK,1,Zm00001eb432420,Zm00001eb432420,NADPH--CYTOCHROME P450 REDUCTASE 1 (PTHR19384:SF107),oxidoreductase(PC00176),"",NADPH-hemoprotein reductase activity(GO:0003958);FMN binding(GO:0010181);oxidoreductase activity(GO:0016491);flavin adenine dinucleotide binding(GO:0050660);NADP binding(GO:0050661)
351,4,1714533,1714533,1,1,N.E,1.85459823548943e-11,4-1464193,1714533,FALSE,BLINK,3,Zm00001eb164660;Zm00001eb164680;Zm00001eb164670,Zm00001eb164660,CHARGED MULTIVESICULAR BODY PROTEIN 2A (PTHR10476:SF4),membrane traffic protein(PC00150),vacuolar transport(GO:0007034);protein transport(GO:0015031);endosome transport via multivesicular body sorting pathway(GO:0032509);late endosome to vacuole transport(GO:0045324),""
464,5,14092394,14092394,1,1,Q.EHPRQ,1.8584937218663e-11,5-13740270,14092394,FALSE,BLINK,5,Zm00001eb217250;Zm00001eb217260;Zm00001eb217270;Zm00001eb217280;Zm00001eb217290,Zm00001eb217250,ATP-DEPENDENT DNA HELICASE (PTHR48299:SF2),"","",""
479,5,78059585,78059585,1,1,EHPRQ,1.86637011773314e-11,5-75832823,78059585,FALSE,FarmCPU,1,Zm00001eb231440,Zm00001eb231440,OS09G0292400 PROTEIN (PTHR34395:SF15),"","",""
197,2,189704338,189704338,1,1,N.Total,1.89798694268239e-11,2-184827435,189704338,FALSE,FarmCPU,,,,,,,
935,10,44150839,44150839,1,1,G,1.97500147034374e-11,10-42927130,44150839,FALSE,BLINK,,,,,,,
683,7,114905450,114905450,1,1,H,1.99748372343377e-11,7-111685946,114905450,FALSE,FarmCPU,1,Zm00001eb312330,Zm00001eb312330,OS09G0408900 PROTEIN (PTHR47973:SF39),transmembrane signal receptor(PC00197),"",nucleotide binding(GO:0000166);protein kinase activity(GO:0004672);protein serine/threonine kinase activity(GO:0004674);ATP binding(GO:0005524);kinase activity(GO:0016301);transferase activity(GO:0016740)
672,7,94428592,94428592,1,1,N.D,2.01003269123324e-11,7-91524371,94428592,FALSE,FarmCPU,,,,,,,
723,7,180077374,180077374,1,1,M,2.07182193766545e-11,7-174561488,180077374,FALSE,FarmCPU,4,Zm00001eb329690;Zm00001eb329710;Zm00001eb329700;Zm00001eb329720,Zm00001eb329690,OS07G0658300 PROTEIN (PTHR46265:SF6),GTPase-activating protein(PC00257),signal transduction(GO:0007165),GTPase activator activity(GO:0005096)
629,7,2056694,2056694,1,1,K,2.09039815290355e-11,7-1929871,2056694,FALSE,BLINK,7,Zm00001eb298600;Zm00001eb298610;Zm00001eb298620;Zm00001eb298650;Zm00001eb298660;Zm00001eb298670;Zm00001eb298640,Zm00001eb298600,NIPPED-B-LIKE PROTEIN (PTHR21704:SF18),"chromatin/chromatin-binding, or -regulatory protein(PC00077)",regulation of gene expression(GO:0010468);establishment of mitotic sister chromatid cohesion(GO:0034087);establishment of protein localization to chromatin(GO:0071169);chromatin looping(GO:0140588);replication-born double-strand break repair via sister chromatid exchange(GO:1990414),chromatin binding(GO:0003682);zinc ion binding(GO:0008270);metal ion binding(GO:0046872);cohesin loader activity(GO:0061775)
247,3,38961265,38961265,1,1,R.EHPRQ,2.1033966195416e-11,3-39388928,38961265,FALSE,FarmCPU,1,Zm00001eb128130,Zm00001eb128130,26S PROTEASOME REGULATORY PARTICLE NON-ATPASE SUBUNIT11 (PTHR10410:SF47),translation initiation factor(PC00224),proteolysis(GO:0006508);proteasome-mediated ubiquitin-dependent protein catabolic process(GO:0043161),peptidase activity(GO:0008233);metallopeptidase activity(GO:0008237);hydrolase activity(GO:0016787);metal ion binding(GO:0046872);proteasome binding(GO:0070628);metal-dependent deubiquitinase activity(GO:0140492)
654,7,52262536,52262536,1,1,P,2.1693638790231e-11,7-50622092,52262536,FALSE,FarmCPU,,,,,,,
316,3,178459493,178459493,1,1,N,2.21361354057639e-11,3-175947181,178459493,FALSE,BLINK,1,Zm00001eb146280,Zm00001eb146280,ERYTHROID DIFFERENTIATION-RELATED FACTOR 1 (PTHR15000:SF1),"",positive regulation of DNA-templated transcription(GO:0045893),""
200,2,193728780,193728780,1,1,G.Total,2.21602431282389e-11,2-188713190,193728780,FALSE,BLINK,,,,,,,
311,3,163357921,163357921,1,1,LAV,2.23061121246541e-11,3-161746645,163357921,FALSE,FarmCPU,,,,,,,
551,6,17505371,17505371,1,1,F,2.26215766381823e-11,6-17357809,17505371,FALSE,FarmCPU,2,Zm00001eb262400;Zm00001eb262410,Zm00001eb262400,"","","",""
668,7,86832264,86832264,1,1,R.EHPRQ,2.27318298732934e-11,7-83936929,86832264,FALSE,BLINK,,,,,,,
139,2,14927661,14927661,1,1,N.D,2.27885285102442e-11,2-14481714,14927661,FALSE,FarmCPU,4,Zm00001eb072640;Zm00001eb072650;Zm00001eb072670;Zm00001eb072660,Zm00001eb072640,OS04G0586700 PROTEIN (PTHR45768:SF79),ubiquitin-protein ligase(PC00234),protein ubiquitination(GO:0016567),zinc ion binding(GO:0008270);transferase activity(GO:0016740);metal ion binding(GO:0046872)
179,2,137299817,137299817,1,1,H.Total,2.29230406541745e-11,2-133754362,137299817,FALSE,FarmCPU,,,,,,,
813,8,177768867,177768867,1,1,M,2.36051013524767e-11,8-172011646,177768867,FALSE,FarmCPU,2,Zm00001eb369270;Zm00001eb369280,Zm00001eb369270,CALCIUM-DEPENDENT PROTEIN KINASE 2 (PTHR24349:SF353),non-receptor serine/threonine protein kinase(PC00167),intracellular signal transduction(GO:0035556),nucleotide binding(GO:0000166);protein kinase activity(GO:0004672);protein serine/threonine kinase activity(GO:0004674);calcium/calmodulin-dependent protein kinase activity(GO:0004683);calcium ion binding(GO:0005509);calmodulin binding(GO:0005516);ATP binding(GO:0005524);calcium-dependent protein serine/threonine kinase activity(GO:0009931);kinase activity(GO:0016301);transferase activity(GO:0016740);metal ion binding(GO:0046872)
478,5,71245404,71245404,1,1,M.IMNTDK,2.37405122069156e-11,5-69309623,71245404,FALSE,FarmCPU,1,Zm00001eb229840,Zm00001eb229840,"","",cellulose biosynthetic process(GO:0030244);cell wall organization(GO:0071555),transferase activity(GO:0016740);glycosyltransferase activity(GO:0016757);cellulose synthase (UDP-forming) activity(GO:0016760)
127,2,3204406,3204406,1,1,Y.WFY,2.41619349975753e-11,2-3193466,3204406,FALSE,BLINK,1,Zm00001eb066990,Zm00001eb066990,,,,
217,2,224328747,224328747,1,1,E.Total,2.41775190113135e-11,2-218205384,224328747,TRUE,BLINK+FarmCPU,,,,,,,
278,3,94236118,94236118,1,1,N.D,2.45287529622928e-11,3-108349093,94236118,FALSE,FarmCPU,1,Zm00001eb132940,Zm00001eb132940,RING-TYPE E3 UBIQUITIN TRANSFERASE (PTHR10315:SF131),ubiquitin-protein ligase(PC00234),protein ubiquitination(GO:0016567),zinc ion binding(GO:0008270);transferase activity(GO:0016740);ligase activity(GO:0016874);metal ion binding(GO:0046872);ubiquitin protein ligase activity(GO:0061630)
811,8,175373173,175373173,1,1,IMNTDK,2.51372518708137e-11,8-169690875,175373173,TRUE,BLINK+FarmCPU,,,,,,,
592,6,106876705,106876705,1,1,K.Total,2.52086746176015e-11,6-103751782,106876705,TRUE,BLINK+FarmCPU,,,,,,,
244,3,22165178,22165178,1,1,SGC,2.62865074797694e-11,3-22735502,22165178,FALSE,FarmCPU,,,,,,,
792,8,155835158,155835158,1,1,K.IMNTDK,2.8232054524302e-11,8-150767501,155835158,FALSE,FarmCPU,2,Zm00001eb360610;Zm00001eb360620,Zm00001eb360610,ALPHA_BETA-HYDROLASES SUPERFAMILY PROTEIN (PTHR12277:SF130),serine protease(PC00203),macromolecule depalmitoylation(GO:0098734),palmitoyl-(protein) hydrolase activity(GO:0008474);hydrolase activity(GO:0016787)
532,5,213279913,213279913,1,1,M,2.87865772115284e-11,5-207555327,213279913,FALSE,FarmCPU,3,Zm00001eb253710;Zm00001eb253720;Zm00001eb253730,Zm00001eb253710,DYNEIN LIGHT CHAIN (PTHR11886:SF39),microtubule or microtubule-binding cytoskeletal protein(PC00157),microtubule-based process(GO:0007017),dynein intermediate chain binding(GO:0045505)
664,7,78545787,78545787,1,1,SGC,3.07460086580062e-11,7-76017360,78545787,FALSE,FarmCPU,,,,,,,
452,5,3776250,3776250,1,1,G,3.15263878214193e-11,5-3683163,3776250,FALSE,BLINK,3,Zm00001eb212500;Zm00001eb212510;Zm00001eb212520,Zm00001eb212500,METHYLTRANSFERASE (PTHR44068:SF2),"",steroid biosynthetic process(GO:0006694);steroid metabolic process(GO:0008202);sterol biosynthetic process(GO:0016126);methylation(GO:0032259),sterol 24-C-methyltransferase activity(GO:0003838);methyltransferase activity(GO:0008168);S-adenosylmethionine-dependent methyltransferase activity(GO:0008757);transferase activity(GO:0016740)
290,3,130626558,130626558,1,1,I.LAV,3.21067609209227e-11,3-130122495,130626558,FALSE,BLINK,,,,,,,
277,3,94014992,94014992,1,1,W,3.29171441048714e-11,3-108125578,94014992,FALSE,FarmCPU,,,,,,,
624,6,167939054,167939054,1,1,S.SGC,3.3826765020384e-11,6-163968364,167939054,FALSE,BLINK,3,Zm00001eb291780;Zm00001eb291790;Zm00001eb291800,Zm00001eb291780,"","","",RNA binding(GO:0003723)
782,8,146094191,146094191,1,1,D.IMNTDK,3.47200715092597e-11,8-141446623,146094191,FALSE,FarmCPU,1,Zm00001eb357960,Zm00001eb357960,ABC TRANSPORTER G FAMILY MEMBER 37 (PTHR19241:SF619),ATP-binding cassette (ABC) transporter(PC00003),transmembrane transport(GO:0055085),nucleotide binding(GO:0000166);ATP binding(GO:0005524);ATP hydrolysis activity(GO:0016887);ABC-type transporter activity(GO:0140359)
168,2,106773715,106773715,1,1,R.EHPRQ,3.47478235481692e-11,2-104454539,106773715,FALSE,FarmCPU,1,Zm00001eb088140,Zm00001eb088140,SENESCENCE-SPECIFIC CYSTEINE PROTEASE SAG12 (PTHR12411:SF647),cysteine protease(PC00081),proteolysis(GO:0006508);proteolysis involved in protein catabolic process(GO:0051603),cysteine-type endopeptidase activity(GO:0004197);peptidase activity(GO:0008233);cysteine-type peptidase activity(GO:0008234);hydrolase activity(GO:0016787)
982,10,139772540,139772540,1,1,M,3.48259335197485e-11,10-138481441,139772540,FALSE,BLINK,1,Zm00001eb428830,Zm00001eb428830,DOF ZINC FINGER PROTEIN DOF4.6 (PTHR31992:SF285),"",regulation of DNA-templated transcription(GO:0006355),DNA binding(GO:0003677);DNA-binding transcription factor activity(GO:0003700);zinc ion binding(GO:0008270);metal ion binding(GO:0046872)
605,6,135623793,135623793,1,1,I.Total,3.52769157516613e-11,6-131728842,135623793,FALSE,BLINK,4,Zm00001eb282340;Zm00001eb282350;Zm00001eb282360;Zm00001eb282330,Zm00001eb282340,NAD(P)H DEHYDROGENASE (QUINONE) (PTHR30546:SF60),oxidoreductase(PC00176),"",NAD(P)H dehydrogenase (quinone) activity(GO:0003955);FMN binding(GO:0010181);oxidoreductase activity(GO:0016491)
928,10,24634513,24634513,1,1,D.IMNTDK,3.53746321996414e-11,10-24054871,24634513,FALSE,BLINK,,,,,,,
340,3,217749184,217749184,1,1,F,3.57678100575735e-11,3-214154306,217749184,FALSE,FarmCPU,,,,,,,
49,1,151041204,151041204,1,1,Total_PBAA,3.60059182361226e-11,1-149139984,151041204,FALSE,FarmCPU,,,,,,,
840,9,28869985,28869985,1,1,N.Total,3.6285110540128e-11,9-28817324,28869985,FALSE,FarmCPU,5,Zm00001eb379130;Zm00001eb379140;Zm00001eb379150;Zm00001eb379160;Zm00001eb379170,Zm00001eb379130,HALOACID DEHALOGENASE-LIKE HYDROLASE DOMAIN-CONTAINING PROTEIN SGPP (PTHR46193:SF9),phosphatase(PC00181),"",""
96,1,244295652,244295652,1,1,D.Total,3.64920550548044e-11,1-240698388,244295652,FALSE,BLINK,,,,,,,
794,8,157637478,157637478,1,1,M,3.6544129833406e-11,8-152498140,157637478,FALSE,FarmCPU,1,Zm00001eb361090,Zm00001eb361090,OS05G0543000 PROTEIN (PTHR31080:SF250),"",plant-type cell wall modification(GO:0009827),enzyme inhibitor activity(GO:0004857)
819,9,2772582,2772582,1,1,G,3.76838912603597e-11,9-3063555,2772582,FALSE,FarmCPU,2,Zm00001eb371640;Zm00001eb371650,Zm00001eb371640,"ALANINE--TRNA LIGASE, CYTOPLASMIC (PTHR11777:SF9)",aminoacyl-tRNA synthetase(PC00047),translation(GO:0006412);alanyl-tRNA aminoacylation(GO:0006419);tRNA aminoacylation(GO:0043039);aminoacyl-tRNA metabolism involved in translational fidelity(GO:0106074),tRNA binding(GO:0000049);nucleotide binding(GO:0000166);aminoacyl-tRNA deacylase activity(GO:0002161);nucleic acid binding(GO:0003676);RNA binding(GO:0003723);aminoacyl-tRNA ligase activity(GO:0004812);alanine-tRNA ligase activity(GO:0004813);ATP binding(GO:0005524);zinc ion binding(GO:0008270);ligase activity(GO:0016874);metal ion binding(GO:0046872)
700,7,153195080,153195080,1,1,H.Total,3.77362382655918e-11,7-147980596,153195080,FALSE,BLINK,1,Zm00001eb320860,Zm00001eb320860,FANCONI ANEMIA GROUP J PROTEIN (PTHR11472:SF47),DNA helicase(PC00011),nucleobase-containing compound metabolic process(GO:0006139);DNA metabolic process(GO:0006259);DNA repair(GO:0006281);nucleotide-excision repair(GO:0006289);DNA damage response(GO:0006974);cellular response to stress(GO:0033554);double-strand break repair involved in meiotic recombination(GO:1990918),"nucleotide binding(GO:0000166);nucleic acid binding(GO:0003676);DNA binding(GO:0003677);DNA helicase activity(GO:0003678);helicase activity(GO:0004386);ATP binding(GO:0005524);hydrolase activity(GO:0016787);hydrolase activity, acting on acid anhydrides, in phosphorus-containing anhydrides(GO:0016818);isomerase activity(GO:0016853);metal ion binding(GO:0046872);iron-sulfur cluster binding(GO:0051536);4 iron, 4 sulfur cluster binding(GO:0051539)"
442,4,239120754,239120754,1,1,LAV,4.05546123217096e-11,4-234475406,239120754,FALSE,FarmCPU,,,,,,,
965,10,108763020,108763020,1,1,Y,4.16737184467645e-11,10-108062717,108763020,FALSE,FarmCPU,1,Zm00001eb420620,Zm00001eb420620,OS07G0147800 PROTEIN (PTHR33883:SF4),"","",""
783,8,147534708,147534708,1,1,L,4.1888038498413e-11,8-142813045,147534708,TRUE,BLINK+FarmCPU,,,,,,,
615,6,154856985,154856985,1,1,I.Total,4.31591524255644e-11,6-150930557,154856985,FALSE,BLINK,1,Zm00001eb287190,Zm00001eb287190,SARCALUMENIN (PTHR43681:SF1),G-protein(PC00020),thylakoid membrane organization(GO:0010027);vegetative to reproductive phase transition of meristem(GO:0010228);negative regulation of plant-type hypersensitive response(GO:0034051);negative regulation of defense response to bacterium(GO:1900425),GTP binding(GO:0005525)
857,9,88630173,88630173,1,1,I.IMNTDK,4.37137480926224e-11,9-86319311,88630173,FALSE,FarmCPU,1,Zm00001eb385490,Zm00001eb385490,HISTONE DEACETYLASE 19 (PTHR10625:SF44),"",chromatin organization(GO:0006325);epigenetic regulation of gene expression(GO:0040029),"histone deacetylase activity(GO:0004407);hydrolase activity(GO:0016787);metal ion binding(GO:0046872);histone deacetylase activity, hydrolytic mechanism(GO:0141221)"
860,9,90796394,90796394,1,1,G,4.4837054730306e-11,9-88441398,90796394,FALSE,FarmCPU,,,,,,,
766,8,112412901,112412901,1,1,I.Total,4.62151753372745e-11,8-109253461,112412901,TRUE,BLINK+FarmCPU,1,Zm00001eb350170,Zm00001eb350170,"","","",""
188,2,163018934,163018934,1,1,H.Total,4.7107382578701e-11,2-159021684,163018934,TRUE,BLINK+FarmCPU,1,Zm00001eb095060,Zm00001eb095060,OS07G0230600 PROTEIN (PTHR33257:SF21),"","",""
970,10,129237310,129237310,1,1,N,4.72632993034206e-11,10-128126259_2,129237310,FALSE,FarmCPU,,,,,,,
583,6,90399548,90399548,1,1,L,4.75258604213532e-11,6-87767884,90399548,FALSE,FarmCPU,,,,,,,
521,5,203665573,203665573,1,1,M,5.20391236092819e-11,5-198415210,203665573,FALSE,FarmCPU,1,Zm00001eb250550,Zm00001eb250550,"","","",""
328,3,188691947,188691947,1,1,Q.EHPRQ,5.34478425256348e-11,3-185817092,188691947,FALSE,BLINK,5,Zm00001eb149150;Zm00001eb149160;Zm00001eb149170;Zm00001eb149180;Zm00001eb149190,Zm00001eb149150,NAD-DEPENDENT EPIMERASE_DEHYDRATASE DOMAIN-CONTAINING PROTEIN (PTHR10366:SF771),dehydratase(PC00091),"","oxidoreductase activity(GO:0016491);oxidoreductase activity, acting on the CH-OH group of donors, NAD or NADP as acceptor(GO:0016616)"
425,4,184645758,184645758,1,1,Q.EHPRQ,5.39844424830534e-11,4-181737099,184645758,FALSE,FarmCPU,1,Zm00001eb193860,Zm00001eb193860,OS02G0759400 PROTEIN (PTHR14155:SF568),ubiquitin-protein ligase(PC00234),"",zinc ion binding(GO:0008270);transferase activity(GO:0016740);metal ion binding(GO:0046872);ubiquitin protein ligase activity(GO:0061630)
944,10,62836342,62836342,1,1,T,5.4180829586326e-11,10-63571632,62836342,FALSE,FarmCPU,1,Zm00001eb413570,Zm00001eb413570,"ACYL-[ACYL-CARRIER-PROTEIN] DESATURASE 7, CHLOROPLASTIC (PTHR31155:SF40)","",lipid metabolic process(GO:0006629);fatty acid metabolic process(GO:0006631);fatty acid biosynthetic process(GO:0006633),oxidoreductase activity(GO:0016491);stearoyl-[ACP] desaturase activity(GO:0045300);metal ion binding(GO:0046872)
983,10,140336470,140336470,1,1,E,5.59639940505089e-11,10-139109246,140336470,FALSE,FarmCPU,2,Zm00001eb429090;Zm00001eb429100,Zm00001eb429090,BHLH DOMAIN-CONTAINING PROTEIN (PTHR16223:SF139),basic helix-loop-helix transcription factor(PC00055),regulation of DNA-templated transcription(GO:0006355);regulation of transcription by RNA polymerase II(GO:0006357),"RNA polymerase II cis-regulatory region sequence-specific DNA binding(GO:0000978);DNA-binding transcription factor activity, RNA polymerase II-specific(GO:0000981);DNA-binding transcription factor activity(GO:0003700);protein dimerization activity(GO:0046983)"
856,9,87202211,87202211,1,1,P,5.76883427067992e-11,9-84875818,87202211,FALSE,FarmCPU,2,Zm00001eb385320;Zm00001eb385330,Zm00001eb385320,"","",nucleotide transport(GO:0006862);transmembrane transport(GO:0055085),""
161,2,89163249,89163249,1,1,Total,5.79642152396903e-11,2-87408081,89163249,FALSE,FarmCPU,,,,,,,
262,3,68787556,68787556,1,1,N.Q,5.9392462969481e-11,3-68538379,68787556,FALSE,FarmCPU,,,,,,,
184,2,148614928,148614928,1,1,L,6.13802444124404e-11,2-144801896,148614928,FALSE,FarmCPU,,,,,,,
681,7,114377669,114377669,1,1,M.IMNTDK,6.18344631701222e-11,7-111160187,114377669,FALSE,FarmCPU,,,,,,,
415,4,171062967,171062967,1,1,C.Total,6.44774169195906e-11,4-168122099,171062967,FALSE,FarmCPU,4,Zm00001eb189920;Zm00001eb189940;Zm00001eb189950;Zm00001eb189960,Zm00001eb189920,MITOCHONDRIAL ALDEHYDE DEHYDROGENASE ALDH2A (PTHR11699:SF276),dehydrogenase(PC00092),"",""
392,4,99787401,99787401,1,1,IMNTDK,6.55005666242558e-11,4-102231896,99787401,FALSE,FarmCPU,1,Zm00001eb180820,Zm00001eb180820,"","","",""
297,3,138989228,138989228,1,1,D.IMNTDK,6.66199987630526e-11,3-138302706,138989228,FALSE,FarmCPU,1,Zm00001eb138410,Zm00001eb138410,COATOMER SUBUNIT DELTA (PTHR10121:SF0),vesicle coat protein(PC00235),"endoplasmic reticulum to Golgi vesicle-mediated transport(GO:0006888);retrograde vesicle-mediated transport, Golgi to endoplasmic reticulum(GO:0006890);protein transport(GO:0015031);vesicle-mediated transport(GO:0016192);Golgi localization(GO:0051645)",""
844,9,39875411,39875411,1,1,N.Total,6.73135404723524e-11,9-39306084,39875411,TRUE,BLINK+FarmCPU,,,,,,,
455,5,6642904,6642904,1,1,M,6.78160516627452e-11,5-6378153,6642904,FALSE,FarmCPU,,,,,,,
429,4,199709769,199709769,1,1,Total_N,6.99105965603539e-11,4-195599097,199709769,FALSE,BLINK,3,Zm00001eb198260;Zm00001eb198280;Zm00001eb198270,Zm00001eb198260,OS09G0511500 PROTEIN (PTHR46798:SF19),"","",ubiquitin-protein transferase activity(GO:0004842);zinc ion binding(GO:0008270)
979,10,136484197,136484197,1,1,SGC,7.32028446254106e-11,10-135654381,136484197,FALSE,FarmCPU,1,Zm00001eb427750,Zm00001eb427750,EUKARYOTIC TRANSLATION INITIATION FACTOR 4G (PTHR23253:SF35),translation initiation factor(PC00224),translation(GO:0006412);translational initiation(GO:0006413);regulation of translation(GO:0006417),RNA binding(GO:0003723);mRNA binding(GO:0003729);translation initiation factor activity(GO:0003743)
693,7,134262943,134262943,1,1,T,7.73948527941036e-11,7-130281317,134262943,FALSE,FarmCPU,,,,,,,
46,1,131248734,131248734,1,1,I.IMNTDK,7.74015738994751e-11,1-128974936,131248734,FALSE,FarmCPU,,,,,,,
408,4,154242660,154242660,1,1,K.IMNTDK,7.74594783065812e-11,4-150791610,154242660,FALSE,BLINK,,,,,,,
76,1,211559105,211559105,1,1,N.IMNTDK,8.10202023199592e-11,1-208635624,211559105,FALSE,FarmCPU,2,Zm00001eb040070;Zm00001eb040080,Zm00001eb040070,MYB TRANSCRIPTION FACTOR 42 (PTHR47999:SF124),homeodomain transcription factor(PC00119),regulation of DNA-templated transcription(GO:0006355);regulation of lignin biosynthetic process(GO:1901141),transcription cis-regulatory region binding(GO:0000976);DNA binding(GO:0003677);DNA-binding transcription factor activity(GO:0003700)
938,10,53710779,53710779,1,1,I.Total,8.11463458225693e-11,10-52953709,53710779,FALSE,BLINK,2,Zm00001eb412730;Zm00001eb412740,Zm00001eb412730,"","","",""
745,8,41049382,41049382,1,1,Q,8.60488123452677e-11,8-39890695,41049382,FALSE,FarmCPU,,,,,,,
321,3,181002483,181002483,1,1,C.Total,8.72041900588291e-11,3-178235090,181002483,FALSE,FarmCPU,,,,,,,
137,2,12556730,12556730,1,1,Total_N,8.76482851307514e-11,2-12265904,12556730,FALSE,BLINK,2,Zm00001eb071760;Zm00001eb071770,Zm00001eb071760,PECTIN ACETYLESTERASE (PTHR21562:SF67),"",cell wall organization(GO:0071555),hydrolase activity(GO:0016787)
917,10,2755050,2755050,1,1,M,8.89175211485899e-11,10-3173429,2755050,FALSE,BLINK,2,Zm00001eb405800;Zm00001eb405820,Zm00001eb405800,OS12G0117600 PROTEIN (PTHR32370:SF115),"",protein ubiquitination(GO:0016567),""
19,1,67319476,67319476,1,1,M,9.03739399521502e-11,1-66305292,67319476,FALSE,FarmCPU,,,,,,,
777,8,131973387,131973387,1,1,I,9.10014873840776e-11,8-127647875,131973387,FALSE,FarmCPU,,,,,,,
653,7,49125132,49125132,1,1,W,9.46045810240871e-11,7-47593222,49125132,FALSE,FarmCPU,1,Zm00001eb307070,Zm00001eb307070,CHROMOSOME-ASSOCIATED KINESIN KIF4A-RELATED (PTHR47969:SF15),microtubule binding motor protein(PC00156),microtubule-based movement(GO:0007018);mitotic spindle organization(GO:0007052);plant-type cell wall biogenesis(GO:0009832);regulation of gibberellic acid mediated signaling pathway(GO:0009937);cellulose microfibril organization(GO:0010215);regulation of cell population proliferation(GO:0042127);positive regulation of DNA-templated transcription(GO:0045893);spindle elongation(GO:0051231);cell wall organization(GO:0071555),nucleotide binding(GO:0000166);cytoskeletal motor activity(GO:0003774);microtubule motor activity(GO:0003777);ATP binding(GO:0005524);microtubule binding(GO:0008017);sequence-specific DNA binding(GO:0043565)
907,9,155395293,155395293,1,1,T,9.47257757783122e-11,9-152518179,155395293,FALSE,FarmCPU,,,,,,,
481,5,84612537,84612537,1,1,S.Total,9.64529955625398e-11,5-82461642,84612537,FALSE,FarmCPU,1,Zm00001eb232740,Zm00001eb232740,EARLY NODULIN-LIKE PROTEIN 9 (PTHR33021:SF186),"","",electron transfer activity(GO:0009055)
376,4,60306594,60306594,1,1,K,9.66495686007271e-11,4-57997959,60306594,FALSE,FarmCPU,2,Zm00001eb176690;Zm00001eb176700,Zm00001eb176690,OS08G0472400 PROTEIN (PTHR32011:SF2),"","",""
158,2,75749212,75749212,1,1,F,9.77884364756064e-11,2-74394459,75749212,FALSE,FarmCPU,,,,,,,
780,8,135969669,135969669,1,1,S.Total,9.8751620032175e-11,8-131541312,135969669,FALSE,FarmCPU,2,Zm00001eb355310;Zm00001eb355320,Zm00001eb355310,WUSCHEL-RELATED HOMEOBOX 2-RELATED (PTHR45940:SF46),homeodomain transcription factor(PC00119),regulation of DNA-templated transcription(GO:0006355);system development(GO:0048731);plant organ development(GO:0099402),DNA binding(GO:0003677);DNA-binding transcription factor activity(GO:0003700)
513,5,181888972,181888972,1,1,V.IVL,9.98660175895046e-11,5-177891597,181888972,FALSE,BLINK,,,,,,,
850,9,77093991,77093991,1,1,M.IMNTDK,1.00356994433949e-10,9-75020995,77093991,FALSE,FarmCPU,,,,,,,
259,3,64691295,64691295,1,1,Q,1.01120406214436e-10,3-64572658,64691295,FALSE,FarmCPU,,,,,,,
112,1,293194103,293194103,1,1,I.IVL,1.01465333378619e-10,1-288055065,293194103,FALSE,BLINK,2,Zm00001eb060220;Zm00001eb060230,Zm00001eb060220,ALDEHYDE OXIDASE3 (PTHR11908:SF142),oxidoreductase(PC00176),abscisic acid biosynthetic process(GO:0009688);auxin biosynthetic process(GO:0009851),"aldehyde oxidase activity(GO:0004031);iron ion binding(GO:0005506);oxidoreductase activity(GO:0016491);metal ion binding(GO:0046872);flavin adenine dinucleotide binding(GO:0050660);iron-sulfur cluster binding(GO:0051536);2 iron, 2 sulfur cluster binding(GO:0051537);FAD binding(GO:0071949)"
63,1,184927259,184927259,1,1,G.SGC,1.0256030674784e-10,1-182931196,184927259,FALSE,BLINK,2,Zm00001eb033230;Zm00001eb033220,Zm00001eb033230,SERINE_THREONINE-PROTEIN KINASE PRP4 HOMOLOG (PTHR24058:SF103),protein modifying enzyme(PC00260),"mRNA cis splicing, via spliceosome(GO:0045292)",nucleotide binding(GO:0000166);protein kinase activity(GO:0004672);protein serine/threonine kinase activity(GO:0004674);ATP binding(GO:0005524);kinase activity(GO:0016301);transferase activity(GO:0016740)
492,5,102819058,102819058,1,1,S,1.05057572558094e-10,5-100336046,102819058,FALSE,FarmCPU,,,,,,,
122,1,304523681,304523681,1,1,I,1.06209857117123e-10,1-299061209,304523681,FALSE,FarmCPU,1,Zm00001eb064310,Zm00001eb064310,"ELONGATION FACTOR G, MITOCHONDRIAL (PTHR43636:SF2)","","",""
285,3,114372655,114372655,1,1,H,1.07259674043295e-10,3-114045648,114372655,FALSE,FarmCPU,,,,,,,
387,4,87103862,87103862,1,1,I.IMNTDK,1.07484585929541e-10,4-83948717,87103862,FALSE,FarmCPU,2,Zm00001eb179780;Zm00001eb179770,Zm00001eb179780,CINNAMOYL-COA REDUCTASE 1 (PTHR10366:SF404),dehydratase(PC00091),"","oxidoreductase activity(GO:0016491);oxidoreductase activity, acting on the CH-OH group of donors, NAD or NADP as acceptor(GO:0016616);cinnamoyl-CoA reductase activity(GO:0016621)"
318,3,179890671,179890671,1,1,IMNTDK,1.07856239818392e-10,3-177180277,179890671,FALSE,FarmCPU,2,Zm00001eb146530;Zm00001eb146550,Zm00001eb146530,"","",DNA repair(GO:0006281);DNA damage response(GO:0006974);mitotic sister chromatid cohesion(GO:0007064);homologous recombination(GO:0035825);cell division(GO:0051301),""
357,4,10064975,10064975,1,1,C.Total,1.1149453694192e-10,4-9211461,10064975,TRUE,BLINK+FarmCPU,,,,,,,
936,10,47355438,47355438,1,1,N,1.11617251296073e-10,10-46093803,47355438,FALSE,FarmCPU,,,,,,,
5,1,8612774,8612774,1,1,Y,1.13394055924544e-10,1-8569218,8612774,FALSE,FarmCPU,6,Zm00001eb003190;Zm00001eb003210;Zm00001eb003230;Zm00001eb003180;Zm00001eb003200;Zm00001eb003220,Zm00001eb003190,EXPRESSED PROTEIN (PTHR31390:SF2),"","",""
98,1,255759232,255759232,1,1,I,1.14608119544801e-10,1-251683141,255759232,FALSE,FarmCPU,,,,,,,
416,4,171829165,171829165,1,1,Q,1.15958590080215e-10,4-168986779,171829165,FALSE,FarmCPU,,,,,,,
146,2,36825719,36825719,1,1,W,1.16139172237248e-10,2-35951223,36825719,FALSE,FarmCPU,3,Zm00001eb078980;Zm00001eb078990;Zm00001eb079000,Zm00001eb078980,OS04G0488400 PROTEIN (PTHR11362:SF23),protease inhibitor(PC00191),"",""
57,1,164659125,164659125,1,1,M.IMNTDK,1.16173944573202e-10,1-163027029,164659125,FALSE,FarmCPU,,,,,,,
40,1,113435067,113435067,1,1,C.SGC,1.17600843606879e-10,1-110955935,113435067,FALSE,BLINK,,,,,,,
659,7,59537480,59537480,1,1,SGC,1.18282466479313e-10,7-59634895,59537480,FALSE,FarmCPU,,,,,,,
924,10,16131370,16131370,1,1,H,1.18296242216466e-10,10-15920254,16131370,FALSE,FarmCPU,4,Zm00001eb409130;Zm00001eb409140;Zm00001eb409150;Zm00001eb409160,Zm00001eb409130,"","","",""
241,3,19337556,19337556,1,1,LAV,1.19560298183343e-10,3-19934463,19337556,FALSE,FarmCPU,1,Zm00001eb124710,Zm00001eb124710,"","","",""
756,8,93989476,93989476,1,1,L,1.21587824506589e-10,8-91703197,93989476,FALSE,FarmCPU,1,Zm00001eb347270,Zm00001eb347270,BHLH DOMAIN-CONTAINING PROTEIN (PTHR46665:SF8),basic helix-loop-helix transcription factor(PC00055),"",transcription cis-regulatory region binding(GO:0000976);protein dimerization activity(GO:0046983)
55,1,163162213,163162213,1,1,F,1.30058315115413e-10,1-161697699,163162213,FALSE,FarmCPU,1,Zm00001eb029780,Zm00001eb029780,"","","",""
10,1,38090841,38090841,1,1,F.WFY,1.30221322190021e-10,1-37711744,38090841,FALSE,BLINK,2,Zm00001eb011650;Zm00001eb011670,Zm00001eb011650,OS03G0264300 PROTEIN (PTHR47973:SF67),transmembrane signal receptor(PC00197),"",nucleotide binding(GO:0000166);protein kinase activity(GO:0004672);protein serine/threonine kinase activity(GO:0004674);ATP binding(GO:0005524);kinase activity(GO:0016301);transferase activity(GO:0016740)
586,6,95160922,95160922,1,1,C.SGC,1.31087396413574e-10,6-92716903,95160922,FALSE,BLINK,,,,,,,
621,6,163892013,163892013,1,1,IMNTDK,1.33311922414716e-10,6-159916012,163892013,FALSE,FarmCPU,,,,,,,
107,1,286337730,286337730,1,1,C.Total,1.42138883813994e-10,1-281328541,286337730,FALSE,BLINK,,,,,,,
298,3,139091870,139091870,1,1,C.Total,1.43704615740449e-10,3-138419532,139091870,FALSE,FarmCPU,,,,,,,
972,10,130209382,130209382,1,1,SGC,1.43947860109335e-10,10-129094272,130209382,FALSE,BLINK,,,,,,,
626,6,168948438,168948438,1,1,T,1.45148446454909e-10,6-165002925,168948438,FALSE,FarmCPU,3,Zm00001eb292250;Zm00001eb292260;Zm00001eb292270,Zm00001eb292250,PROTEIN RNA-DIRECTED DNA METHYLATION 3 (PTHR11125:SF8),"",DNA-templated transcription elongation(GO:0006354);regulation of transcription by RNA polymerase II(GO:0006357);transcription elongation by RNA polymerase II(GO:0006368);regulation of DNA-templated transcription elongation(GO:0032784),mRNA binding(GO:0003729)
880,9,121680524,121680524,1,1,T.IMNTDK,1.45578321523501e-10,9-120182116,121680524,FALSE,BLINK,1,Zm00001eb391370,Zm00001eb391370,EXPANSIN-B2 (PTHR31692:SF19),"",cell wall organization(GO:0071555),""
400,4,133712052,133712052,1,1,L.LAV,1.47526991500984e-10,4-130665636,133712052,FALSE,BLINK,,,,,,,
753,8,88790536,88790536,1,1,IMNTDK,1.56106825105697e-10,8-86523730,88790536,FALSE,FarmCPU,,,,,,,
652,7,48156773,48156773,1,1,C.SGC,1.68216143979834e-10,7-46639595,48156773,FALSE,BLINK,,,,,,,
781,8,138071409,138071409,1,1,I.Total,1.74955973219878e-10,8-133672730,138071409,FALSE,BLINK,4,Zm00001eb356010;Zm00001eb356050;Zm00001eb356040;Zm00001eb356060,Zm00001eb356010,WAT1-RELATED PROTEIN (PTHR31218:SF50),"",transmembrane transport(GO:0055085),transmembrane transporter activity(GO:0022857)
519,5,200871458,200871458,1,1,W,1.77958445374481e-10,5-195729014,200871458,FALSE,FarmCPU,,,,,,,
252,3,57054130,57054130,1,1,H,1.84351771362798e-10,3-57093830,57054130,FALSE,FarmCPU,1,Zm00001eb130540,Zm00001eb130540,"","","",""
385,4,82052884,82052884,1,1,L.LAV,1.85346217645256e-10,4-79224077,82052884,FALSE,BLINK,2,Zm00001eb179130;Zm00001eb179140,Zm00001eb179130,OS08G0421900 PROTEIN (PTHR46364:SF8),"","",chromatin binding(GO:0003682);zinc ion binding(GO:0008270);metal ion binding(GO:0046872)
649,7,34482872,34482872,1,1,IMNTDK,1.95161874386091e-10,7-33243502,34482872,FALSE,FarmCPU,1,Zm00001eb305680,Zm00001eb305680,DNAJ HEAT SHOCK N-TERMINAL DOMAIN-CONTAINING PROTEIN (PTHR45089:SF49),"","",""
296,3,137842882,137842882,1,1,LAV,2.00722782995182e-10,3-137195712,137842882,TRUE,BLINK+FarmCPU,,,,,,,
976,10,131424393,131424393,1,1,I.LAV,2.0427579024336e-10,10-130256108,131424393,FALSE,BLINK,1,Zm00001eb426070,Zm00001eb426070,POLYADENYLATE-BINDING PROTEIN (PTHR24012:SF879),RNA metabolism protein(PC00031),regulation of translation(GO:0006417),nucleic acid binding(GO:0003676);RNA binding(GO:0003723);mRNA 3'-UTR binding(GO:0003730);poly(A) binding(GO:0008143);poly(U) RNA binding(GO:0008266)
432,4,206537967,206537967,1,1,N.D,2.0453978771235e-10,4-202404155,206537967,FALSE,FarmCPU,2,Zm00001eb200050;Zm00001eb200060,Zm00001eb200050,BISDEMETHOXYCURCUMIN SYNTHASE (PTHR11877:SF101),transferase(PC00220),polyketide biosynthetic process(GO:0030639),"transferase activity(GO:0016740);acyltransferase activity(GO:0016746);acyltransferase activity, transferring groups other than amino-acyl groups(GO:0016747)"
309,3,159167447,159167447,1,1,A.Total,2.05661518073643e-10,3-157644704,159167447,FALSE,BLINK,,,,,,,
22,1,75497404,75497404,1,1,IVL,2.16924557848519e-10,1-74084864,75497404,FALSE,FarmCPU,,,,,,,
434,4,213353737,213353737,1,1,I.Total,2.17244663081117e-10,4-210064314,213353737,FALSE,BLINK,,,,,,,
902,9,153106373,153106373,1,1,L,2.1831995144308e-10,9-150237543,153106373,FALSE,FarmCPU,2,Zm00001eb400140;Zm00001eb400150,Zm00001eb400140,"","","",protein serine/threonine phosphatase activity(GO:0004722)
806,8,170588983,170588983,1,1,Q,2.19628238137401e-10,8-164948031,170588983,FALSE,FarmCPU,,,,,,,
785,8,149503926,149503926,1,1,V.IVL,2.20654153334423e-10,8-144727753,149503926,FALSE,BLINK,4,Zm00001eb358800;Zm00001eb358810;Zm00001eb358820;Zm00001eb358830,Zm00001eb358800,OS01G0627933 PROTEIN (PTHR24282:SF103),oxygenase(PC00177),brassinosteroid homeostasis(GO:0010268);brassinosteroid metabolic process(GO:0016131),"monooxygenase activity(GO:0004497);iron ion binding(GO:0005506);oxidoreductase activity(GO:0016491);oxidoreductase activity, acting on paired donors, with incorporation or reduction of molecular oxygen(GO:0016705);heme binding(GO:0020037);metal ion binding(GO:0046872)"
530,5,212586390,212586390,1,1,W.Total,2.23684512886377e-10,5-206978748,212586390,FALSE,BLINK,3,Zm00001eb253350;Zm00001eb253370;Zm00001eb253360,Zm00001eb253350,OS02G0726700 PROTEIN (PTHR46412:SF4),basic helix-loop-helix transcription factor(PC00055),DNA-templated transcription(GO:0006351);regulation of DNA-templated transcription(GO:0006355),DNA-binding transcription factor activity(GO:0003700);protein dimerization activity(GO:0046983)
48,1,146243108,146243108,1,1,I.IMNTDK,2.25202840617955e-10,1-144059796,146243108,FALSE,FarmCPU,,,,,,,
41,1,118904158,118904158,1,1,D.IMNTDK,2.26391974144378e-10,1-117188466,118904158,FALSE,FarmCPU,2,Zm00001eb026300;Zm00001eb026310,Zm00001eb026300,ALPHA-MANNOSIDASE (PTHR11607:SF62),glycosidase(PC00110),carbohydrate metabolic process(GO:0005975);mannose metabolic process(GO:0006013),"catalytic activity(GO:0003824);alpha-mannosidase activity(GO:0004559);hydrolase activity(GO:0016787);hydrolase activity, acting on glycosyl bonds(GO:0016798);carbohydrate binding(GO:0030246);metal ion binding(GO:0046872)"
497,5,138298407,138298407,1,1,E,2.26813402182888e-10,5-135046921,138298407,FALSE,BLINK,2,Zm00001eb237480;Zm00001eb237490,Zm00001eb237480,GAMMA-SECRETASE SUBUNIT APH-1 (PTHR12889:SF0),protease(PC00190),Notch signaling pathway(GO:0007219);protein processing(GO:0016485),protein-macromolecule adaptor activity(GO:0030674)
579,6,85356769,85356769,1,1,WFY,2.29124510118244e-10,6-82461835,85356769,FALSE,FarmCPU,,,,,,,
450,5,3280477,3280477,1,1,N,2.34871635074186e-10,5-3195246,3280477,FALSE,FarmCPU,,,,,,,
470,5,27811261,27811261,1,1,Q,2.4062324122434e-10,5-27173999,27811261,FALSE,FarmCPU,,,,,,,
100,1,261228771,261228771,1,1,I.IVL,2.40793241546998e-10,1-256722822,261228771,FALSE,BLINK,,,,,,,
170,2,111957741,111957741,1,1,S,2.44596675030631e-10,2-109499876,111957741,FALSE,FarmCPU,,,,,,,
427,4,196251470,196251470,1,1,D.IMNTDK,2.56046829666655e-10,4-192254913,196251470,FALSE,FarmCPU,1,Zm00001eb197430,Zm00001eb197430,WUSCHEL-RELATED HOMEOBOX 3 (PTHR45940:SF42),homeodomain transcription factor(PC00119),regulation of DNA-templated transcription(GO:0006355);system development(GO:0048731);plant organ development(GO:0099402),DNA binding(GO:0003677);DNA-binding transcription factor activity(GO:0003700)
226,2,240624902,240624902,1,1,SGC,2.57863931412362e-10,2-237250369,240624902,FALSE,FarmCPU,4,Zm00001eb117400;Zm00001eb117420;Zm00001eb117430;Zm00001eb117410,Zm00001eb117400,PROTEIN ENHANCED DOWNY MILDEW 2 (PTHR46235:SF18),"","",zinc ion binding(GO:0008270);metal ion binding(GO:0046872)
43,1,122117422,122117422,1,1,I.Total,2.68125195558077e-10,1-120288842,122117422,FALSE,BLINK,,,,,,,
444,4,242132522,242132522,1,1,D.IMNTDK,2.70837890261986e-10,4-237423189,242132522,FALSE,FarmCPU,2,Zm00001eb206040;Zm00001eb206050,Zm00001eb206040,"LIPOXYGENASE 2, CHLOROPLASTIC (PTHR11771:SF89)",oxygenase(PC00177),"",""
214,2,219693599,219693599,1,1,Y.WFY,2.71777325829267e-10,2-213560394,219693599,FALSE,BLINK,3,Zm00001eb109920;Zm00001eb109950;Zm00001eb109930,Zm00001eb109920,"COLD-REGULATED 413 INNER MEMBRANE PROTEIN 1, CHLOROPLASTIC-RELATED (PTHR33596:SF17)","","",""
90,1,236073709,236073709,1,1,N.IMNTDK,2.75295557056217e-10,1-232538496,236073709,FALSE,FarmCPU,,,,,,,
776,8,129612038,129612038,1,1,I,2.77760131214911e-10,8-125345027,129612038,FALSE,FarmCPU,,,,,,,
483,5,86944176,86944176,1,1,D.EHPRQ,2.78016302163973e-10,5-84748366,86944176,FALSE,FarmCPU,2,Zm00001eb233090;Zm00001eb233100,Zm00001eb233090,GLYCINE CLEAVAGE SYSTEM H PROTEIN-RELATED (PTHR11715:SF3),"",glycine decarboxylation via glycine cleavage system(GO:0019464),""
569,6,48069069,48069069,1,1,N.E,2.96144629755047e-10,6-46534833,48069069,FALSE,FarmCPU,3,Zm00001eb267160;Zm00001eb267150;Zm00001eb267170,Zm00001eb267160,OS09G0549450 PROTEIN (PTHR32002:SF79),"",regulation of DNA-templated transcription(GO:0006355),DNA-binding transcription factor activity(GO:0003700)
895,9,145065471,145065471,1,1,W.Total,3.00517141977892e-10,9-142706664,145065471,FALSE,BLINK,2,Zm00001eb397430;Zm00001eb397440,Zm00001eb397430,ABC TRANSPORTER B FAMILY MEMBER 6 (PTHR24221:SF440),ATP-binding cassette (ABC) transporter(PC00003),transmembrane transport(GO:0055085),nucleotide binding(GO:0000166);ATP binding(GO:0005524);ATP hydrolysis activity(GO:0016887);ATPase-coupled transmembrane transporter activity(GO:0042626);ABC-type transporter activity(GO:0140359)
13,1,45449013,45449013,1,1,WFY,3.04153865962081e-10,1-45283564,45449013,FALSE,FarmCPU,2,Zm00001eb013540;Zm00001eb013550,Zm00001eb013540,CHUP1-LIKE PROTEIN (PTHR31342:SF48),non-motor actin binding protein(PC00165),protein localization to cortical microtubule cytoskeleton(GO:0072699),""
496,5,138071667,138071667,1,1,S.Total,3.04373956074798e-10,5-134781306,138071667,FALSE,FarmCPU,,,,,,,
574,6,70878267,70878267,1,1,N.E,3.10948342083183e-10,6-68111008,70878267,FALSE,FarmCPU,2,Zm00001eb269220;Zm00001eb269230,Zm00001eb269220,LATE EMBRYOGENESIS ABUNDANT PROTEIN LEA-2 SUBGROUP DOMAIN-CONTAINING PROTEIN (PTHR36480:SF10),"","",""
377,4,65035111,65035111,1,1,N.Q,3.10990755359719e-10,4-62543847,65035111,FALSE,FarmCPU,,,,,,,
788,8,153567425,153567425,1,1,G.SGC,3.12700393898724e-10,8-148613955,153567425,FALSE,BLINK,3,Zm00001eb359870;Zm00001eb359880;Zm00001eb359890,Zm00001eb359870,RETROTRANSPOSON-LIKE PROTEIN (PTHR47165:SF3),"","",""
227,3,1465462,1465462,1,1,EHPRQ,3.22615171367943e-10,3-2141542,1465462,FALSE,FarmCPU,2,Zm00001eb118850;Zm00001eb118860,Zm00001eb118850,ACTIN PROTEIN 2_3 COMPLEX SUBUNIT-LIKE PROTEIN (PTHR37212:SF2),"","",""
707,7,167426018,167426018,1,1,SGC,3.23594680197454e-10,7-161990240,167426018,FALSE,FarmCPU,3,Zm00001eb324580;Zm00001eb324590;Zm00001eb324600,Zm00001eb324580,OS07G0485366 PROTEIN (PTHR33170:SF8),"","",nucleic acid binding(GO:0003676);zinc ion binding(GO:0008270)
439,4,227991859,227991859,1,1,K,3.23683447080357e-10,4-224148666,227991859,FALSE,FarmCPU,1,Zm00001eb203410,Zm00001eb203410,"","","",""
736,8,20016515,20016515,1,1,F,3.30534416906203e-10,8-19340826,20016515,FALSE,FarmCPU,,,,,,,
523,5,205469118,205469118,1,1,N,3.32263090535814e-10,5-200163858,205469118,FALSE,FarmCPU,1,Zm00001eb250890,Zm00001eb250890,SUBFAMILY NOT NAMED (PTHR31549:SF32),"","",""
604,6,131302573,131302573,1,1,N.Total,3.35926780967287e-10,6-127515373,131302573,FALSE,FarmCPU,1,Zm00001eb281090,Zm00001eb281090,OS07G0131500 PROTEIN (PTHR27007:SF4),"",defense response to oomycetes(GO:0002229);cell surface receptor protein serine/threonine kinase signaling pathway(GO:0007178);defense response to bacterium(GO:0042742),nucleotide binding(GO:0000166);protein kinase activity(GO:0004672);protein serine/threonine kinase activity(GO:0004674);transmembrane receptor protein serine/threonine kinase activity(GO:0004675);ATP binding(GO:0005524);kinase activity(GO:0016301);transferase activity(GO:0016740);carbohydrate binding(GO:0030246)
882,9,128215870,128215870,1,1,N.E,3.36355258356649e-10,9-126500335,128215870,FALSE,FarmCPU,,,,,,,
871,9,106510584,106510584,1,1,N.D,3.40604240011063e-10,9-103972034,106510584,FALSE,FarmCPU,,,,,,,
825,9,10727973,10727973,1,1,V,3.42374305004424e-10,9-11397489,10727973,FALSE,FarmCPU,1,Zm00001eb373570,Zm00001eb373570,OS06G0207200 PROTEIN (PTHR34268:SF7),"","",""
402,4,134909976,134909976,1,1,G.SGC,3.43709511074655e-10,4-131890867,134909976,FALSE,BLINK,,,,,,,
560,6,32099603,32099603,1,1,H,3.45541627620581e-10,6-30630923,32099603,FALSE,BLINK,,,,,,,
70,1,204325608,204325608,1,1,N.E,3.5820263788603e-10,1-201859974,204325608,FALSE,FarmCPU,1,Zm00001eb038210,Zm00001eb038210,TERNARY COMPLEX FACTOR MIP1 LEUCINE-ZIPPER DOMAIN-CONTAINING PROTEIN (PTHR46248:SF18),"","",""
899,9,151987324,151987324,1,1,A.Total,3.58869652302246e-10,9-149145519,151987324,FALSE,BLINK,2,Zm00001eb399780;Zm00001eb399800,Zm00001eb399780,OS07G0686400 PROTEIN (PTHR47491:SF3),"","",""
72,1,206928513,206928513,1,1,L,3.62691565924658e-10,1-204110070,206928513,FALSE,FarmCPU,2,Zm00001eb038730;Zm00001eb038740,Zm00001eb038730,INORGANIC PHOSPHATE TRANSPORTER PHO84 (PTHR24064:SF616),secondary carrier transporter(PC00258),"",""
831,9,15343947,15343947,1,1,L,3.71855904772066e-10,9-15611463,15343947,FALSE,BLINK,1,Zm00001eb374840,Zm00001eb374840,PLASMA MEMBRANE ATPASE (PTHR42861:SF90),primary active transporter(PC00068),monoatomic ion transport(GO:0006811);regulation of intracellular pH(GO:0051453);proton export across plasma membrane(GO:0120029);proton transmembrane transport(GO:1902600),nucleotide binding(GO:0000166);ATP binding(GO:0005524);P-type proton-exporting transporter activity(GO:0008553);ATP hydrolysis activity(GO:0016887);metal ion binding(GO:0046872)
992,10,150047681,150047681,1,1,V,3.74146967318169e-10,10-148734280,150047681,FALSE,FarmCPU,,,,,,,
565,6,36570888,36570888,1,1,Total,3.75974888119579e-10,6-35015236,36570888,FALSE,FarmCPU,,,,,,,
676,7,103382275,103382275,1,1,T.Total,3.7641179721466e-10,7-100272797,103382275,TRUE,BLINK+FarmCPU,1,Zm00001eb311020,Zm00001eb311020,CWF19-LIKE PROTEIN 1 (PTHR12072:SF4),"","mRNA splicing, via spliceosome(GO:0000398)",DNA binding(GO:0003677);zinc ion binding(GO:0008270);metal ion binding(GO:0046872);RNA lariat debranching enzyme activator activity(GO:0061632)
842,9,33442512,33442512,1,1,A,3.7885372386852e-10,9-33147241,33442512,FALSE,FarmCPU,,,,,,,
853,9,78681803,78681803,1,1,L,3.86434068579545e-10,9-76624756,78681803,FALSE,FarmCPU,1,Zm00001eb384580,Zm00001eb384580,OS06G0557100 PROTEIN (PTHR27000:SF282),transmembrane signal receptor(PC00197),"",protein kinase activity(GO:0004672);ATP binding(GO:0005524);kinase activity(GO:0016301)
906,9,155108937,155108937,1,1,A,3.92110281549143e-10,9-152237144,155108937,FALSE,FarmCPU,,,,,,,
243,3,21878834,21878834,1,1,M,3.99481559921418e-10,3-22396105,21878834,TRUE,BLINK+FarmCPU,,,,,,,
498,5,141104507,141104507,1,1,L,4.00922735330409e-10,5-137811532,141104507,FALSE,FarmCPU,2,Zm00001eb237820;Zm00001eb237830,Zm00001eb237820,WRKY TRANSCRIPTION FACTOR 22 (PTHR32096:SF61),DNA-binding transcription factor(PC00218),regulation of DNA-templated transcription(GO:0006355),transcription cis-regulatory region binding(GO:0000976);DNA binding(GO:0003677);DNA-binding transcription factor activity(GO:0003700);sequence-specific DNA binding(GO:0043565)
109,1,290228171,290228171,1,1,M,4.01058785030673e-10,1-285163774,290228171,FALSE,FarmCPU,,,,,,,
465,5,16359659,16359659,1,1,M,4.08797970899822e-10,5-15822899,16359659,FALSE,FarmCPU,2,Zm00001eb218390;Zm00001eb218380,Zm00001eb218390,"CHLOROPHYLL(IDE) B REDUCTASE NOL, CHLOROPLASTIC (PTHR24314:SF15)",transfer/carrier protein(PC00219),PSII associated light-harvesting complex II catabolic process(GO:0010304);chlorophyll catabolic process(GO:0015996),oxidoreductase activity(GO:0016491);chlorophyll(ide) b reductase activity(GO:0034256)
863,9,96087965,96087965,1,1,SGC,4.15299914616201e-10,9-93667885,96087965,FALSE,FarmCPU,3,Zm00001eb386440;Zm00001eb386460;Zm00001eb386450,Zm00001eb386440,OS08G0193600 PROTEIN (PTHR38926:SF74),"","",SCF ubiquitin ligase complex binding(GO:1905761)
365,4,31493044,31493044,1,1,G.SGC,4.20285641845129e-10,4-29980208,31493044,FALSE,BLINK,1,Zm00001eb171820,Zm00001eb171820,BHLH DOMAIN-CONTAINING PROTEIN (PTHR16223:SF195),basic helix-loop-helix transcription factor(PC00055),regulation of DNA-templated transcription(GO:0006355);regulation of transcription by RNA polymerase II(GO:0006357),"RNA polymerase II cis-regulatory region sequence-specific DNA binding(GO:0000978);DNA-binding transcription factor activity, RNA polymerase II-specific(GO:0000981);DNA binding(GO:0003677);DNA-binding transcription factor activity(GO:0003700);protein dimerization activity(GO:0046983)"
219,2,225946113,225946113,1,1,C.Total,4.2144894474482e-10,2-219860853,225946113,FALSE,FarmCPU,1,Zm00001eb112220,Zm00001eb112220,CCR4-NOT TRANSCRIPTION COMPLEX SUBUNIT 11 (PTHR15975:SF2),"","",""
673,7,100626324,100626324,1,1,Total_N,4.37028319690156e-10,7-97612881,100626324,FALSE,BLINK,1,Zm00001eb310730,Zm00001eb310730,OS09G0360400 PROTEIN (PTHR33675:SF5),C4 zinc finger nuclear receptor(PC00169),"",""
538,5,218941276,218941276,1,1,P,4.37054561953605e-10,5-213155902,218941276,FALSE,FarmCPU,1,Zm00001eb256170,Zm00001eb256170,BROMODOMAIN-CONTAINING PROTEIN HOMOLOG (PTHR13793:SF107),zinc finger transcription factor(PC00244),chromatin remodeling(GO:0006338);regulation of transcription by RNA polymerase II(GO:0006357),zinc ion binding(GO:0008270);metal ion binding(GO:0046872);histone reader activity(GO:0140566)
58,1,166623991,166623991,1,1,S.SGC,4.57507572142266e-10,1-164967324,166623991,FALSE,BLINK,2,Zm00001eb030320;Zm00001eb030310,Zm00001eb030320,FLAVIN-CONTAINING MONOOXYGENASE (PTHR43539:SF48),oxygenase(PC00177),auxin biosynthetic process(GO:0009851),"monooxygenase activity(GO:0004497);N,N-dimethylaniline monooxygenase activity(GO:0004499);oxidoreductase activity(GO:0016491);flavin adenine dinucleotide binding(GO:0050660);NADP binding(GO:0050661);indole-3-pyruvate monooxygenase activity(GO:0103075)"
760,8,102074335,102074335,1,1,N.Total,4.65453603685027e-10,8-99599317,102074335,FALSE,FarmCPU,,,,,,,
167,2,106607065,106607065,1,1,F.WFY,4.67470086572181e-10,2-104256970,106607065,FALSE,BLINK,1,Zm00001eb088110,Zm00001eb088110,"","","",""
485,5,90750213,90750213,1,1,W,4.80554663388099e-10,5-88521100,90750213,FALSE,FarmCPU,1,Zm00001eb233650,Zm00001eb233650,KLAROID PROTEIN-RELATED (PTHR12911:SF8),non-motor microtubule binding protein(PC00166),nucleus organization(GO:0006997);protein homooligomerization(GO:0051260);protein heterooligomerization(GO:0051291);meiotic attachment of telomere to nuclear envelope(GO:0070197);protein localization to nuclear envelope(GO:0090435),protein-membrane adaptor activity(GO:0043495)
399,4,133070599,133070599,1,1,I.Total,4.88641764764256e-10,4-130031887,133070599,FALSE,BLINK,,,,,,,
905,9,154471776,154471776,1,1,N.IMNTDK,4.92343988091276e-10,9-151564381,154471776,FALSE,FarmCPU,1,Zm00001eb400820,Zm00001eb400820,SMALL RIBOSOMAL SUBUNIT PROTEIN ES1 (PTHR11830:SF0),ribosomal protein(PC00202),translation(GO:0006412),structural constituent of ribosome(GO:0003735)
67,1,192799795,192799795,1,1,Q.EHPRQ,5.01168137899659e-10,1-190635022,192799795,FALSE,BLINK,1,Zm00001eb035070,Zm00001eb035070,"","","",""
108,1,286978515,286978515,1,1,C.SGC,5.02550217681681e-10,1-281932158,286978515,FALSE,BLINK,3,Zm00001eb058450;Zm00001eb058420;Zm00001eb058440,Zm00001eb058450,OS03G0764450 PROTEIN (PTHR13844:SF53),"chromatin/chromatin-binding, or -regulatory protein(PC00077)","",""
735,8,17945285,17945285,1,1,F,5.18753792511221e-10,8-17397128,17945285,FALSE,FarmCPU,6,Zm00001eb336740;Zm00001eb336750;Zm00001eb336760;Zm00001eb336780;Zm00001eb336790;Zm00001eb336800,Zm00001eb336740,RNA HELICASE (PTHR47958:SF195),RNA helicase(PC00032),"",nucleotide binding(GO:0000166);nucleic acid binding(GO:0003676);RNA binding(GO:0003723);RNA helicase activity(GO:0003724);mRNA binding(GO:0003729);helicase activity(GO:0004386);ATP binding(GO:0005524);hydrolase activity(GO:0016787)
336,3,210422590,210422590,1,1,H,5.23583952054558e-10,3-207000052,210422590,FALSE,FarmCPU,,,,,,,
696,7,136733805,136733805,1,1,A,5.23876757026237e-10,7-132672856,136733805,FALSE,FarmCPU,2,Zm00001eb316320;Zm00001eb316330,Zm00001eb316320,UBIQUITIN-ASSOCIATED (UBA) PROTEIN-RELATED (PTHR23322:SF71),scaffold/adaptor protein(PC00226),ERAD pathway(GO:0036503),ubiquitin binding(GO:0043130)
789,8,154711529,154711529,1,1,F.WFY,5.26535594336902e-10,8-149683450,154711529,FALSE,BLINK,3,Zm00001eb360320;Zm00001eb360300;Zm00001eb360310,Zm00001eb360320,TWO PORE CALCIUM CHANNEL PROTEIN 1 (PTHR46988:SF2),ion channel(PC00133),monoatomic ion transport(GO:0006811);calcium ion transport(GO:0006816);defense response(GO:0006952);calcium-mediated signaling(GO:0019722);monoatomic ion transmembrane transport(GO:0034220);transmembrane transport(GO:0055085);calcium ion transmembrane transport(GO:0070588),monoatomic ion channel activity(GO:0005216);voltage-gated calcium channel activity(GO:0005245);calcium channel activity(GO:0005262);calcium ion binding(GO:0005509)
230,3,3983974,3983974,1,1,M.Total,5.26688421405142e-10,3-4714935,3983974,FALSE,BLINK,4,Zm00001eb120220;Zm00001eb120240;Zm00001eb120200;Zm00001eb120230,Zm00001eb120220,ALKALINE CERAMIDASE TOD1 (PTHR12956:SF13),"","",""
752,8,82427188,82427188,1,1,S,5.33560306206104e-10,8-80349920,82427188,FALSE,FarmCPU,2,Zm00001eb345840;Zm00001eb345850,Zm00001eb345840,HEXOSYLTRANSFERASE (PTHR32116:SF105),transferase(PC00220),"",polygalacturonate 4-alpha-galacturonosyltransferase activity(GO:0047262)
39,1,112273313,112273313,1,1,N.IMNTDK,5.36263320491922e-10,1-109783930,112273313,FALSE,FarmCPU,1,Zm00001eb025700,Zm00001eb025700,OS03G0644200 PROTEIN (PTHR24015:SF739),"",RNA modification(GO:0009451),RNA binding(GO:0003723)
516,5,188920959,188920959,1,1,R.EHPRQ,5.38243006450636e-10,5-184325529,188920959,FALSE,FarmCPU,,,,,,,
541,5,220584015,220584015,1,1,D,5.39381295010596e-10,5-214760571,220584015,FALSE,FarmCPU,4,Zm00001eb257060;Zm00001eb257070;Zm00001eb257080;Zm00001eb257100,Zm00001eb257060,RING FINGER PROTEIN (PTHR33874:SF1),"","",""
697,7,145762580,145762580,1,1,N.Total,5.56648632163194e-10,7-141043111,145762580,FALSE,FarmCPU,1,Zm00001eb318500,Zm00001eb318500,TRANSCRIPTION FACTOR (PTHR11514:SF115),"",regulation of DNA-templated transcription(GO:0006355),transcription cis-regulatory region binding(GO:0000976);DNA-binding transcription factor activity(GO:0003700);protein dimerization activity(GO:0046983)
892,9,142699240,142699240,1,1,E.Total,5.56916623282031e-10,9-140308916,142699240,FALSE,BLINK,1,Zm00001eb396490,Zm00001eb396490,UDP-ARABINOSE 4-EPIMERASE 3-RELATED (PTHR43725:SF38),epimerase/racemase(PC00096),galactose metabolic process(GO:0006012),UDP-glucose 4-epimerase activity(GO:0003978);isomerase activity(GO:0016853)
388,4,89503624,89503624,1,1,M.IMNTDK,5.57935320039181e-10,4-86165408,89503624,FALSE,BLINK,2,Zm00001eb180040;Zm00001eb180050,Zm00001eb180040,"","","",""
360,4,17317994,17317994,1,1,S,5.59560216584e-10,4-16187983,17317994,FALSE,FarmCPU,,,,,,,
640,7,12898390,12898390,1,1,W,5.64690364396733e-10,7-12479382,12898390,FALSE,FarmCPU,,,,,,,
75,1,209384644,209384644,1,1,Total,5.66375437175437e-10,1-206600698,209384644,FALSE,FarmCPU,1,Zm00001eb039400,Zm00001eb039400,MULTIPLE MYELOMA TUMOR-ASSOCIATED PROTEIN 2 (PTHR14580:SF0),"","",""
711,7,171503964,171503964,1,1,I.IMNTDK,5.719222323068e-10,7-165941748,171503964,FALSE,BLINK,2,Zm00001eb326360;Zm00001eb326370,Zm00001eb326360,OS07G0592200 PROTEIN (PTHR13683:SF817),aspartic protease(PC00053),proteolysis(GO:0006508),aspartic-type endopeptidase activity(GO:0004190);peptidase activity(GO:0008233);hydrolase activity(GO:0016787)
758,8,99728560,99728560,1,1,S,5.78389379832683e-10,8-97272050,99728560,FALSE,FarmCPU,1,Zm00001eb348140,Zm00001eb348140,FI19708P1-RELATED (PTHR11662:SF399),secondary carrier transporter(PC00258),transmembrane transport(GO:0055085),phosphate transmembrane transporter activity(GO:0005315);transmembrane transporter activity(GO:0022857)
815,8,180313889,180313889,1,1,C.SGC,5.96174305465549e-10,8-174593615,180313889,FALSE,BLINK,5,Zm00001eb370610;Zm00001eb370620;Zm00001eb370640;Zm00001eb370650;Zm00001eb370630,Zm00001eb370610,OS01G0757900 PROTEIN (PTHR18901:SF44),phosphatase(PC00181),glycerol biosynthetic process(GO:0006114);riboflavin biosynthetic process(GO:0009231);FMN biosynthetic process(GO:0009398),nucleotide binding(GO:0000166);catalytic activity(GO:0003824);riboflavin kinase activity(GO:0008531);transferase activity(GO:0016740);sn-glycerol 3-phosphatase activity(GO:0043136)
322,3,182819949,182819949,1,1,Q.EHPRQ,6.07644370685295e-10,3-180015665,182819949,FALSE,BLINK,,,,,,,
721,7,176587822,176587822,1,1,N.E,6.11280461872913e-10,7-171001482,176587822,FALSE,FarmCPU,5,Zm00001eb328230;Zm00001eb328240;Zm00001eb328250;Zm00001eb328260;Zm00001eb328220,Zm00001eb328230,RIBOSOMAL PROTEIN S4_S9 N-TERMINAL DOMAIN-CONTAINING PROTEIN (PTHR11831:SF22),ribosomal protein(PC00202),ribosomal small subunit biogenesis(GO:0042274),RNA binding(GO:0003723);structural constituent of ribosome(GO:0003735);rRNA binding(GO:0019843)
248,3,52185775,52185775,1,1,K.Total,6.17245075344894e-10,3-52317420,52185775,TRUE,BLINK+FarmCPU,2,Zm00001eb129920;Zm00001eb129930,Zm00001eb129920,"TRNA N6-ADENOSINE THREONYLCARBAMOYLTRANSFERASE, MITOCHONDRIAL (PTHR11735:SF6)",RNA processing factor(PC00147),tRNA threonylcarbamoyladenosine modification(GO:0002949);tRNA processing(GO:0008033);embryo development ending in seed dormancy(GO:0009793),"transferase activity(GO:0016740);acyltransferase activity(GO:0016746);acyltransferase activity, transferring groups other than amino-acyl groups(GO:0016747);metal ion binding(GO:0046872);tRNA N(6)-L-threonylcarbamoyladenine synthase activity(GO:0061711)"
772,8,120308804,120308804,1,1,IMNTDK,6.21605847198759e-10,8-116858573,120308804,FALSE,FarmCPU,3,Zm00001eb351640;Zm00001eb351650;Zm00001eb351630,Zm00001eb351640,DNA HELICASE MCM8 (PTHR11630:SF47),DNA metabolism protein(PC00009),double-strand break repair via homologous recombination(GO:0000724);DNA replication(GO:0006260);DNA repair(GO:0006281);DNA damage response(GO:0006974);meiotic cell cycle(GO:0051321),nucleotide binding(GO:0000166);DNA binding(GO:0003677);DNA helicase activity(GO:0003678);single-stranded DNA binding(GO:0003697);helicase activity(GO:0004386);ATP binding(GO:0005524);hydrolase activity(GO:0016787);single-stranded DNA helicase activity(GO:0017116)
401,4,134488191,134488191,1,1,V.IVL,6.2191343279632e-10,4-131523698,134488191,FALSE,BLINK,,,,,,,
734,8,15014075,15014075,1,1,SGC,6.26723287915552e-10,8-14606424,15014075,FALSE,FarmCPU,2,Zm00001eb335890;Zm00001eb335900,Zm00001eb335890,OS01G0149900 PROTEIN (PTHR47071:SF12),"","",""
500,5,142584304,142584304,1,1,N.D,6.29022503798526e-10,5-139274159,142584304,FALSE,FarmCPU,2,Zm00001eb238010;Zm00001eb238020,Zm00001eb238010,OS02G0258800 PROTEIN (PTHR33513:SF19),"","",""
558,6,29979600,29979600,1,1,T,6.30368704166459e-10,6-28486685,29979600,FALSE,FarmCPU,,,,,,,
181,2,145490764,145490764,1,1,R.Total,6.38592733363375e-10,2-141327152,145490764,TRUE,BLINK+FarmCPU,1,Zm00001eb092270,Zm00001eb092270,"","","",""
727,8,6272837,6272837,1,1,H,6.38645517636416e-10,8-5997917,6272837,FALSE,FarmCPU,4,Zm00001eb333730;Zm00001eb333750;Zm00001eb333760;Zm00001eb333740,Zm00001eb333730,CCHC-TYPE DOMAIN-CONTAINING PROTEIN (PTHR34210:SF3),"","",nucleic acid binding(GO:0003676);zinc ion binding(GO:0008270)
486,5,93658389,93658389,1,1,I.IMNTDK,6.47382844922974e-10,5-91362832,93658389,FALSE,FarmCPU,1,Zm00001eb234030,Zm00001eb234030,U2 SNRNP-ASSOCIATED SURP MOTIF-CONTAINING PROTEIN (PTHR23140:SF0),RNA processing factor(PC00147),RNA processing(GO:0006396);mRNA processing(GO:0006397),nucleic acid binding(GO:0003676);RNA binding(GO:0003723)
943,10,62300321,62300321,1,1,P,6.57421288727306e-10,10-63042844,62300321,FALSE,FarmCPU,,,,,,,
691,7,132795234,132795234,1,1,LAV,6.82775196877967e-10,7-128740993,132795234,FALSE,FarmCPU,,,,,,,
830,9,14667819,14667819,1,1,T,6.90115353110759e-10,9-14963482,14667819,FALSE,FarmCPU,,,,,,,
867,9,100873037,100873037,1,1,N.D,7.07642512445265e-10,9-98451595,100873037,FALSE,FarmCPU,,,,,,,
747,8,54696643,54696643,1,1,IMNTDK,7.1903424692747e-10,8-53539195,54696643,FALSE,BLINK,,,,,,,
667,7,83152256,83152256,1,1,D,7.22838978527941e-10,7-80330557,83152256,FALSE,FarmCPU,1,Zm00001eb309010,Zm00001eb309010,OS09G0287300 PROTEIN (PTHR47623:SF1),"","",""
730,8,10167709,10167709,1,1,G,7.24761219376601e-10,8-9792555,10167709,FALSE,FarmCPU,,,,,,,
234,3,7214427,7214427,1,1,IVL,7.25760719826831e-10,3-8064262,7214427,FALSE,BLINK,1,Zm00001eb121470,Zm00001eb121470,"NADP-DEPENDENT MALIC ENZYME, CHLOROPLASTIC (PTHR23406:SF69)",oxidoreductase(PC00176),malate metabolic process(GO:0006108),"malic enzyme activity(GO:0004470);malate dehydrogenase (decarboxylating) (NADP+) activity(GO:0004473);oxidoreductase activity(GO:0016491);oxidoreductase activity, acting on the CH-OH group of donors, NAD or NADP as acceptor(GO:0016616);metal ion binding(GO:0046872);NAD binding(GO:0051287)"
54,1,161291378,161291378,1,1,N,7.26750243877341e-10,1-159888000,161291378,FALSE,FarmCPU,,,,,,,
231,3,4494831,4494831,1,1,G,7.31312525938383e-10,3-5333204,4494831,FALSE,FarmCPU,1,Zm00001eb120410,Zm00001eb120410,COATOMER SUBUNIT ALPHA (PTHR19876:SF33),vesicle coat protein(PC00235),"intracellular protein transport(GO:0006886);endoplasmic reticulum to Golgi vesicle-mediated transport(GO:0006888);retrograde vesicle-mediated transport, Golgi to endoplasmic reticulum(GO:0006890);intra-Golgi vesicle-mediated transport(GO:0006891);protein transport(GO:0015031);vesicle-mediated transport(GO:0016192)",structural molecule activity(GO:0005198)
786,8,149797970,149797970,1,1,N.E,7.36291192138185e-10,8-145015390,149797970,FALSE,FarmCPU,2,Zm00001eb358940;Zm00001eb358960,Zm00001eb358940,GLYCEROL-3-PHOSPHATE ACYLTRANSFERASE 1 (PTHR15486:SF0),scaffold/adaptor protein(PC00226),cutin biosynthetic process(GO:0010143),transferase activity(GO:0016740);acyltransferase activity(GO:0016746);phosphatase activity(GO:0016791);glycerol-3-phosphate 2-O-acyltransferase activity(GO:0090447)
468,5,21561624,21561624,1,1,C.Total,7.77813764849762e-10,5-21063829,21561624,FALSE,BLINK,1,Zm00001eb219770,Zm00001eb219770,PROTEIN DETOXIFICATION (PTHR11206:SF265),transporter(PC00227),transmembrane transport(GO:0055085);xenobiotic detoxification by transmembrane export across the plasma membrane(GO:1990961),antiporter activity(GO:0015297);transmembrane transporter activity(GO:0022857);xenobiotic transmembrane transporter activity(GO:0042910)
246,3,34561159,34561159,1,1,R.Total,7.82607495632125e-10,3-34856809,34561159,FALSE,FarmCPU,,,,,,,
555,6,25988347,25988347,1,1,N.IMNTDK,7.86991664274407e-10,6-24608719,25988347,FALSE,FarmCPU,1,Zm00001eb264210,Zm00001eb264210,OS06G0228800 PROTEIN (PTHR48017:SF96),"",amino acid transmembrane transport(GO:0003333);amino acid transport(GO:0006865),amino acid transmembrane transporter activity(GO:0015171)
111,1,292912004,292912004,1,1,D.IMNTDK,7.99388064389732e-10,1-287792927,292912004,FALSE,BLINK,1,Zm00001eb060140,Zm00001eb060140,CALCIUM-DEPENDENT PROTEIN KINASE 11 (PTHR24349:SF551),non-receptor serine/threonine protein kinase(PC00167),intracellular signal transduction(GO:0035556),nucleotide binding(GO:0000166);protein kinase activity(GO:0004672);protein serine/threonine kinase activity(GO:0004674);calcium/calmodulin-dependent protein kinase activity(GO:0004683);calcium ion binding(GO:0005509);calmodulin binding(GO:0005516);ATP binding(GO:0005524);calcium-dependent protein serine/threonine kinase activity(GO:0009931);kinase activity(GO:0016301);transferase activity(GO:0016740);metal ion binding(GO:0046872)
438,4,227793554,227793554,1,1,K.IMNTDK,8.2950145628754e-10,4-224012526,227793554,FALSE,BLINK,1,Zm00001eb203350,Zm00001eb203350,OS02G0288200 PROTEIN (PTHR31662:SF10),"",regulation of DNA-templated transcription(GO:0006355);regulation of gene expression(GO:0010468),""
216,2,224120109,224120109,1,1,E,8.32275535350199e-10,2-218011321,224120109,FALSE,BLINK,3,Zm00001eb111670;Zm00001eb111680;Zm00001eb111690,Zm00001eb111670,OS07G0683600 PROTEIN (PTHR31257:SF21),"","",""
934,10,43088998,43088998,1,1,G,8.44379113053836e-10,10-41895748,43088998,FALSE,BLINK,,,,,,,
33,1,103611280,103611280,1,1,V,8.48444692683558e-10,1-101252600,103611280,FALSE,FarmCPU,,,,,,,
932,10,35338720,35338720,1,1,IVL,8.49545814820707e-10,10-34408823,35338720,FALSE,FarmCPU,2,Zm00001eb411430;Zm00001eb411440,Zm00001eb411430,"4-HYDROXY-7-METHOXY-3-OXO-3,4-DIHYDRO-2H-1,4-BENZOXAZIN-2-YL GLUCOSIDE BETA-D-GLUCOSIDASE 1, CHLOROPLASTIC (PTHR10353:SF326)",glycosidase(PC00110),carbohydrate metabolic process(GO:0005975),"hydrolase activity, hydrolyzing O-glycosyl compounds(GO:0004553);beta-glucosidase activity(GO:0008422);hydrolase activity(GO:0016787);hydrolase activity, acting on glycosyl bonds(GO:0016798);DIMBOA glucoside beta-D-glucosidase activity(GO:0102726)"
208,2,213101231,213101231,1,1,G,8.52795612734518e-10,2-206920289,213101231,FALSE,FarmCPU,3,Zm00001eb107340;Zm00001eb107350;Zm00001eb107360,Zm00001eb107340,OS02G0822400 PROTEIN (PTHR31989:SF126),"",regulation of DNA-templated transcription(GO:0006355),DNA binding(GO:0003677)
475,5,63459032,63459032,1,1,M,8.53634569459014e-10,5-61701071,63459032,FALSE,FarmCPU,,,,,,,
893,9,143529496,143529496,1,1,R.Total,8.60904125729257e-10,9-141098035,143529496,FALSE,BLINK,2,Zm00001eb396950;Zm00001eb396960,Zm00001eb396950,E3 SUMO-PROTEIN LIGASE RANBP2 (PTHR23138:SF87),scaffold/adaptor protein(PC00226),nucleocytoplasmic transport(GO:0006913);protein transport(GO:0015031);mRNA transport(GO:0051028);nuclear export(GO:0051168),""
320,3,180685119,180685119,1,1,N.E,8.65960488624655e-10,3-177938674,180685119,FALSE,FarmCPU,2,Zm00001eb146780;Zm00001eb146790,Zm00001eb146780,ACTIN-7 (PTHR11937:SF408),actin and actin related protein(PC00039),cytoskeleton organization(GO:0007010);root hair elongation(GO:0048767),nucleotide binding(GO:0000166);structural constituent of cytoskeleton(GO:0005200);ATP binding(GO:0005524);hydrolase activity(GO:0016787)
552,6,18675234,18675234,1,1,D,8.70044752850226e-10,6-16292150,18675234,FALSE,FarmCPU,1,Zm00001eb262630,Zm00001eb262630,"","","",""
828,9,12169300,12169300,1,1,K,8.81726403260319e-10,9-12698461,12169300,FALSE,FarmCPU,1,Zm00001eb373900,Zm00001eb373900,CHLOROPLAST RNA SPLICING4 (PTHR47447:SF26),"","",""
510,5,171617845,171617845,1,1,I.IMNTDK,8.94502169158203e-10,5-167709302,171617845,FALSE,FarmCPU,,,,,,,
97,1,255041612,255041612,1,1,A,8.97976735872492e-10,1-250974077,255041612,FALSE,BLINK,,,,,,,
603,6,130145640,130145640,1,1,N.IMNTDK,9.02191707995619e-10,6-126408651,130145640,FALSE,FarmCPU,,,,,,,
988,10,146419424,146419424,1,1,H,9.03704211116505e-10,10-145075779,146419424,FALSE,BLINK,2,Zm00001eb431670;Zm00001eb431680,Zm00001eb431670,"","","",""
15,1,58753059,58753059,1,1,S.SGC,9.04127207732698e-10,1-58061029,58753059,FALSE,BLINK,,,,,,,
812,8,177162924,177162924,1,1,N.E,9.04561033463007e-10,8-171434959,177162924,FALSE,BLINK,3,Zm00001eb368950;Zm00001eb368960;Zm00001eb368970,Zm00001eb368950,PROTEIN KINASE DOMAIN-CONTAINING PROTEIN (PTHR48010:SF59),"","",nucleotide binding(GO:0000166);protein kinase activity(GO:0004672);ATP binding(GO:0005524)
803,8,169006983,169006983,1,1,I,9.13185963626439e-10,8-163572993,169006983,FALSE,FarmCPU,,,,,,,
276,3,93659423,93659423,1,1,N.IMNTDK,9.29729244788303e-10,3-107803757,93659423,FALSE,FarmCPU,1,Zm00001eb132890,Zm00001eb132890,"PROTEIN RETICULATA-RELATED 1, CHLOROPLASTIC (PTHR31038:SF2)","",plant organ development(GO:0099402),""
51,1,155871118,155871118,1,1,Q.EHPRQ,9.59170389173142e-10,1-154003776,155871118,FALSE,BLINK,1,Zm00001eb029030,Zm00001eb029030,"","","",""
827,9,11187740,11187740,1,1,N.D,9.62207865717429e-10,9-11750326,11187740,FALSE,FarmCPU,1,Zm00001eb373670,Zm00001eb373670,GROWTH-REGULATING FACTOR 2 (PTHR31602:SF10),"",DNA-templated transcription(GO:0006351);regulation of DNA-templated transcription(GO:0006355);developmental process(GO:0032502),ATP binding(GO:0005524)
903,9,153413598,153413598,1,1,Q.Total,9.8901112594853e-10,9-150510554,153413598,FALSE,FarmCPU,1,Zm00001eb400270,Zm00001eb400270,ACTIVATING SIGNAL COINTEGRATOR 1 COMPLEX SUBUNIT 3 (PTHR24075:SF6),scaffold/adaptor protein(PC00226),"",nucleotide binding(GO:0000166);nucleic acid binding(GO:0003676);RNA binding(GO:0003723);RNA helicase activity(GO:0003724);helicase activity(GO:0004386);ATP binding(GO:0005524);hydrolase activity(GO:0016787);3'-5' DNA helicase activity(GO:0043138)
26,1,85566521,85566521,1,1,L,9.93860420113406e-10,1-83895543,85566521,FALSE,FarmCPU,1,Zm00001eb022340,Zm00001eb022340,"","","",""
679,7,109049706,109049706,1,1,M.IMNTDK,9.94902022422054e-10,7-105809314,109049706,FALSE,FarmCPU,,,,,,,
508,5,168752649,168752649,1,1,LAV,9.96922130421084e-10,5-164898119,168752649,FALSE,FarmCPU,1,Zm00001eb242000,Zm00001eb242000,"","","",""
344,3,222864865,222864865,1,1,E,1.00943201465471e-09,3-219281846,222864865,FALSE,FarmCPU,1,Zm00001eb159390,Zm00001eb159390,HEAT STRESS TRANSCRIPTION FACTOR C-1A (PTHR10015:SF460),winged helix/forkhead transcription factor(PC00246),regulation of DNA-templated transcription(GO:0006355);cellular response to heat(GO:0034605),RNA polymerase II cis-regulatory region sequence-specific DNA binding(GO:0000978);DNA binding(GO:0003677);DNA-binding transcription factor activity(GO:0003700);sequence-specific DNA binding(GO:0043565)
646,7,32066827,32066827,1,1,N.E,1.0217418081747e-09,7-30952026,32066827,FALSE,FarmCPU,,,,,,,
30,1,92410672,92410672,1,1,N.E,1.02305455384608e-09,1-90416602,92410672,FALSE,FarmCPU,,,,,,,
85,1,223211311,223211311,1,1,Total,1.02425095302717e-09,1-220031320,223211311,FALSE,FarmCPU,,,,,,,
476,5,63587694,63587694,1,1,R.Total,1.03514824901402e-09,5-61830627,63587694,FALSE,FarmCPU,,,,,,,
888,9,137803474,137803474,1,1,K,1.03688029348762e-09,9-135525940,137803474,FALSE,FarmCPU,2,Zm00001eb395280;Zm00001eb395290,Zm00001eb395280,GALACTURONOSYLTRANSFERASE 7-RELATED (PTHR32116:SF12),transferase(PC00220),pectin biosynthetic process(GO:0045489);cell wall organization(GO:0071555),transferase activity(GO:0016740);glycosyltransferase activity(GO:0016757);polygalacturonate 4-alpha-galacturonosyltransferase activity(GO:0047262)
343,3,220758628,220758628,1,1,R.Total,1.04327079040877e-09,3-217228656,220758628,FALSE,FarmCPU,2,Zm00001eb158760;Zm00001eb158770,Zm00001eb158760,5'-DEOXYNUCLEOTIDASE (PTHR11845:SF17),"","",5'-deoxynucleotidase activity(GO:0002953)
862,9,93333341,93333341,1,1,T,1.12383203540592e-09,9-90979635,93333341,FALSE,FarmCPU,1,Zm00001eb386030,Zm00001eb386030,COATOMER SUBUNIT BETA' (PTHR19876:SF25),vesicle coat protein(PC00235),"intracellular protein transport(GO:0006886);endoplasmic reticulum to Golgi vesicle-mediated transport(GO:0006888);retrograde vesicle-mediated transport, Golgi to endoplasmic reticulum(GO:0006890);intra-Golgi vesicle-mediated transport(GO:0006891);protein transport(GO:0015031);vesicle-mediated transport(GO:0016192)",structural molecule activity(GO:0005198)
303,3,150728779,150728779,1,1,T,1.1314172437105e-09,3-149457292,150728779,FALSE,FarmCPU,,,,,,,
881,9,123041930,123041930,1,1,G,1.13531096169777e-09,9-121427651,123041930,FALSE,FarmCPU,,,,,,,
18,1,66126147,66126147,1,1,T,1.15471803640768e-09,1-65231487,66126147,FALSE,FarmCPU,2,Zm00001eb018570;Zm00001eb018590,Zm00001eb018570,TRANSMEMBRANE PROTEIN (PTHR35463:SF10),"","",""
656,7,57308998,57308998,1,1,V,1.19458207886707e-09,7-61796038,57308998,FALSE,FarmCPU,,,,,,,
838,9,24237425,24237425,1,1,M.Total,1.195204660219e-09,9-24358673,24237425,FALSE,BLINK,,,,,,,
931,10,31614399,31614399,1,1,Total,1.21258756344717e-09,10-30817243,31614399,FALSE,FarmCPU,,,,,,,
914,10,598077,598077,1,1,I.IMNTDK,1.22749163348918e-09,10-1088556,598077,FALSE,FarmCPU,4,Zm00001eb404790;Zm00001eb404800;Zm00001eb404820;Zm00001eb404810,Zm00001eb404790,OS07G0244600 PROTEIN (PTHR31642:SF114),acetyltransferase(PC00038),"","transferase activity(GO:0016740);acyltransferase activity(GO:0016746);acyltransferase activity, transferring groups other than amino-acyl groups(GO:0016747)"
148,2,44029070,44029070,1,1,R.Total,1.22757760575353e-09,2-42815203,44029070,FALSE,FarmCPU,1,Zm00001eb080830,Zm00001eb080830,RAN GUANINE NUCLEOTIDE RELEASE FACTOR (PTHR15837:SF0),"",protein transport(GO:0015031),guanyl-nucleotide exchange factor activity(GO:0005085);small GTPase binding(GO:0031267)
422,4,180954421,180954421,1,1,L.LAV,1.24108702789128e-09,4-177998047,180954421,FALSE,BLINK,2,Zm00001eb192920;Zm00001eb192930,Zm00001eb192920,EXPRESSED PROTEIN (PTHR13068:SF24),"",DNA-templated transcription termination(GO:0006353),nucleic acid binding(GO:0003676)
306,3,154379568,154379568,1,1,I,1.25419329809814e-09,3-152996842,154379568,FALSE,BLINK,,,,,,,
471,5,31050143,31050143,1,1,H.Total,1.25461189400435e-09,5-30122606,31050143,FALSE,BLINK,1,Zm00001eb221930,Zm00001eb221930,"","",DNA-templated transcription(GO:0006351),DNA binding(GO:0003677);DNA-directed RNA polymerase activity(GO:0003899);transferase activity(GO:0016740);nucleotidyltransferase activity(GO:0016779)
765,8,109188529,109188529,1,1,Q.EHPRQ,1.25966076633345e-09,8-106378441,109188529,FALSE,BLINK,,,,,,,
132,2,8136006,8136006,1,1,C.Total,1.26095066007105e-09,2-7953566,8136006,FALSE,FarmCPU,,,,,,,
989,10,146667271,146667271,1,1,H,1.28013917216301e-09,10-145330860,146667271,FALSE,FarmCPU,1,Zm00001eb431760,Zm00001eb431760,TRANSCRIPTION FACTOR TGA10 (PTHR45693:SF13),DNA-binding transcription factor(PC00218),regulation of DNA-templated transcription(GO:0006355),DNA binding(GO:0003677);DNA-binding transcription factor activity(GO:0003700)
637,7,9617322,9617322,1,1,T,1.28630284478502e-09,7-9332221,9617322,FALSE,FarmCPU,,,,,,,
909,9,156426104,156426104,1,1,C.SGC,1.29565379268704e-09,9-153542035,156426104,FALSE,BLINK,6,Zm00001eb401580;Zm00001eb401590;Zm00001eb401620;Zm00001eb401630;Zm00001eb401600;Zm00001eb401610,Zm00001eb401580,EXPRESSED PROTEIN (PTHR35548:SF1),"","",""
855,9,86117237,86117237,1,1,M,1.30233149635408e-09,9-83844008,86117237,FALSE,FarmCPU,1,Zm00001eb385230,Zm00001eb385230,OS06G0574000 PROTEIN (PTHR33672:SF6),"",photosystem I assembly(GO:0048564);response to photooxidative stress(GO:0080183),""
378,4,65736520,65736520,1,1,K.IMNTDK,1.30311530146566e-09,4-63233294,65736520,TRUE,BLINK+FarmCPU,,,,,,,
395,4,113005409,113005409,1,1,N,1.32383263348255e-09,4-109553276,113005409,FALSE,FarmCPU,,,,,,,
698,7,147727688,147727688,1,1,S,1.32391480487496e-09,7-142812376,147727688,FALSE,FarmCPU,3,Zm00001eb318980;Zm00001eb318990;Zm00001eb319000,Zm00001eb318980,CYCLIN-DEPENDENT KINASE B2-2 (PTHR24056:SF178),non-receptor serine/threonine protein kinase(PC00167),G2/M transition of mitotic cell cycle(GO:0000086);regulation of transcription by RNA polymerase II(GO:0006357);signal transduction(GO:0007165);coenzyme A metabolic process(GO:0015936);regulation of cell cycle(GO:0051726),nucleotide binding(GO:0000166);hydroxymethylglutaryl-CoA reductase (NADPH) activity(GO:0004420);protein kinase activity(GO:0004672);protein serine/threonine kinase activity(GO:0004674);cyclin-dependent protein serine/threonine kinase activity(GO:0004693);ATP binding(GO:0005524);RNA polymerase II CTD heptapeptide repeat kinase activity(GO:0008353);kinase activity(GO:0016301);transferase activity(GO:0016740)
280,3,99443201,99443201,1,1,A,1.32443348697897e-09,3-99617296,99443201,FALSE,FarmCPU,,,,,,,
773,8,123099075,123099075,1,1,I,1.34203698981153e-09,8-119583308,123099075,FALSE,FarmCPU,,,,,,,
65,1,185319459,185319459,1,1,D.IMNTDK,1.35010188681087e-09,1-183322008,185319459,FALSE,FarmCPU,2,Zm00001eb033290;Zm00001eb033310,Zm00001eb033290,UBIQUITIN CARBOXYL-TERMINAL HYDROLASE (PTHR18063:SF6),"","",cysteine-type deubiquitinase activity(GO:0004843);cysteine-type carboxypeptidase activity(GO:0016807);K48-linked deubiquitinase activity(GO:1990380)
325,3,185835668,185835668,1,1,K.IMNTDK,1.36447164250556e-09,3-182945961,185835668,FALSE,BLINK,1,Zm00001eb148290,Zm00001eb148290,OS01G0842200 PROTEIN (PTHR31636:SF131),"",regulation of DNA-templated transcription(GO:0006355),DNA-binding transcription factor activity(GO:0003700);sequence-specific DNA binding(GO:0043565)
685,7,125260775,125260775,1,1,N,1.36841931621296e-09,7-121384366,125260775,FALSE,FarmCPU,1,Zm00001eb313760,Zm00001eb313760,OS09G0433800 PROTEIN (PTHR46057:SF33),"","",metal ion binding(GO:0046872)
11,1,42282100,42282100,1,1,LAV,1.3832105574473e-09,1-42015734,42282100,FALSE,BLINK,,,,,,,
272,3,80144205,80144205,1,1,SGC,1.39191996219442e-09,3-79867117,80144205,FALSE,BLINK,1,Zm00001eb132270,Zm00001eb132270,"","","",""
371,4,48171197,48171197,1,1,D.IMNTDK,1.39224171169396e-09,4-46202582,48171197,FALSE,FarmCPU,,,,,,,
687,7,129519635,129519635,1,1,N.Q,1.40536543898943e-09,7-125434361,129519635,FALSE,FarmCPU,,,,,,,
543,5,221800749,221800749,1,1,V,1.43753501421483e-09,5-215976884,221800749,FALSE,FarmCPU,2,Zm00001eb257720;Zm00001eb257730,Zm00001eb257720,"TRANSLATION INITIATION FACTOR IF-3, MITOCHONDRIAL (PTHR10938:SF0)",translation initiation factor(PC00224),translation(GO:0006412);translational initiation(GO:0006413);ribosome disassembly(GO:0032790),translation initiation factor activity(GO:0003743);ribosome binding(GO:0043022)
474,5,62828223,62828223,1,1,N.D,1.43804153698986e-09,5-61018577,62828223,FALSE,FarmCPU,,,,,,,
266,3,73951754,73951754,1,1,LAV,1.45593562648243e-09,3-73723289,73951754,FALSE,FarmCPU,,,,,,,
124,1,306453640,306453640,1,1,A.LAV,1.4994634674631e-09,1-300915124,306453640,FALSE,BLINK,3,Zm00001eb064940;Zm00001eb064950;Zm00001eb064960,Zm00001eb064940,LD22662P (PTHR13780:SF35),kinase modulator(PC00140),regulation of glycolytic process(GO:0006110);cellular response to glucose starvation(GO:0042149);positive regulation of gluconeogenesis(GO:0045722),kinase activity(GO:0016301)
884,9,129543393,129543393,1,1,N.Total,1.51063443578484e-09,9-127622054,129543393,FALSE,FarmCPU,,,,,,,
790,8,154900308,154900308,1,1,G,1.513114017596e-09,8-149852969,154900308,FALSE,FarmCPU,1,Zm00001eb360380,Zm00001eb360380,"","","",nucleic acid binding(GO:0003676)
366,4,31770188,31770188,1,1,V,1.52696002849641e-09,4-30267353,31770188,FALSE,FarmCPU,1,Zm00001eb171880,Zm00001eb171880,SUGAR TRANSPORT PROTEIN MST5 (PTHR23500:SF74),secondary carrier transporter(PC00258),monosaccharide transmembrane transport(GO:0015749);transmembrane transport(GO:0055085),carbohydrate transmembrane transporter activity(GO:0015144);monosaccharide transmembrane transporter activity(GO:0015145);symporter activity(GO:0015293);transmembrane transporter activity(GO:0022857)
557,6,28698516,28698516,1,1,N.E,1.52904986919964e-09,6-27269777,28698516,FALSE,BLINK,1,Zm00001eb264470,Zm00001eb264470,"HEAT SHOCK PROTEIN 90-6, MITOCHONDRIAL (PTHR11528:SF41)",Hsp90 family chaperone(PC00028),protein folding(GO:0006457);cellular response to heat(GO:0034605);protein stabilization(GO:0050821),nucleotide binding(GO:0000166);ATP binding(GO:0005524);ATP hydrolysis activity(GO:0016887);unfolded protein binding(GO:0051082);ATP-dependent protein folding chaperone(GO:0140662)
774,8,125523868,125523868,1,1,I,1.54154594634136e-09,8-121935350,125523868,FALSE,FarmCPU,,,,,,,
206,2,201276120,201276120,1,1,Q,1.54356345293005e-09,2-195706871,201276120,FALSE,BLINK,1,Zm00001eb103300,Zm00001eb103300,OS09G0528800 PROTEIN (PTHR22957:SF696),GTPase-activating protein(PC00257),"",GTPase activator activity(GO:0005096)
403,4,137141802,137141802,1,1,N.Q,1.55778041640659e-09,4-134046429,137141802,FALSE,FarmCPU,,,,,,,
495,5,134484262,134484262,1,1,K,1.59379552425264e-09,5-131023410,134484262,FALSE,BLINK,,,,,,,
466,5,17877202,17877202,1,1,N.E,1.60435344514983e-09,5-17993326,17877202,FALSE,BLINK,1,Zm00001eb218710,Zm00001eb218710,TELOMERE REPEAT-BINDING FACTOR 1 (PTHR46267:SF8),"chromatin/chromatin-binding, or -regulatory protein(PC00077)",nucleosome assembly(GO:0006334),DNA binding(GO:0003677);double-stranded DNA binding(GO:0003690);double-stranded telomeric DNA binding(GO:0003691);protein homodimerization activity(GO:0042803);single-stranded telomeric DNA binding(GO:0043047);sequence-specific DNA binding(GO:0043565)
355,4,7025691,7025691,1,1,WFY,1.61082684511074e-09,4-6221167,7025691,FALSE,FarmCPU,3,Zm00001eb167090;Zm00001eb167100;Zm00001eb167110,Zm00001eb167090,AGMATINE HYDROXYCINNAMOYLTRANSFERASE 1 (PTHR31642:SF13),acetyltransferase(PC00038),"","transferase activity(GO:0016740);acyltransferase activity(GO:0016746);acyltransferase activity, transferring groups other than amino-acyl groups(GO:0016747)"
770,8,118062210,118062210,1,1,E.Total,1.6210080733019e-09,8-114819496,118062210,FALSE,BLINK,4,Zm00001eb351110;Zm00001eb351120;Zm00001eb351140;Zm00001eb351130,Zm00001eb351110,EF-HAND CALCIUM-BINDING DOMAIN-CONTAINING PROTEIN 4A (PTHR42647:SF72),"","",ubiquitin-protein transferase activity(GO:0004842);zinc ion binding(GO:0008270);ligase activity(GO:0016874);metal ion binding(GO:0046872)
620,6,162390097,162390097,1,1,P,1.6377240703457e-09,6-158420381,162390097,FALSE,FarmCPU,2,Zm00001eb289520;Zm00001eb289530,Zm00001eb289520,PRA1 FAMILY PROTEIN (PTHR12859:SF6),amino acid transporter(PC00046),vesicle-mediated transport(GO:0016192),""
588,6,95998869,95998869,1,1,K.IMNTDK,1.65472399921811e-09,6-93502268,95998869,FALSE,BLINK,,,,,,,
802,8,167588241,167588241,1,1,H,1.66125463944673e-09,8-162128997,167588241,FALSE,FarmCPU,,,,,,,
428,4,197037716,197037716,1,1,K,1.66403388241274e-09,4-192896984,197037716,FALSE,FarmCPU,,,,,,,
235,3,8115945,8115945,1,1,LAV,1.6819754913384e-09,3-8877255,8115945,FALSE,FarmCPU,1,Zm00001eb121590,Zm00001eb121590,PROTEIN TWIN LOV 1 (PTHR47429:SF2),"","",photoreceptor activity(GO:0009881)
849,9,70491520,70491520,1,1,D.IMNTDK,1.68860664317664e-09,9-60685121,70491520,FALSE,BLINK,,,,,,,
156,2,57803832,57803832,1,1,G,1.69616223935869e-09,2-56354930,57803832,FALSE,BLINK,2,Zm00001eb083650;Zm00001eb083670,Zm00001eb083650,PROTEIN GL2-INTERACTING REPRESSOR 1 (PTHR33177:SF74),"","",""
374,4,58184515,58184515,1,1,SGC,1.70098253470671e-09,4-55892249,58184515,FALSE,FarmCPU,,,,,,,
816,9,671836,671836,1,1,EHPRQ,1.71296184065e-09,9-999010,671836,FALSE,FarmCPU,,,,,,,
77,1,215590462,215590462,1,1,A,1.74577621723696e-09,1-212570425,215590462,FALSE,BLINK,1,Zm00001eb040960,Zm00001eb040960,"","","",protein serine/threonine phosphatase activity(GO:0004722)
616,6,155081756,155081756,1,1,K,1.76866548516154e-09,6-151136388,155081756,FALSE,FarmCPU,2,Zm00001eb287240;Zm00001eb287250,Zm00001eb287240,MANNOSYLGLYCOPROTEIN ENDO-BETA-MANNOSIDASE (PTHR43536:SF1),galactosidase(PC00104),carbohydrate metabolic process(GO:0005975),"hydrolase activity, hydrolyzing O-glycosyl compounds(GO:0004553);hydrolase activity(GO:0016787);hydrolase activity, acting on glycosyl bonds(GO:0016798)"
835,9,20001942,20001942,1,1,Q.EHPRQ,1.76984142175778e-09,9-19937391,20001942,FALSE,BLINK,2,Zm00001eb376480;Zm00001eb376470,Zm00001eb376480,HEPARAN-SULFATE 6-O-SULFOTRANSFERASE (PTHR12812:SF0),transferase(PC00220),heparan sulfate proteoglycan biosynthetic process(GO:0015012),sulfotransferase activity(GO:0008146);transferase activity(GO:0016740);heparan sulfate 6-sulfotransferase activity(GO:0017095)
957,10,93469882,93469882,1,1,C.Total,1.77213961960637e-09,10-93250263,93469882,FALSE,BLINK,,,,,,,
203,2,195300354,195300354,1,1,N,1.77443213180908e-09,2-190223217,195300354,FALSE,FarmCPU,3,Zm00001eb101960;Zm00001eb101980;Zm00001eb101970,Zm00001eb101960,MLO-LIKE PROTEIN 4 (PTHR31942:SF9),"",tricarboxylic acid cycle(GO:0006099);defense response(GO:0006952);carbon fixation(GO:0015977);photosynthesis(GO:0015979),catalytic activity(GO:0003824);calmodulin binding(GO:0005516);phosphoenolpyruvate carboxylase activity(GO:0008964);kinase activity(GO:0016301)
42,1,120432317,120432317,1,1,G,1.77467335946605e-09,1-118650791,120432317,FALSE,FarmCPU,,,,,,,
502,5,144977193,144977193,1,1,D.Total,1.78595178038341e-09,5-141673900,144977193,FALSE,FarmCPU,2,Zm00001eb238280;Zm00001eb238290,Zm00001eb238280,"","","",""
78,1,216014205,216014205,1,1,K,1.8436729952859e-09,1-213001117,216014205,FALSE,BLINK,2,Zm00001eb041040;Zm00001eb041030,Zm00001eb041040,SMALL RIBOSOMAL SUBUNIT PROTEIN US17M (PTHR10744:SF1),ribosomal protein(PC00202),translation(GO:0006412),RNA binding(GO:0003723);structural constituent of ribosome(GO:0003735);rRNA binding(GO:0019843)
821,9,5661870,5661870,1,1,I.IMNTDK,1.86453025084174e-09,9-6062225,5661870,FALSE,FarmCPU,,,,,,,
633,7,5923089,5923089,1,1,M.IMNTDK,1.86786018916052e-09,7-5569688,5923089,FALSE,FarmCPU,,,,,,,
136,2,10903562,10903562,1,1,S,1.87049039795098e-09,2-10790583,10903562,FALSE,FarmCPU,7,Zm00001eb070960;Zm00001eb070970;Zm00001eb070980;Zm00001eb071010;Zm00001eb071020;Zm00001eb071030;Zm00001eb071040,Zm00001eb070960,CCR4-NOT TRANSCRIPTION COMPLEX SUBUNIT 9 (PTHR12262:SF0),"",mRNA catabolic process(GO:0006402);negative regulation of translation(GO:0017148),""
202,2,195047737,195047737,1,1,D.IMNTDK,1.88621090783305e-09,2-189960513,195047737,FALSE,FarmCPU,2,Zm00001eb101910;Zm00001eb101920,Zm00001eb101910,TRANSCRIPTION FACTOR TGA10 (PTHR45693:SF13),DNA-binding transcription factor(PC00218),DNA-templated transcription(GO:0006351);regulation of DNA-templated transcription(GO:0006355),DNA binding(GO:0003677);DNA-binding transcription factor activity(GO:0003700);sequence-specific DNA binding(GO:0043565)
742,8,26970845,26970845,1,1,I.LAV,1.89827682292214e-09,8-26169795,26970845,FALSE,BLINK,,,,,,,
341,3,218238808,218238808,1,1,H,1.9209976112364e-09,3-214558604,218238808,FALSE,FarmCPU,,,,,,,
27,1,87861322,87861322,1,1,LAV,1.93092719433739e-09,1-86024333,87861322,FALSE,FarmCPU,,,,,,,
768,8,117384601,117384601,1,1,F,1.9325399955521e-09,8-114158139,117384601,FALSE,FarmCPU,1,Zm00001eb350990,Zm00001eb350990,CYSTEINE-TRYPTOPHAN DOMAIN-CONTAINING ZINC FINGER PROTEIN 5 (PTHR46524:SF2),"","",zinc ion binding(GO:0008270);metal ion binding(GO:0046872)
818,9,2110541,2110541,1,1,C.Total,1.93895500790878e-09,9-2383325,2110541,FALSE,FarmCPU,,,,,,,
891,9,139940898,139940898,1,1,D,1.94547162685621e-09,9-137604659,139940898,FALSE,BLINK,4,Zm00001eb395610;Zm00001eb395630;Zm00001eb395620;Zm00001eb395640,Zm00001eb395610,CCR4-ASSOCIATED FACTOR 16 (PTHR12847:SF12),ATP-binding cassette (ABC) transporter(PC00003),"",""
522,5,204709115,204709115,1,1,LAV,1.97185637352084e-09,5-199448052,204709115,FALSE,FarmCPU,3,Zm00001eb250780;Zm00001eb250790;Zm00001eb250800,Zm00001eb250780,OS02G0683900 PROTEIN (PTHR31142:SF7),"","",""
514,5,182805559,182805559,1,1,EHPRQ,1.98717748565459e-09,5-178784901,182805559,FALSE,FarmCPU,2,Zm00001eb245720;Zm00001eb245730,Zm00001eb245720,SUBFAMILY NOT NAMED (PTHR35119:SF11),"",regulation of nuclear division(GO:0051783),""
326,3,186055412,186055412,1,1,N.D,1.99261748048114e-09,3-183176810,186055412,FALSE,BLINK,3,Zm00001eb148350;Zm00001eb148360;Zm00001eb148370,Zm00001eb148350,PROTEIN ESMERALDA 1 (PTHR31288:SF10),"",fucose metabolic process(GO:0006004),transferase activity(GO:0016740);glycosyltransferase activity(GO:0016757)
35,1,106797184,106797184,1,1,Total_N,1.99396577297916e-09,1-104240761,106797184,FALSE,FarmCPU,,,,,,,
312,3,168701707,168701707,1,1,A,2.00899226720571e-09,3-166127783,168701707,FALSE,FarmCPU,2,Zm00001eb143890;Zm00001eb143880,Zm00001eb143890,LYSINE KETOGLUTARATE REDUCTASE TRANS-SPLICING RELATED 1 (PTHR31210:SF38),"","",""
851,9,77503959,77503959,1,1,F,2.0390214869667e-09,9-75468171,77503959,FALSE,FarmCPU,,,,,,,
354,4,6828651,6828651,1,1,N.E,2.07318401890531e-09,4-6019776,6828651,FALSE,BLINK,2,Zm00001eb167010;Zm00001eb167020,Zm00001eb167010,ABC TRANSPORTER G FAMILY MEMBER 40 (PTHR19241:SF566),ATP-binding cassette (ABC) transporter(PC00003),transmembrane transport(GO:0055085),nucleotide binding(GO:0000166);ATP binding(GO:0005524);ATP hydrolysis activity(GO:0016887);ABC-type transporter activity(GO:0140359)
345,3,224671873,224671873,1,1,I.IMNTDK,2.10548077407814e-09,3-221016201,224671873,FALSE,FarmCPU,1,Zm00001eb159940,Zm00001eb159940,"","","",""
614,6,154169986,154169986,1,1,SGC,2.1109518629893e-09,6-150268442,154169986,FALSE,FarmCPU,2,Zm00001eb287060;Zm00001eb287070,Zm00001eb287060,PROTEIN SHI RELATED SEQUENCE 6 (PTHR31604:SF22),"",regulation of DNA-templated transcription(GO:0006355);positive regulation of DNA-templated transcription(GO:0045893),DNA binding(GO:0003677);DNA-binding transcription factor activity(GO:0003700);metal ion binding(GO:0046872)
258,3,63407138,63407138,1,1,R.EHPRQ,2.12794650148902e-09,3-63357671,63407138,FALSE,FarmCPU,,,,,,,
334,3,206991317,206991317,1,1,IMNTDK,2.13754596021291e-09,3-203824031,206991317,FALSE,BLINK,,,,,,,
504,5,162152669,162152669,1,1,N.Total,2.15440878322728e-09,5-158446420,162152669,FALSE,FarmCPU,,,,,,,
171,2,116350193,116350193,1,1,IVL,2.16471641562338e-09,2-113696055,116350193,FALSE,FarmCPU,,,,,,,
34,1,104570419,104570419,1,1,H,2.18992329942587e-09,1-101997094,104570419,FALSE,FarmCPU,1,Zm00001eb024910,Zm00001eb024910,OS10G0577100 PROTEIN (PTHR23160:SF9),actin binding motor protein(PC00040),reciprocal meiotic recombination(GO:0007131),""
463,5,13750964,13750964,1,1,P,2.20515500815381e-09,5-13408666,13750964,FALSE,FarmCPU,3,Zm00001eb217140;Zm00001eb217150;Zm00001eb217160,Zm00001eb217140,POLYGALACTURONATE 4-ALPHA-GALACTURONOSYLTRANSFERASE (PTHR32116:SF99),transferase(PC00220),pectin biosynthetic process(GO:0045489);cell wall organization(GO:0071555),glycosyltransferase activity(GO:0016757);polygalacturonate 4-alpha-galacturonosyltransferase activity(GO:0047262)
692,7,133771056,133771056,1,1,F.Total,2.21587200842773e-09,7-129750715,133771056,FALSE,BLINK,,,,,,,
461,5,12404384,12404384,1,1,C.Total,2.22296154729907e-09,5-11969550,12404384,FALSE,BLINK,2,Zm00001eb216610;Zm00001eb216620,Zm00001eb216610,DELLA PROTEIN RGL1 (PTHR31636:SF47),"",regulation of DNA-templated transcription(GO:0006355);gibberellic acid mediated signaling pathway(GO:0009740),DNA-binding transcription factor activity(GO:0003700);sequence-specific DNA binding(GO:0043565)
808,8,172667923,172667923,1,1,S.SGC,2.22666357663516e-09,8-166972805,172667923,FALSE,BLINK,,,,,,,
682,7,114493428,114493428,1,1,C.Total,2.22855988270959e-09,7-111285374,114493428,FALSE,BLINK,,,,,,,
796,8,160750289,160750289,1,1,F,2.23710368066887e-09,8-155514656,160750289,FALSE,FarmCPU,,,,,,,
639,7,11522393,11522393,1,1,E.Total,2.24027317170339e-09,7-11243697,11522393,FALSE,FarmCPU,,,,,,,
960,10,95451716,95451716,1,1,Total_N,2.26230882807149e-09,10-95224747,95451716,FALSE,BLINK,1,Zm00001eb418590,Zm00001eb418590,"","","",""
412,4,158026012,158026012,1,1,WFY,2.26729349181046e-09,4-154447645,158026012,FALSE,FarmCPU,,,,,,,
597,6,121660144,121660144,1,1,N.D,2.30441083677639e-09,6-117901320,121660144,FALSE,FarmCPU,,,,,,,
751,8,77994367,77994367,1,1,I.Total,2.30879074237494e-09,8-76083740,77994367,FALSE,FarmCPU,1,Zm00001eb345030,Zm00001eb345030,OS02G0615800 PROTEIN (PTHR27008:SF593),"","",nucleotide binding(GO:0000166);DNA binding(GO:0003677);protein kinase activity(GO:0004672);ATP binding(GO:0005524)
287,3,120700793,120700793,1,1,H.Total,2.31394436168516e-09,3-120513874,120700793,FALSE,FarmCPU,,,,,,,
699,7,152770519,152770519,1,1,Q.Total,2.34513470898215e-09,7-147592989,152770519,FALSE,BLINK,1,Zm00001eb320760,Zm00001eb320760,OS09G0553700 PROTEIN (PTHR34484:SF1),"","",""
675,7,103258353,103258353,1,1,K,2.36631980923746e-09,7-100132936,103258353,FALSE,FarmCPU,,,,,,,
805,8,170419529,170419529,1,1,N,2.38846821846992e-09,8-164784152,170419529,FALSE,BLINK,1,Zm00001eb365680,Zm00001eb365680,HISTONE H3-K79 METHYLTRANSFERASE (PTHR23213:SF368),"",actin cytoskeleton organization(GO:0030036);actin nucleation(GO:0045010),actin binding(GO:0003779);actin filament binding(GO:0051015)
865,9,99851686,99851686,1,1,IVL,2.39293916239673e-09,9-97455942,99851686,FALSE,FarmCPU,,,,,,,
249,3,54445766,54445766,1,1,D,2.40545943301666e-09,3-54542458,54445766,FALSE,BLINK,1,Zm00001eb130190,Zm00001eb130190,PROTEIN FAM91A1 (PTHR28441:SF2),"","",""
582,6,89086555,89086555,1,1,K.Total,2.40722845278176e-09,6-86502101,89086555,FALSE,BLINK,,,,,,,
101,1,262596141,262596141,1,1,G.Total,2.43566985386312e-09,1-258062413,262596141,FALSE,FarmCPU,2,Zm00001eb051800;Zm00001eb051810,Zm00001eb051800,TRANSDUCIN_WD40 REPEAT-LIKE SUPERFAMILY PROTEIN (PTHR19878:SF17),"",autophagosome assembly(GO:0000045);pollen development(GO:0009555),""
47,1,145655709,145655709,1,1,M,2.46302970334212e-09,1-143462194,145655709,FALSE,FarmCPU,,,,,,,
315,3,172485424,172485424,1,1,M.IMNTDK,2.48208206094629e-09,3-169920901,172485424,FALSE,BLINK,,,,,,,
29,1,91691463,91691463,1,1,N.Q,2.48569291083194e-09,1-89717877,91691463,FALSE,FarmCPU,1,Zm00001eb023270,Zm00001eb023270,G2484-1 PROTEIN (PTHR31917:SF9),"","",""
585,6,94236864,94236864,1,1,S.Total,2.55510240358251e-09,6-91799228,94236864,FALSE,BLINK,3,Zm00001eb272450;Zm00001eb272460;Zm00001eb272440,Zm00001eb272450,OS03G0174800 PROTEIN (PTHR36616:SF4),"","",""
873,9,110258068,110258068,1,1,I.LAV,2.5601940432425e-09,9-107683137,110258068,FALSE,BLINK,,,,,,,
524,5,205736300,205736300,1,1,EHPRQ,2.56040671461288e-09,5-200346697,205736300,FALSE,FarmCPU,1,Zm00001eb251010,Zm00001eb251010,SBP (S-RIBONUCLEASE BINDING PROTEIN) FAMILY PROTEIN (PTHR42647:SF5),"","",""
966,10,108878217,108878217,1,1,T,2.56818288897666e-09,10-108176683,108878217,FALSE,FarmCPU,,,,,,,
887,9,130908769,130908769,1,1,L,2.59522415029312e-09,9-128927418,130908769,FALSE,FarmCPU,2,Zm00001eb393630;Zm00001eb393640,Zm00001eb393630,OS10G0535800 PROTEIN (PTHR31152:SF6),"","",""
548,6,4853803,4853803,1,1,T,2.60803174451396e-09,6-4806909,4853803,FALSE,FarmCPU,1,Zm00001eb259830,Zm00001eb259830,"","","",protein kinase activity(GO:0004672);GTPase activator activity(GO:0005096);ATP binding(GO:0005524);metal ion binding(GO:0046872)
749,8,65835852,65835852,1,1,N.Q,2.61029690721942e-09,8-64272930,65835852,FALSE,FarmCPU,,,,,,,
440,4,236629711,236629711,1,1,Total_N,2.6121411441369e-09,4-232097686,236629711,FALSE,FarmCPU,2,Zm00001eb204770;Zm00001eb204780,Zm00001eb204770,"","",mRNA processing(GO:0006397);RNA splicing(GO:0008380),""
484,5,88492434,88492434,1,1,V,2.61889029059938e-09,5-86230856,88492434,FALSE,FarmCPU,,,,,,,
987,10,143600768,143600768,1,1,SGC,2.63661671881353e-09,10-142249926,143600768,FALSE,BLINK,4,Zm00001eb430450;Zm00001eb430460;Zm00001eb430470;Zm00001eb430480,Zm00001eb430450,60S RIBOSOMAL PROTEIN L7-2 (PTHR11524:SF61),ribosomal protein(PC00202),"maturation of LSU-rRNA from tricistronic rRNA transcript (SSU-rRNA, 5.8S rRNA, LSU-rRNA)(GO:0000463)",RNA binding(GO:0003723);structural constituent of ribosome(GO:0003735)
578,6,84451695,84451695,1,1,EHPRQ,2.64500923164369e-09,6-81575280,84451695,FALSE,FarmCPU,4,Zm00001eb271020;Zm00001eb271050;Zm00001eb271030;Zm00001eb271040,Zm00001eb271020,14-3-3-LIKE PROTEIN (PTHR18860:SF89),scaffold/adaptor protein(PC00226),signal transduction(GO:0007165);intracellular protein localization(GO:0008104),""
186,2,152206827,152206827,1,1,EHPRQ,2.66457846023052e-09,2-148268343,152206827,FALSE,BLINK,1,Zm00001eb093350,Zm00001eb093350,"","","",""
420,4,177035685,177035685,1,1,C.Total,2.69420957340844e-09,4-174026315,177035685,FALSE,FarmCPU,,,,,,,
117,1,296918038,296918038,1,1,N.E,2.70938347119408e-09,1-291464355,296918038,FALSE,BLINK,,,,,,,
822,9,5873001,5873001,1,1,Total,2.75646636303466e-09,9-6266202,5873001,FALSE,FarmCPU,,,,,,,
717,7,174844898,174844898,1,1,N,2.76550484819895e-09,7-169307851,174844898,FALSE,FarmCPU,1,Zm00001eb327530,Zm00001eb327530,ALANINE TRANSAMINASE (PTHR11751:SF29),transaminase(PC00216),L-alanine catabolic process(GO:0042853),L-alanine:2-oxoglutarate aminotransferase activity(GO:0004021);transaminase activity(GO:0008483);transferase activity(GO:0016740);pyridoxal phosphate binding(GO:0030170)
974,10,131024486,131024486,1,1,H,2.77673774567908e-09,10-129894632,131024486,FALSE,BLINK,1,Zm00001eb425950,Zm00001eb425950,"","","",""
251,3,55484452,55484452,1,1,K.IMNTDK,2.80872214446512e-09,3-55566499,55484452,FALSE,BLINK,,,,,,,
195,2,184167652,184167652,1,1,N.Q,2.81960662670936e-09,2-179368807,184167652,FALSE,FarmCPU,1,Zm00001eb099200,Zm00001eb099200,CENP-V_GFA DOMAIN-CONTAINING PROTEIN (PTHR28620:SF1),"","",lyase activity(GO:0016829);carbon-sulfur lyase activity(GO:0016846);metal ion binding(GO:0046872)
571,6,60490381,60490381,1,1,P,2.83740915577733e-09,6-57904687,60490381,FALSE,FarmCPU,2,Zm00001eb268150;Zm00001eb268140,Zm00001eb268150,SUBFAMILY NOT NAMED (PTHR35161:SF9),"","",""
725,8,2824582,2824582,1,1,Q,2.86525544985095e-09,8-2674847,2824582,FALSE,FarmCPU,4,Zm00001eb332820;Zm00001eb332830;Zm00001eb332840;Zm00001eb332850,Zm00001eb332820,GALACTOSYLGALACTOSYLXYLOSYLPROTEIN 3-BETA-GLUCURONOSYLTRANSFERASE 3 (PTHR10896:SF65),glycosyltransferase(PC00111),plant-type secondary cell wall biogenesis(GO:0009834);glucuronoxylan biosynthetic process(GO:0010417);cell wall organization(GO:0071555),galactosylgalactosylxylosylprotein 3-beta-glucuronosyltransferase activity(GO:0015018);transferase activity(GO:0016740);glycosyltransferase activity(GO:0016757);xylosyltransferase activity(GO:0042285);metal ion binding(GO:0046872)
622,6,164063266,164063266,1,1,K.Total,2.90698943335143e-09,6-160088488,164063266,FALSE,FarmCPU,,,,,,,
102,1,267119311,267119311,1,1,N,2.91694189560798e-09,1-262368289,267119311,FALSE,FarmCPU,3,Zm00001eb053050;Zm00001eb053040;Zm00001eb053060,Zm00001eb053050,SULFOTRANSFERASE (PTHR11783:SF280),transferase(PC00220),sulfation(GO:0051923),sulfotransferase activity(GO:0008146);transferase activity(GO:0016740)
332,3,203835845,203835845,1,1,SGC,2.94721204834098e-09,3-200022816,203835845,FALSE,FarmCPU,1,Zm00001eb153490,Zm00001eb153490,TR-TYPE G DOMAIN-CONTAINING PROTEIN (PTHR42908:SF8),translation elongation factor(PC00222),translational elongation(GO:0006414),nucleotide binding(GO:0000166);translation elongation factor activity(GO:0003746);GTPase activity(GO:0003924);GTP binding(GO:0005525)
868,9,101777301,101777301,1,1,Q,2.95785504489774e-09,9-99362865,101777301,FALSE,BLINK,,,,,,,
755,8,92539562,92539562,1,1,H,2.96743973004765e-09,8-90198415,92539562,FALSE,FarmCPU,,,,,,,
123,1,305022388,305022388,1,1,K.IMNTDK,3.01105545609979e-09,1-299554935,305022388,TRUE,BLINK+FarmCPU,1,Zm00001eb064450,Zm00001eb064450,PURPLE ACID PHOSPHATASE 13 (PTHR22953:SF15),phosphatase(PC00181),"",""
915,10,2028080,2028080,1,1,N.IMNTDK,3.02047713764272e-09,10-2449397,2028080,FALSE,FarmCPU,3,Zm00001eb405440;Zm00001eb405450;Zm00001eb405460,Zm00001eb405440,UDP-N-ACETYLGLUCOSAMINE TRANSFERASE SUBUNIT ALG14 HOMOLOG (PTHR12154:SF4),transferase(PC00220),"",""
31,1,93639118,93639118,1,1,N.E,3.02073640019499e-09,1-91686517,93639118,FALSE,BLINK,2,Zm00001eb023530;Zm00001eb023540,Zm00001eb023530,QWRF MOTIF-CONTAINING PROTEIN 7 (PTHR31807:SF27),"",spindle assembly(GO:0051225),microtubule binding(GO:0008017)
929,10,25183226,25183226,1,1,D.IMNTDK,3.04081876678998e-09,10-24555162,25183226,FALSE,FarmCPU,,,,,,,
175,2,128355511,128355511,1,1,EHPRQ,3.04442197933001e-09,2-124869470,128355511,FALSE,FarmCPU,,,,,,,
606,6,136997256,136997256,1,1,H,3.07841311736886e-09,6-133133324,136997256,FALSE,FarmCPU,,,,,,,
339,3,216213268,216213268,1,1,IMNTDK,3.09093302589078e-09,3-212583151,216213268,FALSE,BLINK,,,,,,,
885,9,129733445,129733445,1,1,S.Total,3.10996418774364e-09,9-127778020,129733445,FALSE,FarmCPU,2,Zm00001eb393250;Zm00001eb393270,Zm00001eb393250,HEAT SHOCK PROTEIN 104 (PTHR11638:SF18),protease(PC00190),response to heat(GO:0009408);cellular response to heat(GO:0034605);protein refolding(GO:0042026),nucleotide binding(GO:0000166);ATP binding(GO:0005524);ATP hydrolysis activity(GO:0016887)
854,9,79442728,79442728,1,1,V,3.11264076144786e-09,9-77371567,79442728,FALSE,FarmCPU,,,,,,,
1,1,436712,436712,1,1,F,3.13538552587506e-09,1-394087,436712,FALSE,FarmCPU,,,,,,,
630,7,3007756,3007756,1,1,S,3.16445850612679e-09,7-2894570,3007756,FALSE,FarmCPU,3,Zm00001eb299170;Zm00001eb299190;Zm00001eb299200,Zm00001eb299170,FUCOSYLTRANSFERASE (PTHR31889:SF36),transferase(PC00220),xyloglucan biosynthetic process(GO:0009969);cell wall biogenesis(GO:0042546);cell wall organization(GO:0071555),galactoside 2-alpha-L-fucosyltransferase activity(GO:0008107);transferase activity(GO:0016740);glycosyltransferase activity(GO:0016757)
748,8,56533063,56533063,1,1,I,3.1936220550381e-09,8-55379127,56533063,FALSE,FarmCPU,,,,,,,
79,1,216163113,216163113,1,1,N.IMNTDK,3.23256436464756e-09,1-213137026,216163113,FALSE,FarmCPU,2,Zm00001eb041070;Zm00001eb041080,Zm00001eb041070,AP2-EREBP TRANSCRIPTION FACTOR (PTHR32467:SF147),DNA-binding transcription factor(PC00218),regulation of DNA-templated transcription(GO:0006355);regulation of flower development(GO:0009909),DNA binding(GO:0003677);DNA-binding transcription factor activity(GO:0003700)
977,10,133220143,133220143,1,1,SGC,3.2430456926457e-09,10-132030385,133220143,FALSE,FarmCPU,,,,,,,
187,2,154521079,154521079,1,1,Total_PBAA,3.29251108291646e-09,2-150555213,154521079,FALSE,BLINK,,,,,,,
923,10,15953189,15953189,1,1,I,3.31267992478195e-09,10-15636380,15953189,FALSE,FarmCPU,2,Zm00001eb409110;Zm00001eb409120,Zm00001eb409110,"","","",""
584,6,93507408,93507408,1,1,I.Total,3.33358184668834e-09,6-91107306,93507408,FALSE,FarmCPU,1,Zm00001eb272300,Zm00001eb272300,OS06G0716000 PROTEIN (PTHR31730:SF37),"",positive regulation of growth(GO:0045927),""
404,4,140782212,140782212,1,1,N.E,3.33872314109132e-09,4-137700111,140782212,FALSE,BLINK,1,Zm00001eb184410,Zm00001eb184410,SERINE_ARGININE-RICH SPLICING FACTOR RSZ23 (PTHR23147:SF277),RNA splicing factor(PC00148),"regulation of alternative mRNA splicing, via spliceosome(GO:0000381);mRNA splicing, via spliceosome(GO:0000398);mRNA processing(GO:0006397);RNA splicing(GO:0008380)",nucleic acid binding(GO:0003676);RNA binding(GO:0003723);mRNA binding(GO:0003729);zinc ion binding(GO:0008270);metal ion binding(GO:0046872)
709,7,170387368,170387368,1,1,N.Total,3.3923462589966e-09,7-164870102,170387368,FALSE,FarmCPU,1,Zm00001eb325760,Zm00001eb325760,WRKY TRANSCRIPTION FACTOR PROTEIN 1-RELATED (PTHR31221:SF193),DNA-binding transcription factor(PC00218),regulation of DNA-templated transcription(GO:0006355);response to abscisic acid(GO:0009737),transcription cis-regulatory region binding(GO:0000976);DNA binding(GO:0003677);DNA-binding transcription factor activity(GO:0003700);sequence-specific DNA binding(GO:0043565)
994,10,150601593,150601593,1,1,N.IMNTDK,3.39297215478402e-09,10-149289799,150601593,FALSE,FarmCPU,3,Zm00001eb433820;Zm00001eb433810;Zm00001eb433830,Zm00001eb433820,OS04G0678300 PROTEIN (PTHR14221:SF11),"","",""
314,3,172184602,172184602,1,1,I.LAV,3.39990939776434e-09,3-169620556,172184602,FALSE,BLINK,3,Zm00001eb144640;Zm00001eb144650;Zm00001eb144660,Zm00001eb144640,SMALL RIBOSOMAL SUBUNIT PROTEIN MS80 (RPPR6) (PTHR47932:SF6),"","",mRNA binding(GO:0003729)
494,5,126169095,126169095,1,1,SGC,3.40843519593257e-09,5-123026989,126169095,FALSE,FarmCPU,,,,,,,
726,8,3529178,3529178,1,1,IMNTDK,3.41601486038038e-09,8-3298463,3529178,FALSE,FarmCPU,3,Zm00001eb332960;Zm00001eb332970;Zm00001eb332950,Zm00001eb332960,TITAN9 (PTHR35489:SF2),"",developmental process involved in reproduction(GO:0003006),""
95,1,243914740,243914740,1,1,K,3.49016159144472e-09,1-240355454,243914740,FALSE,BLINK,,,,,,,
878,9,119925196,119925196,1,1,T,3.49452592671157e-09,9-118132115,119925196,FALSE,FarmCPU,2,Zm00001eb390940;Zm00001eb390950,Zm00001eb390940,"","","",""
382,4,73657169,73657169,1,1,L.LAV,3.51348272498259e-09,4-70997711,73657169,FALSE,BLINK,,,,,,,
566,6,37341915,37341915,1,1,N.Total,3.57166924077777e-09,6-35736572,37341915,FALSE,BLINK,,,,,,,
833,9,17495592,17495592,1,1,W,3.58105111713564e-09,9-17731619,17495592,FALSE,FarmCPU,,,,,,,
763,8,105687855,105687855,1,1,IMNTDK,3.64698139212063e-09,8-102980603,105687855,FALSE,FarmCPU,1,Zm00001eb349160,Zm00001eb349160,PROTEIN ROOT UVB SENSITIVE 6 (PTHR12770:SF20),"","",""
820,9,3878834,3878834,1,1,K.IMNTDK,3.66392249605422e-09,9-4290969,3878834,FALSE,BLINK,1,Zm00001eb371930,Zm00001eb371930,OS01G0389200 PROTEIN (PTHR31621:SF67),"",endomembrane system organization(GO:0010256),""
611,6,143059497,143059497,1,1,R.EHPRQ,3.69716800352383e-09,6-138876939,143059497,FALSE,BLINK,1,Zm00001eb284120,Zm00001eb284120,"THIOREDOXIN-LIKE 2-2, CHLOROPLASTIC (PTHR43601:SF32)",oxidoreductase(PC00176),cell redox homeostasis(GO:0045454),""
784,8,149293282,149293282,1,1,IMNTDK,3.73551027532817e-09,8-144530447,149293282,TRUE,BLINK+FarmCPU,2,Zm00001eb358720;Zm00001eb358730,Zm00001eb358720,AP-4 COMPLEX SUBUNIT BETA-1 (PTHR11134:SF4),membrane traffic protein(PC00150),"",""
331,3,202863742,202863742,1,1,Q,3.81706132879581e-09,3-200930592,202863742,FALSE,FarmCPU,1,Zm00001eb153200,Zm00001eb153200,MACPF DOMAIN-CONTAINING PROTEIN CAD1 (PTHR33199:SF3),"",defense response(GO:0006952);plant-type hypersensitive response(GO:0009626);programmed cell death(GO:0012501);regulation of salicylic acid mediated signaling pathway(GO:2000031),""
199,2,192024352,192024352,1,1,L,3.82351115108682e-09,2-187084878,192024352,FALSE,BLINK,1,Zm00001eb100970,Zm00001eb100970,PATATIN (PTHR32176:SF120),isomerase(PC00135),lipid metabolic process(GO:0006629);defense response(GO:0006952);lipid catabolic process(GO:0016042),phospholipase activity(GO:0004620);lipase activity(GO:0016298);hydrolase activity(GO:0016787);monoacylglycerol lipase activity(GO:0047372)
930,10,26295996,26295996,1,1,N.IMNTDK,3.82736966092161e-09,10-25665433,26295996,FALSE,FarmCPU,,,,,,,
596,6,119521521,119521521,1,1,K.IMNTDK,3.87660210426033e-09,6-115731005,119521521,FALSE,BLINK,,,,,,,
66,1,185493436,185493436,1,1,W.WFY,3.8950560619842e-09,1-183493854,185493436,FALSE,BLINK,,,,,,,
411,4,157330353,157330353,1,1,I,3.96577626970774e-09,4-153776390,157330353,FALSE,BLINK,,,,,,,
732,8,14148437,14148437,1,1,M,3.97811471083066e-09,8-13782694,14148437,FALSE,FarmCPU,,,,,,,
529,5,211413784,211413784,1,1,N.Q,3.98223188701314e-09,5-205846490,211413784,FALSE,BLINK,1,Zm00001eb252840,Zm00001eb252840,POLLEN-SPECIFIC ARABINOGALACTA PROTEIN BAN102 (PTHR34672:SF9),"","",""
194,2,178520422,178520422,1,1,F,3.99542748883726e-09,2-174338858,178520422,FALSE,FarmCPU,,,,,,,
623,6,165903714,165903714,1,1,I.Total,4.09569304746879e-09,6-161917199,165903714,FALSE,FarmCPU,,,,,,,
413,4,162021265,162021265,1,1,W,4.09688708709163e-09,4-158591514,162021265,FALSE,FarmCPU,2,Zm00001eb187460;Zm00001eb187470,Zm00001eb187460,SBP (S-RIBONUCLEASE BINDING PROTEIN) FAMILY PROTEIN (PTHR42647:SF5),"","",ubiquitin-protein transferase activity(GO:0004842);zinc ion binding(GO:0008270);metal ion binding(GO:0046872)
28,1,91011735,91011735,1,1,I.IMNTDK,4.10683175051987e-09,1-89055934,91011735,FALSE,FarmCPU,,,,,,,
746,8,41615256,41615256,1,1,N.E,4.15305168756644e-09,8-40428522,41615256,FALSE,BLINK,,,,,,,
138,2,12958848,12958848,1,1,Total,4.16694754874798e-09,2-12691821,12958848,FALSE,FarmCPU,2,Zm00001eb071940;Zm00001eb071950,Zm00001eb071940,TPR AND ANKYRIN REPEAT-CONTAINING PROTEIN 1 (PTHR21529:SF4),"","",nucleotide binding(GO:0000166);helicase activity(GO:0004386);ATP binding(GO:0005524);hydrolase activity(GO:0016787)
986,10,142755809,142755809,1,1,W,4.17982741916478e-09,10-141384246,142755809,FALSE,FarmCPU,1,Zm00001eb430120,Zm00001eb430120,"","","",""
292,3,132870669,132870669,1,1,C.Total,4.18292176944919e-09,3-132285016,132870669,FALSE,FarmCPU,1,Zm00001eb137340,Zm00001eb137340,S-TYPE ANION CHANNEL SLAH3 (PTHR31269:SF35),"",monoatomic ion transport(GO:0006811);intracellular monoatomic ion homeostasis(GO:0006873);transmembrane transport(GO:0055085);monoatomic anion transmembrane transport(GO:0098656),voltage-gated monoatomic anion channel activity(GO:0008308)
299,3,139233432,139233432,1,1,T,4.20415845472019e-09,3-138548619,139233432,FALSE,FarmCPU,,,,,,,
714,7,172830583,172830583,1,1,SGC,4.21668893061629e-09,7-167259482,172830583,FALSE,FarmCPU,,,,,,,
941,10,59207249,59207249,1,1,Q.Total,4.24296186149762e-09,10-60075439,59207249,FALSE,BLINK,1,Zm00001eb413150,Zm00001eb413150,POLYADENYLATION AND CLEAVAGE FACTOR HOMOLOG 4 (PTHR15921:SF12),RNA processing factor(PC00147),termination of RNA polymerase II transcription(GO:0006369);mRNA processing(GO:0006397);mRNA 3'-end processing(GO:0031124),RNA polymerase II complex binding(GO:0000993);mRNA binding(GO:0003729)
501,5,143170619,143170619,1,1,N,4.24464561733674e-09,5-139843145,143170619,FALSE,FarmCPU,,,,,,,
150,2,48395550,48395550,1,1,I.LAV,4.25158870382094e-09,2-47072082,48395550,FALSE,BLINK,3,Zm00001eb081910;Zm00001eb081920;Zm00001eb081930,Zm00001eb081910,"NUCLEOSIDE DIPHOSPHATE KINASE III, CHLOROPLASTIC_MITOCHONDRIAL (PTHR11349:SF101)",kinase(PC00137),GTP biosynthetic process(GO:0006183);UTP biosynthetic process(GO:0006228);CTP biosynthetic process(GO:0006241),nucleotide binding(GO:0000166);nucleoside diphosphate kinase activity(GO:0004550);ATP binding(GO:0005524);kinase activity(GO:0016301);transferase activity(GO:0016740)
767,8,112956310,112956310,1,1,N.D,4.26609194923898e-09,8-109816906,112956310,FALSE,FarmCPU,,,,,,,
515,5,188141540,188141540,1,1,N.Q,4.29346144609239e-09,5-183533475,188141540,FALSE,BLINK,2,Zm00001eb247140;Zm00001eb247150,Zm00001eb247140,OS02G0616100 PROTEIN (PTHR32093:SF159),"","",""
257,3,60482660,60482660,1,1,I,4.30413357022469e-09,3-60446937,60482660,FALSE,BLINK,,,,,,,
779,8,133665875,133665875,1,1,Q,4.32641901342681e-09,8-129308440,133665875,FALSE,FarmCPU,,,,,,,
183,2,148249479,148249479,1,1,S.Total,4.43452872699226e-09,2-144393156,148249479,FALSE,FarmCPU,,,,,,,
381,4,73545814,73545814,1,1,H,4.47883757882626e-09,4-70875710,73545814,FALSE,FarmCPU,1,Zm00001eb178220,Zm00001eb178220,TWO-COMPONENT RESPONSE REGULATOR ORR8 (PTHR43874:SF33),winged helix/forkhead transcription factor(PC00246),phosphorelay signal transduction system(GO:0000160);cytokinin-activated signaling pathway(GO:0009736),""
149,2,48291778,48291778,1,1,H,4.48045897671818e-09,2-46980390,48291778,TRUE,BLINK+FarmCPU,1,Zm00001eb081900,Zm00001eb081900,MLO-LIKE PROTEIN (PTHR31942:SF68),"",defense response(GO:0006952),calmodulin binding(GO:0005516)
380,4,72162869,72162869,1,1,E.Total,4.57870082199482e-09,4-69492549,72162869,FALSE,FarmCPU,,,,,,,
666,7,80578059,80578059,1,1,N.E,4.69011468833237e-09,7-77915124,80578059,FALSE,FarmCPU,2,Zm00001eb308740;Zm00001eb308750,Zm00001eb308740,"","","",""
848,9,68719740,68719740,1,1,S.Total,4.71306457628055e-09,9-62448735,68719740,FALSE,FarmCPU,,,,,,,
801,8,166622121,166622121,1,1,G,4.73981073647496e-09,8-161172166,166622121,FALSE,FarmCPU,9,Zm00001eb363860;Zm00001eb363880;Zm00001eb363890;Zm00001eb363910;Zm00001eb363940;Zm00001eb363870;Zm00001eb363900;Zm00001eb363920;Zm00001eb363930,Zm00001eb363860,ATP-DEPENDENT RNA HELICASE DHX33 (PTHR18934:SF118),RNA helicase(PC00032),mRNA processing(GO:0006397);RNA splicing(GO:0008380);regulation of RNA splicing(GO:0043484);positive regulation of transcription by RNA polymerase I(GO:0045943),nucleotide binding(GO:0000166);nucleic acid binding(GO:0003676);RNA helicase activity(GO:0003724);double-stranded RNA binding(GO:0003725);helicase activity(GO:0004386);ATP binding(GO:0005524);hydrolase activity(GO:0016787)
9,1,25721841,25721841,1,1,C.Total,4.77281880922348e-09,1-25376187,25721841,FALSE,FarmCPU,1,Zm00001eb008520,Zm00001eb008520,OS03G0212400 PROTEIN (PTHR19305:SF29),SNARE protein(PC00034),protein transport(GO:0015031);vesicle-mediated transport(GO:0016192);membrane fusion(GO:0061025),SNAP receptor activity(GO:0005484)
910,9,156893486,156893486,1,1,F,4.78755194438945e-09,9-154011317,156893486,FALSE,FarmCPU,2,Zm00001eb401790;Zm00001eb401800,Zm00001eb401790,PROTEASOME SUBUNIT ALPHA TYPE-6 (PTHR11599:SF11),protease(PC00190),ubiquitin-dependent protein catabolic process(GO:0006511);proteasome-mediated ubiquitin-dependent protein catabolic process(GO:0043161);proteolysis involved in protein catabolic process(GO:0051603),""
684,7,115480844,115480844,1,1,S.Total,4.7937304029825e-09,7-112243522,115480844,FALSE,FarmCPU,,,,,,,
954,10,85735179,85735179,1,1,D.IMNTDK,4.81621009121312e-09,10-85759485,85735179,FALSE,BLINK,4,Zm00001eb416920;Zm00001eb416940;Zm00001eb416950;Zm00001eb416930,Zm00001eb416920,LEUCINE-RICH REPEAT-CONTAINING N-TERMINAL PLANT-TYPE DOMAIN-CONTAINING PROTEIN (PTHR48061:SF14),transmembrane signal receptor(PC00197),brassinosteroid mediated signaling pathway(GO:0009742),""
733,8,14353966,14353966,1,1,I.Total,4.84919465002287e-09,8-13977777,14353966,FALSE,FarmCPU,1,Zm00001eb335730,Zm00001eb335730,"","","",""
166,2,104142188,104142188,1,1,R.EHPRQ,4.85357089691676e-09,2-101875194,104142188,FALSE,BLINK,1,Zm00001eb087880,Zm00001eb087880,"","","",""
347,3,229323284,229323284,1,1,N,4.98536860633123e-09,3-225607632,229323284,FALSE,FarmCPU,4,Zm00001eb161460;Zm00001eb161470;Zm00001eb161480;Zm00001eb161490,Zm00001eb161460,MYB-RELATED TRANSCRIPTION FACTOR (PTHR44191:SF79),homeodomain transcription factor(PC00119),regulation of DNA-templated transcription(GO:0006355);response to ethylene(GO:0009723);response to gibberellin(GO:0009739);response to sucrose(GO:0009744),DNA binding(GO:0003677);DNA-binding transcription factor activity(GO:0003700)
74,1,208723016,208723016,1,1,I.IMNTDK,4.98663966115682e-09,1-205931169,208723016,FALSE,FarmCPU,3,Zm00001eb039240;Zm00001eb039250;Zm00001eb039260,Zm00001eb039240,AMINO ACID TRANSPORTER TRANSMEMBRANE DOMAIN-CONTAINING PROTEIN (PTHR48017:SF53),"",amino acid transmembrane transport(GO:0003333);amino acid transport(GO:0006865),amino acid transmembrane transporter activity(GO:0015171)
879,9,121579333,121579333,1,1,S,5.04225067838683e-09,9-120095178,121579333,FALSE,FarmCPU,1,Zm00001eb391360,Zm00001eb391360,BETA-EXPANSIN 1A (PTHR31692:SF110),"",cell wall organization(GO:0071555),""
407,4,147113718,147113718,1,1,WFY,5.05663281893544e-09,4-143831095,147113718,FALSE,FarmCPU,,,,,,,
363,4,20656056,20656056,1,1,G,5.08499494568159e-09,4-19478215,20656056,FALSE,FarmCPU,,,,,,,
731,8,10291427,10291427,1,1,Total,5.15380326236585e-09,8-9921211,10291427,FALSE,FarmCPU,1,Zm00001eb334740,Zm00001eb334740,"FRUCTOSE-BISPHOSPHATE ALDOLASE 3, CHLOROPLASTIC (PTHR11627:SF75)",aldolase(PC00044),"",""
198,2,191023090,191023090,1,1,R.EHPRQ,5.17224402796269e-09,2-186085943,191023090,FALSE,FarmCPU,,,,,,,
757,8,94991871,94991871,1,1,I.IVL,5.19113317559167e-09,8-92690558,94991871,FALSE,BLINK,1,Zm00001eb347360,Zm00001eb347360,UNE1 (PTHR31161:SF15),"",response to red or far red light(GO:0009639);negative gravitropism(GO:0009959),""
750,8,72253605,72253605,1,1,WFY,5.23649247418926e-09,8-70652967,72253605,FALSE,BLINK,3,Zm00001eb343930;Zm00001eb343950;Zm00001eb343940,Zm00001eb343930,RNA POLYMERASE II DEGRADATION FACTOR-LIKE PROTEIN (DUF1296)-RELATED (PTHR46445:SF3),"","",""
119,1,297581104,297581104,1,1,N.IMNTDK,5.31539104250887e-09,1-292139064,297581104,FALSE,FarmCPU,2,Zm00001eb061760;Zm00001eb061770,Zm00001eb061760,40S RIBOSOMAL PROTEIN S2 (PTHR13718:SF4),ribosomal protein(PC00202),translation(GO:0006412),RNA binding(GO:0003723);mRNA binding(GO:0003729);structural constituent of ribosome(GO:0003735)
866,9,100459401,100459401,1,1,N,5.34527622451042e-09,9-98043271,100459401,FALSE,FarmCPU,1,Zm00001eb387180,Zm00001eb387180,"","","",""
971,10,129361017,129361017,1,1,Q.EHPRQ,5.38634553416022e-09,10-128236517,129361017,FALSE,FarmCPU,1,Zm00001eb425380,Zm00001eb425380,OS02G0129000 PROTEIN (PTHR33144:SF16),"","",""
135,2,10186054,10186054,1,1,N,5.38667000172179e-09,2-10002419,10186054,FALSE,BLINK,,,,,,,
643,7,23028357,23028357,1,1,N.E,5.41879102243112e-09,7-21972203,23028357,FALSE,FarmCPU,1,Zm00001eb303830,Zm00001eb303830,OS07G0236800 PROTEIN (PTHR10476:SF12),membrane traffic protein(PC00150),vacuolar transport(GO:0007034);protein transport(GO:0015031);endosome transport via multivesicular body sorting pathway(GO:0032509);late endosome to vacuole transport(GO:0045324),""
669,7,87104262,87104262,1,1,G,5.58584606974372e-09,7-84247696,87104262,FALSE,BLINK,,,,,,,
536,5,216732452,216732452,1,1,I.IVL,5.60659965336104e-09,5-210916277,216732452,FALSE,BLINK,4,Zm00001eb255310;Zm00001eb255320;Zm00001eb255340;Zm00001eb255330,Zm00001eb255310,"OUTER ENVELOPE PROTEIN 64, MITOCHONDRIAL (PTHR46310:SF4)","",protein targeting to mitochondrion(GO:0006626);protein import into mitochondrial matrix(GO:0030150),""
164,2,98535379,98535379,1,1,G,5.61822532370267e-09,2-96375660,98535379,FALSE,FarmCPU,,,,,,,
384,4,75356996,75356996,1,1,S.Total,5.63692264348562e-09,4-72662689,75356996,FALSE,FarmCPU,,,,,,,
165,2,101198796,101198796,1,1,S.Total,5.70398797075931e-09,2-99021325,101198796,FALSE,FarmCPU,1,Zm00001eb087650,Zm00001eb087650,ELECTRON TRANSFER FLAVOPROTEIN SUBUNIT BETA (PTHR21294:SF8),oxidoreductase(PC00176),fatty acid beta-oxidation using acyl-CoA dehydrogenase(GO:0033539);carboxylic acid catabolic process(GO:0046395),electron transfer activity(GO:0009055)
409,4,155667471,155667471,1,1,IVL,5.72578311566724e-09,4-152139835,155667471,FALSE,FarmCPU,,,,,,,
568,6,41141606,41141606,1,1,P,5.77647755338265e-09,6-39530909,41141606,FALSE,FarmCPU,,,,,,,
286,3,120122847,120122847,1,1,LAV,5.82056923358816e-09,3-119944901,120122847,FALSE,FarmCPU,,,,,,,
964,10,108637487,108637487,1,1,H,5.82183522811738e-09,10-107945623,108637487,FALSE,BLINK,,,,,,,
394,4,106114656,106114656,1,1,IMNTDK,5.84796964719934e-09,4-98228010,106114656,FALSE,FarmCPU,,,,,,,
185,2,149548960,149548960,1,1,IVL,5.91660591319292e-09,2-145617631,149548960,FALSE,FarmCPU,1,Zm00001eb092950,Zm00001eb092950,"","","",""
795,8,160384411,160384411,1,1,I,5.93644938689675e-09,8-155126482,160384411,FALSE,FarmCPU,,,,,,,
724,8,1483612,1483612,1,1,N.Q,5.94447288557418e-09,8-1324783,1483612,FALSE,FarmCPU,2,Zm00001eb332460;Zm00001eb332470,Zm00001eb332460,GERMIN-LIKE PROTEIN 1-1 (PTHR31238:SF36),"",plasmodesmata-mediated intercellular transport(GO:0010497);regulation of root development(GO:2000280),manganese ion binding(GO:0030145);metal ion binding(GO:0046872)
92,1,238774429,238774429,1,1,Q.EHPRQ,5.94662309608336e-09,1-235394414,238774429,FALSE,BLINK,,,,,,,
921,10,11855458,11855458,1,1,N.Total,5.96335043677182e-09,10-11753679_3,11855458,FALSE,BLINK,,,,,,,
911,9,157674042,157674042,1,1,WFY,5.96836997459576e-09,9-154773766,157674042,FALSE,FarmCPU,1,Zm00001eb402200,Zm00001eb402200,SUCROSE TRANSPORT PROTEIN SUT1 (PTHR19432:SF64),secondary carrier transporter(PC00258),sucrose metabolic process(GO:0005985);sucrose transport(GO:0015770);transmembrane transport(GO:0055085),sucrose:proton symporter activity(GO:0008506);sucrose transmembrane transporter activity(GO:0008515);symporter activity(GO:0015293)
528,5,210577283,210577283,1,1,H,5.98987722489224e-09,5-205002106,210577283,FALSE,FarmCPU,2,Zm00001eb252620;Zm00001eb252610,Zm00001eb252620,PROTEIN BOULE (PTHR11176:SF57),RNA metabolism protein(PC00031),"",nucleic acid binding(GO:0003676);RNA binding(GO:0003723)
600,6,124824354,124824354,1,1,D.IMNTDK,6.03478748250654e-09,6-121038200,124824354,FALSE,FarmCPU,,,,,,,
961,10,95622844,95622844,1,1,IMNTDK,6.12346638545139e-09,10-95393475,95622844,FALSE,FarmCPU,1,Zm00001eb418600,Zm00001eb418600,DUF642 DOMAIN-CONTAINING PROTEIN (PTHR31676:SF182),"","",""
775,8,129481938,129481938,1,1,SGC,6.25928635946791e-09,8-125215279,129481938,FALSE,FarmCPU,,,,,,,
91,1,238478445,238478445,1,1,N.D,6.26679812993915e-09,1-235107844,238478445,FALSE,BLINK,,,,,,,
209,2,216679985,216679985,1,1,S,6.27323832171548e-09,2-210485704,216679985,FALSE,FarmCPU,3,Zm00001eb108590;Zm00001eb108600;Zm00001eb108610,Zm00001eb108590,AGENET DOMAIN-CONTAINING PROTEIN (PTHR36805:SF7),"","",""
141,2,16461910,16461910,1,1,C.SGC,6.35451444866835e-09,2-16048647,16461910,FALSE,BLINK,,,,,,,
268,3,76970089,76970089,1,1,D.IMNTDK,6.3865787942129e-09,3-76728066,76970089,FALSE,FarmCPU,,,,,,,
641,7,20726899,20726899,1,1,K,6.40784331264156e-09,7-19867116,20726899,FALSE,FarmCPU,,,,,,,
953,10,80063562,80063562,1,1,EHPRQ,6.47360935430874e-09,10-80660047,80063562,FALSE,FarmCPU,1,Zm00001eb415870,Zm00001eb415870,NAC DOMAIN TRANSCRIPTION FACTOR SUPERFAMILY PROTEIN-RELATED (PTHR31989:SF99),"",regulation of DNA-templated transcription(GO:0006355),DNA binding(GO:0003677)
843,9,36688796,36688796,1,1,C.SGC,6.54416957676528e-09,9-36225309,36688796,FALSE,BLINK,2,Zm00001eb380300;Zm00001eb380310,Zm00001eb380300,SENESCENCE-SPECIFIC CYSTEINE PROTEASE SAG39 (PTHR12411:SF813),cysteine protease(PC00081),proteolysis(GO:0006508);proteolysis involved in protein catabolic process(GO:0051603),cysteine-type endopeptidase activity(GO:0004197);peptidase activity(GO:0008233);cysteine-type peptidase activity(GO:0008234);hydrolase activity(GO:0016787)
103,1,267645607,267645607,1,1,I,6.55699383975588e-09,1-262875694,267645607,FALSE,FarmCPU,2,Zm00001eb053220;Zm00001eb053230,Zm00001eb053220,OS03G0687000 PROTEIN (PTHR11654:SF589),transporter(PC00227),"",""
162,2,90783736,90783736,1,1,N.D,6.61622178363007e-09,2-89020057,90783736,FALSE,FarmCPU,,,,,,,
239,3,14234348,14234348,1,1,E,6.63839273703046e-09,3-14951228,14234348,FALSE,FarmCPU,,,,,,,
889,9,138696036,138696036,1,1,N.E,6.74755819798969e-09,9-136384685,138696036,FALSE,FarmCPU,,,,,,,
308,3,158427130,158427130,1,1,A.Total,6.78783206512202e-09,3-156836273,158427130,FALSE,BLINK,,,,,,,
301,3,147808729,147808729,1,1,F.Total,6.81977116565937e-09,3-146714764,147808729,FALSE,BLINK,2,Zm00001eb140150;Zm00001eb140160,Zm00001eb140150,PROTEIN FAM32A (PTHR13282:SF17),"","",""
419,4,173736791,173736791,1,1,I.IMNTDK,6.8512364037691e-09,4-170758135,173736791,FALSE,FarmCPU,,,,,,,
352,4,2591170,2591170,1,1,Y,6.9210893009743e-09,4-2039676,2591170,FALSE,FarmCPU,1,Zm00001eb164910,Zm00001eb164910,"","",defense response(GO:0006952),nucleotide binding(GO:0000166);ADP binding(GO:0043531)
62,1,177925122,177925122,1,1,K.IMNTDK,6.93020593923679e-09,1-175995144,177925122,FALSE,FarmCPU,1,Zm00001eb031760,Zm00001eb031760,PROTEIN KINASE PINOID (PTHR45637:SF6),"",flower development(GO:0009908);root development(GO:0048364);shoot system development(GO:0048367),nucleotide binding(GO:0000166);protein kinase activity(GO:0004672);protein serine/threonine kinase activity(GO:0004674);protein binding(GO:0005515);ATP binding(GO:0005524);kinase activity(GO:0016301);transferase activity(GO:0016740)
834,9,18933506,18933506,1,1,S,6.93121932775884e-09,9-19032624,18933506,FALSE,FarmCPU,,,,,,,
945,10,64799085,64799085,1,1,E,7.0028412014454e-09,10-65609024,64799085,FALSE,FarmCPU,,,,,,,
490,5,101600591,101600591,1,1,N.Total,7.06479833561141e-09,5-99134399,101600591,FALSE,FarmCPU,1,Zm00001eb234750,Zm00001eb234750,UDP-GLYCOSYLTRANSFERASE 84A1 (PTHR11926:SF986),transferase(PC00220),"",UDP-glycosyltransferase activity(GO:0008194);transferase activity(GO:0016740);glycosyltransferase activity(GO:0016757);hexosyltransferase activity(GO:0016758);quercetin 3-O-glucosyltransferase activity(GO:0080043);quercetin 7-O-glucosyltransferase activity(GO:0080044)
507,5,166725023,166725023,1,1,R.Total,7.08621553772413e-09,5-162877357,166725023,FALSE,BLINK,,,,,,,
984,10,142160562,142160562,1,1,D.IMNTDK,7.16627821457231e-09,10-140803333,142160562,FALSE,FarmCPU,4,Zm00001eb429900;Zm00001eb429910;Zm00001eb429920;Zm00001eb429930,Zm00001eb429900,OS04G0592400 PROTEIN (PTHR23160:SF6),actin binding motor protein(PC00040),reciprocal meiotic recombination(GO:0007131),""
963,10,100884292,100884292,1,1,N.E,7.29255829034795e-09,10-100376428,100884292,FALSE,FarmCPU,,,,,,,
134,2,9725847,9725847,1,1,SGC,7.29537057965088e-09,2-9552532,9725847,FALSE,FarmCPU,1,Zm00001eb070440,Zm00001eb070440,"","","",""
567,6,40713684,40713684,1,1,F.WFY,7.36781847098925e-09,6-38937621,40713684,FALSE,BLINK,,,,,,,
883,9,129003121,129003121,1,1,M,7.57062007427943e-09,9-127205436,129003121,FALSE,FarmCPU,2,Zm00001eb393100;Zm00001eb393090,Zm00001eb393100,OS01G0607900 PROTEIN (PTHR48010:SF55),"","",nucleotide binding(GO:0000166);protein kinase activity(GO:0004672);ATP binding(GO:0005524)
379,4,71700034,71700034,1,1,W,7.596915279308e-09,4-69025877,71700034,FALSE,FarmCPU,1,Zm00001eb178040,Zm00001eb178040,E3 UBIQUITIN-PROTEIN LIGASE XBOS35-RELATED (PTHR24128:SF41),homeodomain transcription factor(PC00119),"",""
256,3,60103394,60103394,1,1,I.IMNTDK,7.62346427900238e-09,3-60071897,60103394,FALSE,FarmCPU,,,,,,,
846,9,60716013,60716013,1,1,R.Total,7.64188818511137e-09,9-70215746,60716013,FALSE,BLINK,,,,,,,
173,2,121828735,121828735,1,1,Total,7.67499108016928e-09,2-118529942,121828735,FALSE,FarmCPU,2,Zm00001eb090140;Zm00001eb090160,Zm00001eb090140,"","","",""
68,1,197077550,197077550,1,1,I.IMNTDK,7.69659207198742e-09,1-194721545,197077550,FALSE,FarmCPU,2,Zm00001eb036220;Zm00001eb036230,Zm00001eb036220,UDP-GLUCURONATE 4-EPIMERASE 6 (PTHR43574:SF28),epimerase/racemase(PC00096),galacturonate biosynthetic process(GO:0033481),isomerase activity(GO:0016853);racemase and epimerase activity(GO:0016854);UDP-glucuronate 4-epimerase activity(GO:0050378)
874,9,110607045,110607045,1,1,SGC,7.7166794111319e-09,9-108044554,110607045,FALSE,BLINK,,,,,,,
118,1,297386490,297386490,1,1,C,7.76607384909826e-09,1-291941684,297386490,FALSE,FarmCPU,1,Zm00001eb061650,Zm00001eb061650,PROTEIN TIFY (PTHR33077:SF143),"",response to wounding(GO:0009611);regulation of defense response(GO:0031347);regulation of jasmonic acid mediated signaling pathway(GO:2000022),""
493,5,117640611,117640611,1,1,L,7.77333681874432e-09,5-114798088,117640611,FALSE,FarmCPU,,,,,,,
598,6,124475957,124475957,1,1,N.D,7.86437499770539e-09,6-120773887,124475957,FALSE,FarmCPU,1,Zm00001eb279810,Zm00001eb279810,UREA ACTIVE TRANSPORTER (PTHR46154:SF4),"",transmembrane transport(GO:0055085);urea transmembrane transport(GO:0071918),urea transmembrane transporter activity(GO:0015204);transmembrane transporter activity(GO:0022857)
367,4,32890298,32890298,1,1,N.Q,7.9061537809614e-09,4-31335479,32890298,FALSE,FarmCPU,,,,,,,
323,3,185096942,185096942,1,1,Q,8.0447243140167e-09,3-182229443,185096942,FALSE,FarmCPU,2,Zm00001eb148130;Zm00001eb148140,Zm00001eb148130,PROTEIN PHOSPHATASE 2C 9-RELATED (PTHR47992:SF248),protein phosphatase(PC00195),regulation of intracellular signal transduction(GO:1902531),phosphoprotein phosphatase activity(GO:0004721);protein serine/threonine phosphatase activity(GO:0004722);hydrolase activity(GO:0016787);cation binding(GO:0043169);metal ion binding(GO:0046872)
719,7,175991165,175991165,1,1,D,8.05635890465092e-09,7-170427582,175991165,FALSE,FarmCPU,2,Zm00001eb327900;Zm00001eb327910,Zm00001eb327900,TREHALOSE-PHOSPHATE PHOSPHATASE 3-RELATED (PTHR43768:SF7),phosphatase(PC00181),trehalose biosynthetic process(GO:0005992),trehalose-phosphatase activity(GO:0004805);hydrolase activity(GO:0016787)
922,10,12732555,12732555,1,1,N.Total,8.06562648106104e-09,10-12614691_3,12732555,FALSE,BLINK,,,,,,,
448,5,1765012,1765012,1,1,L,8.34158492927297e-09,5-1728235,1765012,FALSE,FarmCPU,2,Zm00001eb210990;Zm00001eb211000,Zm00001eb210990,NAC DOMAIN TRANSCRIPTION FACTOR SUPERFAMILY PROTEIN-RELATED (PTHR31989:SF490),"",regulation of DNA-templated transcription(GO:0006355),DNA binding(GO:0003677)
300,3,140389197,140389197,1,1,E,8.38772931519166e-09,3-139700320,140389197,FALSE,FarmCPU,2,Zm00001eb138700;Zm00001eb138710,Zm00001eb138700,PEROXIDASE (PTHR31235:SF21),peroxidase(PC00180),"",""
793,8,157263627,157263627,1,1,N.D,8.40475292271891e-09,8-152128161,157263627,FALSE,FarmCPU,1,Zm00001eb361010,Zm00001eb361010,OS01G0701900 PROTEIN (PTHR45657:SF7),"",post-Golgi vesicle-mediated transport(GO:0006892);protein transport(GO:0015031);phospholipid transport(GO:0015914);intermembrane lipid transfer(GO:0120009),phosphatidylinositol transfer activity(GO:0008526)
436,4,217460539,217460539,1,1,S.Total,8.60140613470649e-09,4-213937678,217460539,FALSE,FarmCPU,1,Zm00001eb201850,Zm00001eb201850,EXPRESSED PROTEIN (PTHR36885:SF1),"","",""
205,2,198518411,198518411,1,1,N.E,8.61695972044128e-09,2-193433554,198518411,FALSE,FarmCPU,1,Zm00001eb102550,Zm00001eb102550,"PYRUVATE DEHYDROGENASE E1 COMPONENT SUBUNIT BETA, MITOCHONDRIAL (PTHR11624:SF96)",dehydrogenase(PC00092),"",""
975,10,131238398,131238398,1,1,P,8.6529714947788e-09,10-130097133,131238398,FALSE,FarmCPU,5,Zm00001eb426040;Zm00001eb426000;Zm00001eb426010;Zm00001eb426020;Zm00001eb426030,Zm00001eb426040,AC-LIKE TRANSPOSASE-RELATED (PTHR45749:SF35),"","",""
144,2,24114772,24114772,1,1,R.EHPRQ,8.67574867237169e-09,2-23469509,24114772,FALSE,FarmCPU,1,Zm00001eb075500,Zm00001eb075500,SNF1-ACTIVATING KINASE 1 (PTHR24343:SF330),non-receptor serine/threonine protein kinase(PC00167),response to virus(GO:0009615);regulation of cell cycle(GO:0051726),nucleotide binding(GO:0000166);protein kinase activity(GO:0004672);protein serine/threonine kinase activity(GO:0004674);ATP binding(GO:0005524);kinase activity(GO:0016301);transferase activity(GO:0016740)
220,2,229927612,229927612,1,1,R.EHPRQ,8.71348260517976e-09,2-223535021,229927612,FALSE,FarmCPU,4,Zm00001eb113280;Zm00001eb113290;Zm00001eb113250;Zm00001eb113260,Zm00001eb113280,N-ALPHA-ACETYLTRANSFERASE 30 (PTHR45896:SF1),acetyltransferase(PC00038),"","protein-N-terminal amino-acid acetyltransferase activity(GO:0004596);transferase activity(GO:0016740);acyltransferase activity(GO:0016746);acyltransferase activity, transferring groups other than amino-acyl groups(GO:0016747)"
368,4,43121275,43121275,1,1,D.IMNTDK,8.72275953404616e-09,4-41407096,43121275,FALSE,FarmCPU,1,Zm00001eb174550,Zm00001eb174550,OS08G0521400 PROTEIN (PTHR23111:SF35),"","",mRNA binding(GO:0003729);zinc ion binding(GO:0008270);metal ion binding(GO:0046872)
550,6,10251438,10251438,1,1,K.IMNTDK,8.73776725946063e-09,6-9833790,10251438,FALSE,BLINK,,,,,,,
540,5,220156024,220156024,1,1,S,8.74526350997143e-09,5-214329130,220156024,FALSE,FarmCPU,5,Zm00001eb256770;Zm00001eb256780;Zm00001eb256820;Zm00001eb256800;Zm00001eb256810,Zm00001eb256770,METAL-NICOTIANAMINE TRANSPORTER YSL13-RELATED (PTHR31645:SF6),transporter(PC00227),oligopeptide transmembrane transport(GO:0035672),oligopeptide transmembrane transporter activity(GO:0035673)
224,2,238192220,238192220,1,1,N,8.77779015809648e-09,2-232001309,238192220,FALSE,FarmCPU,1,Zm00001eb116210,Zm00001eb116210,"","","",protein dimerization activity(GO:0046983)
192,2,168998312,168998312,1,1,IMNTDK,8.80506979906654e-09,2-164937677,168998312,FALSE,FarmCPU,1,Zm00001eb095800,Zm00001eb095800,ALPHA_BETA-HYDROLASES SUPERFAMILY PROTEIN (PTHR47418:SF1),hydrolase(PC00121),lipid metabolic process(GO:0006629),""
713,7,172009639,172009639,1,1,EHPRQ,8.82085769447842e-09,7-166435507,172009639,FALSE,FarmCPU,2,Zm00001eb326610;Zm00001eb326620,Zm00001eb326610,FORMIN-LIKE PROTEIN 15A-RELATED (PTHR45733:SF10),"","",phosphoprotein phosphatase activity(GO:0004721)
44,1,124182310,124182310,1,1,K.IMNTDK,8.90572614541553e-09,1-122260211,124182310,FALSE,FarmCPU,,,,,,,
663,7,77894197,77894197,1,1,WFY,8.95862147907258e-09,7-75379736,77894197,FALSE,FarmCPU,,,,,,,
661,7,73261720,73261720,1,1,I,9.05700084847049e-09,7-71047872,73261720,FALSE,FarmCPU,,,,,,,
3,1,2629840,2629840,1,1,W,9.11413963852314e-09,1-2536526,2629840,FALSE,FarmCPU,2,Zm00001eb000620;Zm00001eb000630,Zm00001eb000620,"PHOSPHOGLUCAN PHOSPHATASE DSP4, CHLOROPLASTIC (PTHR46642:SF3)",protein phosphatase(PC00195),starch metabolic process(GO:0005982);starch catabolic process(GO:0005983);glucan metabolic process(GO:0044042),phosphoprotein phosphatase activity(GO:0004721);hydrolase activity(GO:0016787);carbohydrate phosphatase activity(GO:0019203);polysaccharide binding(GO:0030247);amylopectin binding(GO:2001066);starch binding(GO:2001070)
116,1,296620633,296620633,1,1,Total_PBAA,9.14233175445027e-09,1-291197690,296620633,FALSE,BLINK,1,Zm00001eb061370,Zm00001eb061370,PROTEIN NO VEIN (PTHR32387:SF0),"",embryo development ending in seed dormancy(GO:0009793);leaf vascular tissue pattern formation(GO:0010305);root development(GO:0048364),kinase activity(GO:0016301)
84,1,222404541,222404541,1,1,IMNTDK,9.170419356627e-09,1-219234116,222404541,FALSE,FarmCPU,1,Zm00001eb042230,Zm00001eb042230,OS08G0408200 PROTEIN (PTHR43991:SF30),"","",""
151,2,51505192,51505192,1,1,N.D,9.19843541170541e-09,2-50367562,51505192,FALSE,FarmCPU,,,,,,,
956,10,89246548,89246548,1,1,I.IVL,9.26688531489449e-09,10-89100465,89246548,FALSE,BLINK,,,,,,,
968,10,116642926,116642926,1,1,C.Total,9.32767499198154e-09,10-115632059,116642926,FALSE,FarmCPU,1,Zm00001eb421910,Zm00001eb421910,PROTEIN BIC1 (PTHR34207:SF2),"",blue light signaling pathway(GO:0009785),""
572,6,62814296,62814296,1,1,Q.EHPRQ,9.32910104955019e-09,6-60196610,62814296,FALSE,BLINK,,,,,,,
651,7,41782416,41782416,1,1,IMNTDK,9.35860033167775e-09,7-40317486,41782416,FALSE,BLINK,,,,,,,
525,5,207736481,207736481,1,1,N,9.40665039055462e-09,5-202345054,207736481,FALSE,FarmCPU,1,Zm00001eb251610,Zm00001eb251610,LARGE RIBOSOMAL SUBUNIT PROTEIN UL11 (PTHR11661:SF2),ribosomal protein(PC00202),translation(GO:0006412),structural constituent of ribosome(GO:0003735);large ribosomal subunit rRNA binding(GO:0070180)
390,4,91140363,91140363,1,1,M,9.44454695543289e-09,4-87765849,91140363,FALSE,BLINK,1,Zm00001eb180150,Zm00001eb180150,PHOSPHOLIPASE D (PTHR18896:SF61),phospholipase(PC00186),lipid metabolic process(GO:0006629);phospholipid catabolic process(GO:0009395);lipid catabolic process(GO:0016042),catalytic activity(GO:0003824);phospholipase D activity(GO:0004630);hydrolase activity(GO:0016787);metal ion binding(GO:0046872)
799,8,164858273,164858273,1,1,M,9.48967081101366e-09,8-159498258,164858273,FALSE,FarmCPU,,,,,,,
520,5,202887703,202887703,1,1,L,9.62297647970189e-09,5-197663622,202887703,FALSE,BLINK,,,,,,,
330,3,192365679,192365679,1,1,C.Total,9.68157526270069e-09,3-189528140,192365679,FALSE,FarmCPU,3,Zm00001eb150340;Zm00001eb150330;Zm00001eb150350,Zm00001eb150340,CALCIUM-DEPENDENT PROTEIN KINASE 2 (PTHR24349:SF353),non-receptor serine/threonine protein kinase(PC00167),intracellular signal transduction(GO:0035556),nucleotide binding(GO:0000166);protein kinase activity(GO:0004672);protein serine/threonine kinase activity(GO:0004674);calcium/calmodulin-dependent protein kinase activity(GO:0004683);calcium ion binding(GO:0005509);calmodulin binding(GO:0005516);ATP binding(GO:0005524);calcium-dependent protein serine/threonine kinase activity(GO:0009931);kinase activity(GO:0016301);transferase activity(GO:0016740);metal ion binding(GO:0046872)
421,4,179538778,179538778,1,1,Total_PBAA,9.78087877583262e-09,4-176531728,179538778,FALSE,BLINK,,,,,,,
817,9,1007234,1007234,1,1,S,9.83578627425226e-09,9-1330380,1007234,FALSE,FarmCPU,,,,,,,
518,5,198245008,198245008,1,1,R.Total,9.84721048014435e-09,5-192900027,198245008,FALSE,FarmCPU,2,Zm00001eb250120;Zm00001eb250130,Zm00001eb250120,DEHYDRIN ERD14 (PTHR33346:SF2),"",response to water deprivation(GO:0009414);response to water(GO:0009415);cold acclimation(GO:0009631);response to abscisic acid(GO:0009737),""
527,5,209540653,209540653,1,1,K,9.86662535557909e-09,5-204149072,209540653,FALSE,BLINK,2,Zm00001eb252240;Zm00001eb252250,Zm00001eb252240,CARBAMOYL-PHOSPHATE SYNTHASE ARGININE-SPECIFIC SMALL CHAIN (PTHR11405:SF4),ligase(PC00142),'de novo' pyrimidine nucleobase biosynthetic process(GO:0006207);pyrimidine nucleotide biosynthetic process(GO:0006221);L-arginine biosynthetic process(GO:0006526);glutamine metabolic process(GO:0006541);amino acid biosynthetic process(GO:0008652),nucleotide binding(GO:0000166);carbamoyl-phosphate synthase (glutamine-hydrolyzing) activity(GO:0004088);ATP binding(GO:0005524);ligase activity(GO:0016874)
6,1,12152293,12152293,1,1,D.IMNTDK,1.00099718979336e-08,1-11961330,12152293,FALSE,FarmCPU,,,,,,,
36,1,107115213,107115213,1,1,W,1.006370697963e-08,1-104550377,107115213,FALSE,FarmCPU,,,,,,,
125,1,306590007,306590007,1,1,WFY,1.00772543798954e-08,1-301044718,306590007,FALSE,FarmCPU,2,Zm00001eb064990;Zm00001eb065000,Zm00001eb064990,EXPRESSED PROTEIN (PTHR31032:SF7),"",photosynthetic electron transport in photosystem I(GO:0009773),"oxidoreductase activity, acting on iron-sulfur proteins as donors(GO:0016730)"
798,8,161927955,161927955,1,1,H,1.00935538168039e-08,8-156637295,161927955,FALSE,FarmCPU,,,,,,,
657,7,57623991,57623991,1,1,IMNTDK,1.0102215691297e-08,7-61414943,57623991,FALSE,FarmCPU,,,,,,,
807,8,170737826,170737826,1,1,K.IMNTDK,1.01364395634095e-08,8-165091578,170737826,FALSE,FarmCPU,4,Zm00001eb365770;Zm00001eb365780;Zm00001eb365800;Zm00001eb365790,Zm00001eb365770,PEPTIDASE S54 RHOMBOID DOMAIN-CONTAINING PROTEIN-RELATED (PTHR43731:SF32),serine protease(PC00203),"",serine-type endopeptidase activity(GO:0004252)
190,2,167432315,167432315,1,1,S.Total,1.01869793607524e-08,2-163421229,167432315,FALSE,BLINK,2,Zm00001eb095570;Zm00001eb095580,Zm00001eb095570,DIHYDRONEOPTERIN ALDOLASE_EPIMERASE DOMAIN-CONTAINING PROTEIN (PTHR34395:SF5),"","",""
737,8,20400648,20400648,1,1,Total,1.02036635366342e-08,8-19711838,20400648,FALSE,FarmCPU,1,Zm00001eb337260,Zm00001eb337260,"","","",""
778,8,133479022,133479022,1,1,I.IVL,1.02462790820848e-08,8-129160266,133479022,FALSE,BLINK,,,,,,,
706,7,165999240,165999240,1,1,W.WFY,1.03184282638614e-08,7-160553980,165999240,FALSE,BLINK,,,,,,,
576,6,79165716,79165716,1,1,I.IVL,1.03207056528239e-08,6-76387847,79165716,FALSE,BLINK,1,Zm00001eb270250,Zm00001eb270250,LEUCINE CARBOXYL METHYLTRANSFERASE 1 (PTHR13600:SF21),methyltransferase(PC00155),regulation of signal transduction(GO:0009966);methylation(GO:0032259),methyltransferase activity(GO:0008168);S-adenosylmethionine-dependent methyltransferase activity(GO:0008757);transferase activity(GO:0016740);protein C-terminal leucine carboxyl O-methyltransferase activity(GO:0018423)
942,10,60613478,60613478,1,1,K,1.03376567121277e-08,10-61404840,60613478,FALSE,BLINK,,,,,,,
240,3,15810574,15810574,1,1,Q.EHPRQ,1.04514606860699e-08,3-16475899,15810574,FALSE,BLINK,,,,,,,
406,4,145638259,145638259,1,1,LAV,1.04830039658047e-08,4-142345543,145638259,FALSE,BLINK,,,,,,,
744,8,40723112,40723112,1,1,Q,1.04992059865342e-08,8-39567857,40723112,FALSE,BLINK,,,,,,,
505,5,162581966,162581966,1,1,M,1.05077323044068e-08,5-158929550,162581966,FALSE,BLINK,,,,,,,
609,6,139648164,139648164,1,1,W,1.0569565538536e-08,6-135717576,139648164,FALSE,FarmCPU,5,Zm00001eb283180;Zm00001eb283200;Zm00001eb283190;Zm00001eb283210;Zm00001eb283220,Zm00001eb283180,DISEASE RESISTANCE PROTEIN RPP13 (PTHR23155:SF947),antimicrobial response protein(PC00051),innate immune response-activating signaling pathway(GO:0002758);defense response(GO:0006952);plant-type hypersensitive response(GO:0009626);defense response to bacterium(GO:0042742);defense response to other organism(GO:0098542),nucleotide binding(GO:0000166);ADP binding(GO:0043531)
2,1,1088349,1088349,1,1,P,1.05812882049768e-08,1-1055304,1088349,FALSE,FarmCPU,1,Zm00001eb000270,Zm00001eb000270,"","",translation(GO:0006412),structural constituent of ribosome(GO:0003735)
20,1,73439707,73439707,1,1,C.Total,1.06206131479629e-08,1-72105361,73439707,FALSE,FarmCPU,2,Zm00001eb020040;Zm00001eb020050,Zm00001eb020040,HEXOSYLTRANSFERASE GAUT11 (PTHR32116:SF20),transferase(PC00220),pectin biosynthetic process(GO:0045489);cell wall organization(GO:0071555),transferase activity(GO:0016740);glycosyltransferase activity(GO:0016757);polygalacturonate 4-alpha-galacturonosyltransferase activity(GO:0047262)
454,5,5474349,5474349,1,1,N.IMNTDK,1.07078356085775e-08,5-5348581,5474349,FALSE,FarmCPU,1,Zm00001eb213560,Zm00001eb213560,VERPROLIN (PTHR33088:SF93),"","",""
591,6,106704295,106704295,1,1,T,1.07963885368064e-08,6-103602280,106704295,FALSE,FarmCPU,,,,,,,
741,8,24735314,24735314,1,1,K.IMNTDK,1.09022492119748e-08,8-23969168,24735314,FALSE,BLINK,2,Zm00001eb338340;Zm00001eb338350,Zm00001eb338340,GA 2-OXIDASE 5 (PTHR47990:SF25),oxygenase(PC00177),response to light stimulus(GO:0009416);gibberellin catabolic process(GO:0045487),oxidoreductase activity(GO:0016491);gibberellin 2-beta-dioxygenase activity(GO:0045543);metal ion binding(GO:0046872)
553,6,20211385,20211385,1,1,G,1.09119047660322e-08,6-21908632,20211385,FALSE,FarmCPU,3,Zm00001eb263070;Zm00001eb263090;Zm00001eb263100,Zm00001eb263070,"","","",""
105,1,274045092,274045092,1,1,IVL,1.11059437834784e-08,1-269354209,274045092,FALSE,FarmCPU,,,,,,,
38,1,111269994,111269994,1,1,C.Total,1.11690270446956e-08,1-108812013,111269994,FALSE,FarmCPU,1,Zm00001eb025650,Zm00001eb025650,HOMEOBOX-LEUCINE ZIPPER PROTEIN HOX15 (PTHR45714:SF25),"",regulation of DNA-templated transcription(GO:0006355);regulation of transcription by RNA polymerase II(GO:0006357),"DNA-binding transcription factor activity, RNA polymerase II-specific(GO:0000981);DNA binding(GO:0003677);sequence-specific DNA binding(GO:0043565)"
215,2,223821675,223821675,1,1,Total_N,1.11882987249307e-08,2-217672077,223821675,FALSE,BLINK,2,Zm00001eb111570;Zm00001eb111590,Zm00001eb111570,B3 DOMAIN-CONTAINING TRANSCRIPTION REPRESSOR VAL2 (PTHR46245:SF2),"",regulation of DNA-templated transcription(GO:0006355),DNA binding(GO:0003677);zinc ion binding(GO:0008270);metal ion binding(GO:0046872)
562,6,33196195,33196195,1,1,H,1.13517736136815e-08,6-31710369,33196195,FALSE,FarmCPU,,,,,,,
289,3,126133143,126133143,1,1,LAV,1.15146939278488e-08,3-125735861,126133143,FALSE,FarmCPU,,,,,,,
738,8,20521258,20521258,1,1,S,1.15411264989942e-08,8-19832072,20521258,FALSE,FarmCPU,,,,,,,
8,1,24823258,24823258,1,1,I.Total,1.16155660929969e-08,1-24458312,24823258,FALSE,BLINK,1,Zm00001eb008200,Zm00001eb008200,CYTOCHROME B561 AND DOMON DOMAIN-CONTAINING PROTEIN (PTHR23130:SF167),"","",metal ion binding(GO:0046872)
797,8,161292886,161292886,1,1,IVL,1.16241347699535e-08,8-156004167,161292886,FALSE,FarmCPU,,,,,,,
386,4,85119409,85119409,1,1,WFY,1.16401531747006e-08,4-82151605,85119409,FALSE,FarmCPU,2,Zm00001eb179530;Zm00001eb179520,Zm00001eb179530,AGENET AND BROMO-ADJACENT HOMOLOGY (BAH) DOMAIN-CONTAINING PROTEIN (PTHR31917:SF58),"","",chromatin binding(GO:0003682)
362,4,18825722,18825722,1,1,Total_N,1.16768812901972e-08,4-17666401,18825722,FALSE,FarmCPU,2,Zm00001eb169330;Zm00001eb169320,Zm00001eb169330,OCTICOSAPEPTIDE_PHOX_BEM1P FAMILY PROTEIN (PTHR31066:SF10),"","",""
441,4,238079380,238079380,1,1,C.SGC,1.17280906785193e-08,4-233458304,238079380,FALSE,BLINK,,,,,,,
172,2,121060697,121060697,1,1,EHPRQ,1.18300692393938e-08,2-117793617,121060697,FALSE,FarmCPU,,,,,,,
634,7,8131840,8131840,1,1,M,1.18351539596323e-08,7-7721062,8131840,FALSE,FarmCPU,1,Zm00001eb300870,Zm00001eb300870,SMALL NUCLEAR RIBONUCLEOPROTEIN-ASSOCIATED PROTEIN B (PTHR10701:SF0),RNA splicing factor(PC00148),"mRNA splicing, via spliceosome(GO:0000398);mRNA processing(GO:0006397);RNA splicing(GO:0008380)",RNA binding(GO:0003723);snRNP binding(GO:0070990)
342,3,220594145,220594145,1,1,K.IMNTDK,1.19172114761379e-08,3-217089989,220594145,FALSE,BLINK,3,Zm00001eb158730;Zm00001eb158740;Zm00001eb158720,Zm00001eb158730,PROTEIN MIZU-KUSSEI 1 (PTHR31696:SF14),"",hydrotropism(GO:0010274),""
140,2,16098564,16098564,1,1,M,1.19567919859138e-08,2-15716494,16098564,FALSE,BLINK,2,Zm00001eb073140;Zm00001eb073150,Zm00001eb073140,"","","",""
437,4,223567237,223567237,1,1,C.Total,1.19621856582766e-08,4-219794288,223567237,FALSE,FarmCPU,,,,,,,
