chr,chr_num,region_id,n_windows,region_start,region_end,region_center,peak_Fst,min_deltaD,min_log_pi_ratio,region_length_bp
chr1,1,1,1,60900000,61150000,61025000,0.39825700000000003,-3.114252,-0.8364332324434752,250000
chr4,4,2,3,77700000,78150000,77925000,0.460335,-3.460197,-0.9826599707512351,450000
chr5,5,3,1,7200000,7450000,7325000,0.344289,-2.6691589999999996,-0.8515878435401495,250000
chr6,6,4,1,153400000,153650000,153525000,0.35595,-3.147452,-0.9209181590144264,250000
chr6,6,5,5,155000000,155650000,155325000,0.431266,-4.085168,-1.2117305338184579,650000
chr8,8,6,2,121300000,121650000,121475000,0.364723,-3.10712,-0.8564137936416836,350000
chr9,9,7,1,3900000,4150000,4025000,0.327827,-2.6603120000000002,-0.8067962510389894,250000
