chr,chr_num,region_id,n_windows,region_start,region_end,region_center,peak_Fst,min_deltaD,min_log_pi_ratio,region_length_bp
chr1,1,1,1,42300000,42550000,42425000,0.376362,-2.266071,-0.7289065451037098,250000
chr3,3,2,2,59400000,59750000,59575000,0.37966,-2.811274,-0.8558764345652613,350000
chr3,3,3,7,69500000,70350000,69925000,0.457238,-3.3339879999999997,-0.8726408411381844,850000
chr3,3,4,3,179700000,180150000,179925000,0.456325,-2.503971,-0.7902493894092533,450000
chr5,5,5,2,168600000,168950000,168775000,0.382613,-2.586577,-0.7017072003759178,350000
