comparison_label,faa_metric,pbaa_metric,n_taxa,mean_faa,mean_pbaa,median_faa,median_pbaa,p_value,sig
Broad amino acid pool: FAA vs PBAA,Total_FAA,Total_PBAA,279,18.41391259091523,867.4617274667061,16.700293819249996,848.7545748950001,1.6678945931044754e-47,***
Estimated amino-acid-derived nitrogen proxy: FAA vs PBAA,FAA_N_proxy,PBAA_N_proxy,279,25.743413919885963,1069.5085089795793,23.046998949250003,1048.56623373625,1.6678945931044754e-47,***
Proline fraction: FAA vs PBAA,Proline_fraction_FAA,Proline_fraction_PBAA,279,0.21215478431934584,0.10620935085994952,0.2011771675252587,0.1066987079604445,2.3310835282244393e-41,***
Nitrogen-rich fraction: FAA vs PBAA,N_rich_FAA_fraction,N_rich_PBAA_fraction,279,0.327799299940319,0.2645825033413846,0.31098004207899,0.26337660174333155,1.1302587994174825e-14,***
