GeneID,GeneSymbol,GeneChr,GeneStart,GeneEnd,Phenotype,Model,SNP,Chr,SNP_Pos,P.value,log10_P,Relation,Distance_to_Gene_bp
Zm00001eb122270,Zm00001eb122270,chr3,9746003,9777132,C.Total,FarmCPU,3-10439124,3,9729379,2.22643684945323e-22,21.6523896186657,upstream,16624
Zm00001eb089560,Zm00001eb089560,chr2,117129112,117129988,Q.E,BLINK,2-114442250,2,117122575,4.860788968161e-22,21.3132932334724,upstream,6537
Zm00001eb057750,Zm00001eb057750,chr1,284764856,284766611,N,FarmCPU,1-279724987,1,284788512,2.81126623551441e-20,19.5510980234286,downstream,21901
Zm00001eb057760,Zm00001eb057760,chr1,284765955,284766545,N,FarmCPU,1-279724987,1,284788512,2.81126623551441e-20,19.5510980234286,downstream,21967
Zm00001eb057770,Zm00001eb057770,chr1,284774974,284776823,N,FarmCPU,1-279724987,1,284788512,2.81126623551441e-20,19.5510980234286,downstream,11689
Zm00001eb057780,Zm00001eb057780,chr1,284779663,284786817,N,FarmCPU,1-279724987,1,284788512,2.81126623551441e-20,19.5510980234286,downstream,1695
Zm00001eb057790,Zm00001eb057790,chr1,284779663,284781743,N,FarmCPU,1-279724987,1,284788512,2.81126623551441e-20,19.5510980234286,downstream,6769
Zm00001eb057800,Zm00001eb057800,chr1,284791283,284792056,N,FarmCPU,1-279724987,1,284788512,2.81126623551441e-20,19.5510980234286,upstream,2771
Zm00001eb157240,Zm00001eb157240,chr3,215778117,215778480,N.Total,BLINK,3-212191792,3,215782315,3.05442877780894e-19,18.5150699971534,downstream,3835
Zm00001eb157250,Zm00001eb157250,chr3,215804693,215810387,N.Total,BLINK,3-212191792,3,215782315,3.05442877780894e-19,18.5150699971534,upstream,22378
Zm00001eb200900,Zm00001eb200900,chr4,210801874,210807631,Q,FarmCPU,4-206431958,4,210795998,1.54016092795096e-18,17.8124338983391,upstream,5876
Zm00001eb155010,Zm00001eb155010,chr3,208770072,208835258,R.EHPRQ,FarmCPU,3-205450126,3,208812571,2.20874257045466e-18,17.6558548983187,within,0
Zm00001eb411310,Zm00001eb411310,chr10,33988916,33992496,Q.E,FarmCPU,10-33097737,10,33997464,2.47313719355347e-18,17.6067517911395,downstream,4968
Zm00001eb430100,Zm00001eb430100,chr10,142638945,142645291,H,FarmCPU,10-141260668,10,142621925,5.75982939889048e-18,17.239590379809,upstream,17020
Zm00001eb039010,Zm00001eb039010,chr1,208281994,208288348,W.WFY,BLINK,1-205478560,1,208264646,6.61838103629254e-18,17.1792482330668,upstream,17348
Zm00001eb196980,Zm00001eb196980,chr4,194374842,194376571,R,FarmCPU,4-190434954,4,194395470,1.11707508425317e-17,16.9519176347797,downstream,18899
Zm00001eb196990,Zm00001eb196990,chr4,194419557,194420420,R,FarmCPU,4-190434954,4,194395470,1.11707508425317e-17,16.9519176347797,upstream,24087
Zm00001eb303550,Zm00001eb303550,chr7,21060699,21061148,R.EHPRQ,BLINK,7-20200646,7,21086049,1.49471635074896e-17,16.8254412146923,downstream,24901
Zm00001eb257850,Zm00001eb257850,chr5,222113667,222115093,R.Total,FarmCPU,5-216273624,5,222130074,2.07514928492523e-17,16.6829506549581,downstream,14981
Zm00001eb257860,Zm00001eb257860,chr5,222120267,222124937,R.Total,FarmCPU,5-216273624,5,222130074,2.07514928492523e-17,16.6829506549581,downstream,5137
Zm00001eb257870,Zm00001eb257870,chr5,222123677,222124937,R.Total,FarmCPU,5-216273624,5,222130074,2.07514928492523e-17,16.6829506549581,downstream,5137
Zm00001eb257880,Zm00001eb257880,chr5,222135286,222139422,R.Total,FarmCPU,5-216273624,5,222130074,2.07514928492523e-17,16.6829506549581,upstream,5212
Zm00001eb257890,Zm00001eb257890,chr5,222145236,222153647,R.Total,FarmCPU,5-216273624,5,222130074,2.07514928492523e-17,16.6829506549581,upstream,15162
Zm00001eb164350,Zm00001eb164350,chr4,1033659,1036014,Q.Total,FarmCPU,4-834837,4,1050251,7.5537296537986e-17,16.1218385625274,downstream,14237
Zm00001eb121230,Zm00001eb121230,chr3,6527570,6529519,Total,FarmCPU,3-7403081,3,6550983,8.14393168304178e-17,16.0891658781559,downstream,21464
Zm00001eb121240,Zm00001eb121240,chr3,6571219,6573217,Total,FarmCPU,3-7403081,3,6550983,8.14393168304178e-17,16.0891658781559,upstream,20236
Zm00001eb121260,Zm00001eb121260,chr3,6575701,6576682,Total,FarmCPU,3-7403081,3,6550983,8.14393168304178e-17,16.0891658781559,upstream,24718
Zm00001eb360500,Zm00001eb360500,chr8,155255693,155258083,F,FarmCPU,8-150212793,8,155244559,1.34229055494459e-16,15.8721534657238,upstream,11134
Zm00001eb322660,Zm00001eb322660,chr7,162177632,162178621,H,FarmCPU,7-156783044,7,162164143,1.71701796890537e-16,15.7652251598446,upstream,13489
Zm00001eb322670,Zm00001eb322670,chr7,162185107,162185811,H,FarmCPU,7-156783044,7,162164143,1.71701796890537e-16,15.7652251598446,upstream,20964
Zm00001eb165420,Zm00001eb165420,chr4,3610401,3621644,S,FarmCPU,4-3053638,4,3617080,2.13523456020743e-16,15.6705544098154,within,0
Zm00001eb165430,Zm00001eb165430,chr4,3621962,3623728,S,FarmCPU,4-3053638,4,3617080,2.13523456020743e-16,15.6705544098154,upstream,4882
Zm00001eb165440,Zm00001eb165440,chr4,3624033,3627815,S,FarmCPU,4-3053638,4,3617080,2.13523456020743e-16,15.6705544098154,upstream,6953
Zm00001eb165450,Zm00001eb165450,chr4,3629929,3634070,S,FarmCPU,4-3053638,4,3617080,2.13523456020743e-16,15.6705544098154,upstream,12849
Zm00001eb043060,Zm00001eb043060,chr1,227406373,227410137,M.IMNTDK,FarmCPU,1-223855213,1,227393125,3.12765889574024e-16,15.504780617433,upstream,13248
Zm00001eb043070,Zm00001eb043070,chr1,227412712,227417072,M.IMNTDK,FarmCPU,1-223855213,1,227393125,3.12765889574024e-16,15.504780617433,upstream,19587
Zm00001eb293370,Zm00001eb293370,chr6,171248824,171253243,D,FarmCPU,6-167267817,6,171273352,3.25034562206683e-16,15.4880704563209,downstream,20109
Zm00001eb293380,Zm00001eb293380,chr6,171253958,171254944,D,FarmCPU,6-167267817,6,171273352,3.25034562206683e-16,15.4880704563209,downstream,18408
Zm00001eb293390,Zm00001eb293390,chr6,171268213,171268820,D,FarmCPU,6-167267817,6,171273352,3.25034562206683e-16,15.4880704563209,downstream,4532
Zm00001eb293400,Zm00001eb293400,chr6,171275490,171277024,D,FarmCPU,6-167267817,6,171273352,3.25034562206683e-16,15.4880704563209,upstream,2138
Zm00001eb293410,Zm00001eb293410,chr6,171283047,171285024,D,FarmCPU,6-167267817,6,171273352,3.25034562206683e-16,15.4880704563209,upstream,9695
Zm00001eb397240,Zm00001eb397240,chr9,144681430,144689824,WFY,FarmCPU,9-142245664,9,144673617,5.22277813277377e-16,15.282098422901,upstream,7813
Zm00001eb397250,Zm00001eb397250,chr9,144689979,144701899,WFY,FarmCPU,9-142245664,9,144673617,5.22277813277377e-16,15.282098422901,upstream,16362
Zm00001eb401490,Zm00001eb401490,chr9,156185253,156186948,K,FarmCPU,9-153303878,9,156170756,8.30117195730669e-16,15.0808605897129,upstream,14497
Zm00001eb141460,Zm00001eb141460,chr3,153733233,153746572,C.Total,FarmCPU,3-152358980,3,153710629,1.21891544525724e-15,14.9140264198384,upstream,22604
Zm00001eb116160,Zm00001eb116160,chr2,237933529,237941319,L,FarmCPU,2-231615843,2,237964625,1.24890221812541e-15,14.9034715630598,downstream,23306
Zm00001eb132340,Zm00001eb132340,chr3,82078451,82079880,K.IMNTDK,BLINK,3-81751605,3,82062942,1.44842294207167e-15,14.8391046048601,upstream,15509
Zm00001eb153570,Zm00001eb153570,chr3,204267608,204269447,R,FarmCPU,3-201165630,3,204279568,1.53868202446238e-15,14.8128511197977,downstream,10121
Zm00001eb433190,Zm00001eb433190,chr10,149567677,149569414,Q,FarmCPU,10-148248665,10,149586775,1.58050288664475e-15,14.8012047066243,downstream,17361
Zm00001eb433200,Zm00001eb433200,chr10,149576981,149580756,Q,FarmCPU,10-148248665,10,149586775,1.58050288664475e-15,14.8012047066243,downstream,6019
Zm00001eb433210,Zm00001eb433210,chr10,149578869,149581031,Q,FarmCPU,10-148248665,10,149586775,1.58050288664475e-15,14.8012047066243,downstream,5744
Zm00001eb433220,Zm00001eb433220,chr10,149584269,149588825,Q,FarmCPU,10-148248665,10,149586775,1.58050288664475e-15,14.8012047066243,within,0
Zm00001eb433230,Zm00001eb433230,chr10,149588656,149592451,Q,FarmCPU,10-148248665,10,149586775,1.58050288664475e-15,14.8012047066243,upstream,1881
Zm00001eb113770,Zm00001eb113770,chr2,231382737,231383337,N.E,FarmCPU,2-225020412,2,231399965,1.62528604849268e-15,14.7890701926241,downstream,16628
Zm00001eb113780,Zm00001eb113780,chr2,231385591,231390003,N.E,FarmCPU,2-225020412,2,231399965,1.62528604849268e-15,14.7890701926241,downstream,9962
Zm00001eb113790,Zm00001eb113790,chr2,231390342,231394053,N.E,FarmCPU,2-225020412,2,231399965,1.62528604849268e-15,14.7890701926241,downstream,5912
Zm00001eb113800,Zm00001eb113800,chr2,231392970,231394053,N.E,FarmCPU,2-225020412,2,231399965,1.62528604849268e-15,14.7890701926241,downstream,5912
Zm00001eb116160,Zm00001eb116160,chr2,237933529,237941319,V,FarmCPU,2-231615843,2,237964625,1.90648054757453e-15,14.719767621612,downstream,23306
Zm00001eb283500,Zm00001eb283500,chr6,140793522,140794322,D,FarmCPU,6-136885446,6,140809373,2.09640742327681e-15,14.6785243111511,downstream,15051
Zm00001eb283510,Zm00001eb283510,chr6,140800696,140805442,D,FarmCPU,6-136885446,6,140809373,2.09640742327681e-15,14.6785243111511,downstream,3931
Zm00001eb215490,Zm00001eb215490,chr5,9043593,9044399,IMNTDK,FarmCPU,5-8709712,5,9051976,2.66707228202185e-15,14.5739652140597,downstream,7577
Zm00001eb215500,Zm00001eb215500,chr5,9050537,9052248,IMNTDK,FarmCPU,5-8709712,5,9051976,2.66707228202185e-15,14.5739652140597,within,0
Zm00001eb215510,Zm00001eb215510,chr5,9064321,9067150,IMNTDK,FarmCPU,5-8709712,5,9051976,2.66707228202185e-15,14.5739652140597,upstream,12345
Zm00001eb215520,Zm00001eb215520,chr5,9068518,9070508,IMNTDK,FarmCPU,5-8709712,5,9051976,2.66707228202185e-15,14.5739652140597,upstream,16542
Zm00001eb228560,Zm00001eb228560,chr5,65314264,65314821,C.Total,BLINK,5-63458951,5,65306214,2.9077937828448e-15,14.5364363963509,upstream,8050
Zm00001eb414250,Zm00001eb414250,chr10,68876618,68881938,H,FarmCPU,10-69774638,10,68905761,4.12367559364013e-15,14.3847155076547,downstream,23823
Zm00001eb414260,Zm00001eb414260,chr10,68887248,68892677,H,FarmCPU,10-69774638,10,68905761,4.12367559364013e-15,14.3847155076547,downstream,13084
Zm00001eb398600,Zm00001eb398600,chr9,148746019,148747879,R,FarmCPU,9-146171316,9,148752124,4.67241422161018e-15,14.3304586628594,downstream,4245
Zm00001eb398620,Zm00001eb398620,chr9,148769414,148772513,R,FarmCPU,9-146171316,9,148752124,4.67241422161018e-15,14.3304586628594,upstream,17290
Zm00001eb131420,Zm00001eb131420,chr3,65437301,65439479,P,FarmCPU,3-65288085,3,65425255,5.1250406763566e-15,14.2903026833557,upstream,12046
Zm00001eb041800,Zm00001eb041800,chr1,219883824,219887445,N.E,FarmCPU,1-216747522,1,219876582,7.73022016533462e-15,14.1118081367119,upstream,7242
Zm00001eb041810,Zm00001eb041810,chr1,219889363,219889629,N.E,FarmCPU,1-216747522,1,219876582,7.73022016533462e-15,14.1118081367119,upstream,12781
Zm00001eb399970,Zm00001eb399970,chr9,152541046,152541513,LAV,FarmCPU,9-149652186,9,152521899,7.91246301829236e-15,14.1016883067994,upstream,19147
Zm00001eb137290,Zm00001eb137290,chr3,132521531,132528944,K.IMNTDK,BLINK,3-131958394,3,132539676,1.36231286976562e-14,13.8657231405813,downstream,10732
Zm00001eb137300,Zm00001eb137300,chr3,132529154,132530297,K.IMNTDK,BLINK,3-131958394,3,132539676,1.36231286976562e-14,13.8657231405813,downstream,9379
Zm00001eb137310,Zm00001eb137310,chr3,132549804,132552156,K.IMNTDK,BLINK,3-131958394,3,132539676,1.36231286976562e-14,13.8657231405813,upstream,10128
Zm00001eb304280,Zm00001eb304280,chr7,25307301,25310853,N.E,FarmCPU,7-24239099,7,25302955,1.78692501195839e-14,13.7478936722151,upstream,4346
Zm00001eb304290,Zm00001eb304290,chr7,25311495,25315581,N.E,FarmCPU,7-24239099,7,25302955,1.78692501195839e-14,13.7478936722151,upstream,8540
Zm00001eb433190,Zm00001eb433190,chr10,149567677,149569414,Q.E,FarmCPU,10-148248665,10,149586775,1.79332500634807e-14,13.7463409956177,downstream,17361
Zm00001eb433200,Zm00001eb433200,chr10,149576981,149580756,Q.E,FarmCPU,10-148248665,10,149586775,1.79332500634807e-14,13.7463409956177,downstream,6019
Zm00001eb433210,Zm00001eb433210,chr10,149578869,149581031,Q.E,FarmCPU,10-148248665,10,149586775,1.79332500634807e-14,13.7463409956177,downstream,5744
Zm00001eb433220,Zm00001eb433220,chr10,149584269,149588825,Q.E,FarmCPU,10-148248665,10,149586775,1.79332500634807e-14,13.7463409956177,within,0
Zm00001eb433230,Zm00001eb433230,chr10,149588656,149592451,Q.E,FarmCPU,10-148248665,10,149586775,1.79332500634807e-14,13.7463409956177,upstream,1881
Zm00001eb323130,Zm00001eb323130,chr7,163314964,163315587,W,FarmCPU,7-157976738,7,163339485,2.07276596739688e-14,13.6834497306152,downstream,23898
Zm00001eb323140,Zm00001eb323140,chr7,163342588,163346227,W,FarmCPU,7-157976738,7,163339485,2.07276596739688e-14,13.6834497306152,upstream,3103
Zm00001eb323150,Zm00001eb323150,chr7,163353549,163356117,W,FarmCPU,7-157976738,7,163339485,2.07276596739688e-14,13.6834497306152,upstream,14064
Zm00001eb176440,Zm00001eb176440,chr4,58333495,58335423,F,FarmCPU,4-56084907,4,58321853,2.37223379266979e-14,13.6248425118243,upstream,11642
Zm00001eb215660,Zm00001eb215660,chr5,9752861,9757248,Q.E,FarmCPU,5-9388558,5,9741468,2.57663097771739e-14,13.5889477761782,upstream,11393
Zm00001eb130560,Zm00001eb130560,chr3,57413093,57413620,R.Total,FarmCPU,3-57445353,3,57403635,2.58681482333139e-14,13.5872346590623,upstream,9458
Zm00001eb130570,Zm00001eb130570,chr3,57423270,57423663,R.Total,FarmCPU,3-57445353,3,57403635,2.58681482333139e-14,13.5872346590623,upstream,19635
Zm00001eb041830,Zm00001eb041830,chr1,219953693,219954034,N.IMNTDK,FarmCPU,1-216842529,1,219976660,2.98352047515006e-14,13.5252709773559,downstream,22626
Zm00001eb374320,Zm00001eb374320,chr9,13439928,13441042,W,FarmCPU,9-13776099,9,13446380,3.07692227645285e-14,13.5118834739618,downstream,5338
Zm00001eb374330,Zm00001eb374330,chr9,13456618,13463356,W,FarmCPU,9-13776099,9,13446380,3.07692227645285e-14,13.5118834739618,upstream,10238
Zm00001eb328000,Zm00001eb328000,chr7,176253088,176259311,F.Total,BLINK,7-170694896,7,176273358,3.17997126854177e-14,13.4975768039055,downstream,14047
Zm00001eb328010,Zm00001eb328010,chr7,176259971,176261930,F.Total,BLINK,7-170694896,7,176273358,3.17997126854177e-14,13.4975768039055,downstream,11428
Zm00001eb328020,Zm00001eb328020,chr7,176262917,176264340,F.Total,BLINK,7-170694896,7,176273358,3.17997126854177e-14,13.4975768039055,downstream,9018
Zm00001eb273100,Zm00001eb273100,chr6,97406845,97419003,A,FarmCPU,6-94863575,6,97433168,3.80030824695406e-14,13.4201811758774,downstream,14165
Zm00001eb273120,Zm00001eb273120,chr6,97454896,97456351,A,FarmCPU,6-94863575,6,97433168,3.80030824695406e-14,13.4201811758774,upstream,21728
Zm00001eb108690,Zm00001eb108690,chr2,216914391,216945232,H.Total,FarmCPU,2-210755195,2,216947637,3.93459658047183e-14,13.405099789825,downstream,2405
Zm00001eb351000,Zm00001eb351000,chr8,117559027,117562955,N.Q,FarmCPU,8-114310280,8,117537185,4.16950163955222e-14,13.3799158510518,upstream,21842
Zm00001eb311660,Zm00001eb311660,chr7,109417811,109421947,P,FarmCPU,7-106180362,7,109421884,4.43135198122756e-14,13.3534637526915,within,0
Zm00001eb207070,Zm00001eb207070,chr4,244285332,244303111,I.Total,FarmCPU,4-239429245,4,244309256,4.44989281839813e-14,13.3516504494548,downstream,6145
Zm00001eb207080,Zm00001eb207080,chr4,244316238,244320989,I.Total,FarmCPU,4-239429245,4,244309256,4.44989281839813e-14,13.3516504494548,upstream,6982
Zm00001eb207090,Zm00001eb207090,chr4,244325976,244331353,I.Total,FarmCPU,4-239429245,4,244309256,4.44989281839813e-14,13.3516504494548,upstream,16720
Zm00001eb418510,Zm00001eb418510,chr10,95118083,95118737,I.LAV,BLINK,10-94875425,10,95122940,4.71508008968667e-14,13.3265109259991,downstream,4203
Zm00001eb212840,Zm00001eb212840,chr5,4385997,4387351,V,FarmCPU,5-4273469,5,4383623,5.17277730808791e-14,13.2862762178891,upstream,2374
Zm00001eb212850,Zm00001eb212850,chr5,4389192,4390489,V,FarmCPU,5-4273469,5,4383623,5.17277730808791e-14,13.2862762178891,upstream,5569
Zm00001eb270700,Zm00001eb270700,chr6,82512206,82541538,H,FarmCPU,6-79713905,6,82558564,6.44195293195853e-14,13.1909824526715,downstream,17026
Zm00001eb270710,Zm00001eb270710,chr6,82547559,82551718,H,FarmCPU,6-79713905,6,82558564,6.44195293195853e-14,13.1909824526715,downstream,6846
Zm00001eb270720,Zm00001eb270720,chr6,82551974,82553323,H,FarmCPU,6-79713905,6,82558564,6.44195293195853e-14,13.1909824526715,downstream,5241
Zm00001eb405640,Zm00001eb405640,chr10,2322571,2327147,Q.Total,FarmCPU,10-2766083,10,2346569,6.97053265624608e-14,13.1567340338346,downstream,19422
Zm00001eb405650,Zm00001eb405650,chr10,2328347,2334069,Q.Total,FarmCPU,10-2766083,10,2346569,6.97053265624608e-14,13.1567340338346,downstream,12500
Zm00001eb413920,Zm00001eb413920,chr10,66492566,66493957,I.IMNTDK,FarmCPU,10-67356589,10,66490086,7.14648503693302e-14,13.1459075112633,upstream,2480
Zm00001eb413930,Zm00001eb413930,chr10,66500707,66501638,I.IMNTDK,FarmCPU,10-67356589,10,66490086,7.14648503693302e-14,13.1459075112633,upstream,10621
Zm00001eb411940,Zm00001eb411940,chr10,41689049,41694086,D.IMNTDK,BLINK,10-40576192,10,41700989,8.71325591520876e-14,13.0598195302066,downstream,6903
Zm00001eb300980,Zm00001eb300980,chr7,8563561,8564624,F,FarmCPU,7-8296296,7,8588620,8.71993078466647e-14,13.0594869623102,downstream,23996
Zm00001eb418350,Zm00001eb418350,chr10,93580230,93587303,Total,FarmCPU,10-93372122,10,93592454,8.92577395581387e-14,13.0493541158134,downstream,5151
Zm00001eb079630,Zm00001eb079630,chr2,39109123,39111336,N,FarmCPU,2-38205709,2,39115733,8.95919313182361e-14,13.047731101295,downstream,4397
Zm00001eb079640,Zm00001eb079640,chr2,39118514,39123657,N,FarmCPU,2-38205709,2,39115733,8.95919313182361e-14,13.047731101295,upstream,2781
Zm00001eb079650,Zm00001eb079650,chr2,39122592,39123657,N,FarmCPU,2-38205709,2,39115733,8.95919313182361e-14,13.047731101295,upstream,6859
Zm00001eb079660,Zm00001eb079660,chr2,39124011,39126954,N,FarmCPU,2-38205709,2,39115733,8.95919313182361e-14,13.047731101295,upstream,8278
Zm00001eb079670,Zm00001eb079670,chr2,39124166,39126596,N,FarmCPU,2-38205709,2,39115733,8.95919313182361e-14,13.047731101295,upstream,8433
Zm00001eb116850,Zm00001eb116850,chr2,239475917,239582318,M,FarmCPU,2-233320374,2,239557135,9.22510924158949e-14,13.0350284823246,within,0
Zm00001eb116860,Zm00001eb116860,chr2,239578532,239578891,M,FarmCPU,2-233320374,2,239557135,9.22510924158949e-14,13.0350284823246,upstream,21397
Zm00001eb144540,Zm00001eb144540,chr3,171685224,171689188,T,FarmCPU,3-169116848,3,171669569,9.65063169320658e-14,13.0154442584806,upstream,15655
Zm00001eb144560,Zm00001eb144560,chr3,171691901,171696001,T,FarmCPU,3-169116848,3,171669569,9.65063169320658e-14,13.0154442584806,upstream,22332
Zm00001eb068640,Zm00001eb068640,chr2,6108815,6115505,IMNTDK,BLINK,2-6183613,2,6136509,1.00242639013295e-13,12.9989475085161,downstream,21004
Zm00001eb068650,Zm00001eb068650,chr2,6132820,6134000,IMNTDK,BLINK,2-6183613,2,6136509,1.00242639013295e-13,12.9989475085161,downstream,2509
Zm00001eb068660,Zm00001eb068660,chr2,6134997,6136220,IMNTDK,BLINK,2-6183613,2,6136509,1.00242639013295e-13,12.9989475085161,downstream,289
Zm00001eb068670,Zm00001eb068670,chr2,6136221,6140916,IMNTDK,BLINK,2-6183613,2,6136509,1.00242639013295e-13,12.9989475085161,within,0
Zm00001eb153500,Zm00001eb153500,chr3,203931338,203944340,C.Total,FarmCPU,3-199905640,3,203953170,1.07863115512822e-13,12.9671270397266,downstream,8830
Zm00001eb153510,Zm00001eb153510,chr3,203969930,203972076,C.Total,FarmCPU,3-199905640,3,203953170,1.07863115512822e-13,12.9671270397266,upstream,16760
Zm00001eb348780,Zm00001eb348780,chr8,103846808,103848401,SGC,FarmCPU,8-101310923,8,103857283,1.08663209007183e-13,12.963917473667,downstream,8882
Zm00001eb348790,Zm00001eb348790,chr8,103871849,103872400,SGC,FarmCPU,8-101310923,8,103857283,1.08663209007183e-13,12.963917473667,upstream,14566
Zm00001eb348800,Zm00001eb348800,chr8,103872501,103874425,SGC,FarmCPU,8-101310923,8,103857283,1.08663209007183e-13,12.963917473667,upstream,15218
Zm00001eb214460,Zm00001eb214460,chr5,7021841,7022304,N.D,BLINK,5-6851962,5,7047181,1.0942162202325e-13,12.9608968516996,downstream,24877
Zm00001eb214470,Zm00001eb214470,chr5,7022712,7024750,N.D,BLINK,5-6851962,5,7047181,1.0942162202325e-13,12.9608968516996,downstream,22431
Zm00001eb214480,Zm00001eb214480,chr5,7027114,7030775,N.D,BLINK,5-6851962,5,7047181,1.0942162202325e-13,12.9608968516996,downstream,16406
Zm00001eb214490,Zm00001eb214490,chr5,7036578,7039527,N.D,BLINK,5-6851962,5,7047181,1.0942162202325e-13,12.9608968516996,downstream,7654
Zm00001eb214500,Zm00001eb214500,chr5,7042486,7046073,N.D,BLINK,5-6851962,5,7047181,1.0942162202325e-13,12.9608968516996,downstream,1108
Zm00001eb214510,Zm00001eb214510,chr5,7048706,7052179,N.D,BLINK,5-6851962,5,7047181,1.0942162202325e-13,12.9608968516996,upstream,1525
Zm00001eb083460,Zm00001eb083460,chr2,56975714,56977534,I.IMNTDK,FarmCPU,2-55588255,2,56989762,1.13755940208284e-13,12.9440259157054,downstream,12228
Zm00001eb083470,Zm00001eb083470,chr2,56975752,56977147,I.IMNTDK,FarmCPU,2-55588255,2,56989762,1.13755940208284e-13,12.9440259157054,downstream,12615
Zm00001eb083480,Zm00001eb083480,chr2,57012557,57016626,I.IMNTDK,FarmCPU,2-55588255,2,56989762,1.13755940208284e-13,12.9440259157054,upstream,22795
Zm00001eb272830,Zm00001eb272830,chr6,95862997,95863819,M.IMNTDK,FarmCPU,6-93392568,6,95882750,1.8370035723665e-13,12.7358899991337,downstream,18931
Zm00001eb272840,Zm00001eb272840,chr6,95863149,95863812,M.IMNTDK,FarmCPU,6-93392568,6,95882750,1.8370035723665e-13,12.7358899991337,downstream,18938
Zm00001eb065900,Zm00001eb065900,chr2,1528205,1534192,V,FarmCPU,2-1565108,2,1557470,1.88726356128675e-13,12.7241674452407,downstream,23278
Zm00001eb065910,Zm00001eb065910,chr2,1532690,1533919,V,FarmCPU,2-1565108,2,1557470,1.88726356128675e-13,12.7241674452407,downstream,23551
Zm00001eb065920,Zm00001eb065920,chr2,1535426,1539474,V,FarmCPU,2-1565108,2,1557470,1.88726356128675e-13,12.7241674452407,downstream,17996
Zm00001eb065930,Zm00001eb065930,chr2,1540675,1542738,V,FarmCPU,2-1565108,2,1557470,1.88726356128675e-13,12.7241674452407,downstream,14732
Zm00001eb065940,Zm00001eb065940,chr2,1544730,1548469,V,FarmCPU,2-1565108,2,1557470,1.88726356128675e-13,12.7241674452407,downstream,9001
Zm00001eb065950,Zm00001eb065950,chr2,1571478,1591655,V,FarmCPU,2-1565108,2,1557470,1.88726356128675e-13,12.7241674452407,upstream,14008
Zm00001eb137760,Zm00001eb137760,chr3,135033869,135038647,E,FarmCPU,3-134398037,3,135063606,2.0588185614279e-13,12.6863819249909,downstream,24959
Zm00001eb137770,Zm00001eb137770,chr3,135067097,135067520,E,FarmCPU,3-134398037,3,135063606,2.0588185614279e-13,12.6863819249909,upstream,3491
Zm00001eb137780,Zm00001eb137780,chr3,135080484,135090767,E,FarmCPU,3-134398037,3,135063606,2.0588185614279e-13,12.6863819249909,upstream,16878
Zm00001eb255560,Zm00001eb255560,chr5,217350190,217352856,T,FarmCPU,5-211604024,5,217376293,2.24998990715912e-13,12.6478194300108,downstream,23437
Zm00001eb322760,Zm00001eb322760,chr7,162412879,162424420,S.Total,FarmCPU,7-157045315,7,162446374,2.27381118075801e-13,12.6432456023394,downstream,21954
Zm00001eb322770,Zm00001eb322770,chr7,162426609,162427138,S.Total,FarmCPU,7-157045315,7,162446374,2.27381118075801e-13,12.6432456023394,downstream,19236
Zm00001eb322780,Zm00001eb322780,chr7,162428259,162430469,S.Total,FarmCPU,7-157045315,7,162446374,2.27381118075801e-13,12.6432456023394,downstream,15905
Zm00001eb322790,Zm00001eb322790,chr7,162433418,162435458,S.Total,FarmCPU,7-157045315,7,162446374,2.27381118075801e-13,12.6432456023394,downstream,10916
Zm00001eb322810,Zm00001eb322810,chr7,162438594,162440730,S.Total,FarmCPU,7-157045315,7,162446374,2.27381118075801e-13,12.6432456023394,downstream,5644
Zm00001eb351230,Zm00001eb351230,chr8,118669012,118673821,N.Total,FarmCPU,8-115398457,8,118673369,2.28453745724857e-13,12.6412017168628,within,0
Zm00001eb351240,Zm00001eb351240,chr8,118669471,118670168,N.Total,FarmCPU,8-115398457,8,118673369,2.28453745724857e-13,12.6412017168628,downstream,3201
Zm00001eb287980,Zm00001eb287980,chr6,157782186,157785573,Q,FarmCPU,6-153817626,6,157804658,2.53753151979773e-13,12.595588554482,downstream,19085
Zm00001eb033240,Zm00001eb033240,chr1,185023656,185041753,I.IMNTDK,FarmCPU,1-183056616,1,185051791,2.5917309284333e-13,12.5864100885894,downstream,10038
Zm00001eb186280,Zm00001eb186280,chr4,156397677,156406120,N,FarmCPU,4-152871168,4,156417411,2.70393608469436e-13,12.5680035784081,downstream,11291
Zm00001eb307410,Zm00001eb307410,chr7,52962666,52965378,IVL,FarmCPU,7-51342634,7,52945327,2.71159492850514e-13,12.5667751870226,upstream,17339
Zm00001eb303550,Zm00001eb303550,chr7,21060699,21061148,R.Total,FarmCPU,7-20200646,7,21086049,2.71208386195073e-13,12.5666968855206,downstream,24901
Zm00001eb425750,Zm00001eb425750,chr10,130396652,130402454,IVL,FarmCPU,10-129288186,10,130414062,2.76924996269539e-13,12.5576378414665,downstream,11608
Zm00001eb329600,Zm00001eb329600,chr7,179948107,179950130,E.Total,FarmCPU,7-174450069,7,179965959,2.91910122734926e-13,12.5347508444718,downstream,15829
Zm00001eb329610,Zm00001eb329610,chr7,179948206,179950238,E.Total,FarmCPU,7-174450069,7,179965959,2.91910122734926e-13,12.5347508444718,downstream,15721
Zm00001eb329620,Zm00001eb329620,chr7,179951204,179954307,E.Total,FarmCPU,7-174450069,7,179965959,2.91910122734926e-13,12.5347508444718,downstream,11652
Zm00001eb329630,Zm00001eb329630,chr7,179969866,179974844,E.Total,FarmCPU,7-174450069,7,179965959,2.91910122734926e-13,12.5347508444718,upstream,3907
Zm00001eb116160,Zm00001eb116160,chr2,237933529,237941319,IVL,FarmCPU,2-231615843,2,237964625,3.03938824146154e-13,12.5172138210273,downstream,23306
Zm00001eb140620,Zm00001eb140620,chr3,149741549,149743965,N.IMNTDK,FarmCPU,3-148477360,3,149748802,3.2906136113999e-13,12.4827231101968,downstream,4837
Zm00001eb077160,Zm00001eb077160,chr2,29456936,29458055,I.IMNTDK,FarmCPU,2-28679785,2,29470044,3.32578690610392e-13,12.4781055808736,downstream,11989
Zm00001eb077170,Zm00001eb077170,chr2,29481074,29481902,I.IMNTDK,FarmCPU,2-28679785,2,29470044,3.32578690610392e-13,12.4781055808736,upstream,11030
Zm00001eb077180,Zm00001eb077180,chr2,29494265,29501176,I.IMNTDK,FarmCPU,2-28679785,2,29470044,3.32578690610392e-13,12.4781055808736,upstream,24221
Zm00001eb057750,Zm00001eb057750,chr1,284764856,284766611,WFY,FarmCPU,1-279724987,1,284788512,3.55719940363438e-13,12.448891789166,downstream,21901
Zm00001eb057760,Zm00001eb057760,chr1,284765955,284766545,WFY,FarmCPU,1-279724987,1,284788512,3.55719940363438e-13,12.448891789166,downstream,21967
Zm00001eb057770,Zm00001eb057770,chr1,284774974,284776823,WFY,FarmCPU,1-279724987,1,284788512,3.55719940363438e-13,12.448891789166,downstream,11689
Zm00001eb057780,Zm00001eb057780,chr1,284779663,284786817,WFY,FarmCPU,1-279724987,1,284788512,3.55719940363438e-13,12.448891789166,downstream,1695
Zm00001eb057790,Zm00001eb057790,chr1,284779663,284781743,WFY,FarmCPU,1-279724987,1,284788512,3.55719940363438e-13,12.448891789166,downstream,6769
Zm00001eb057800,Zm00001eb057800,chr1,284791283,284792056,WFY,FarmCPU,1-279724987,1,284788512,3.55719940363438e-13,12.448891789166,upstream,2771
Zm00001eb305370,Zm00001eb305370,chr7,32675579,32678158,W,FarmCPU,7-31524771,7,32683654,3.73535570649067e-13,12.4276680353451,downstream,5496
Zm00001eb253470,Zm00001eb253470,chr5,212711639,212714195,D.Total,FarmCPU,5-207121581,5,212727942,3.90638047795984e-13,12.4082254590945,downstream,13747
Zm00001eb253480,Zm00001eb253480,chr5,212719537,212720405,D.Total,FarmCPU,5-207121581,5,212727942,3.90638047795984e-13,12.4082254590945,downstream,7537
Zm00001eb253490,Zm00001eb253490,chr5,212719659,212720465,D.Total,FarmCPU,5-207121581,5,212727942,3.90638047795984e-13,12.4082254590945,downstream,7477
Zm00001eb137510,Zm00001eb137510,chr3,133881654,133882351,R.Total,FarmCPU,3-133206905,3,133864142,4.06903058354155e-13,12.3905090459016,upstream,17512
Zm00001eb068950,Zm00001eb068950,chr2,6532116,6534502,Q.E,BLINK,2-6631122,2,6552647,4.08170524446876e-13,12.3891583605515,downstream,18145
Zm00001eb068960,Zm00001eb068960,chr2,6553257,6565633,Q.E,BLINK,2-6631122,2,6552647,4.08170524446876e-13,12.3891583605515,upstream,610
Zm00001eb068970,Zm00001eb068970,chr2,6553988,6554566,Q.E,BLINK,2-6631122,2,6552647,4.08170524446876e-13,12.3891583605515,upstream,1341
Zm00001eb068980,Zm00001eb068980,chr2,6571690,6577708,Q.E,BLINK,2-6631122,2,6552647,4.08170524446876e-13,12.3891583605515,upstream,19043
Zm00001eb393450,Zm00001eb393450,chr9,130359239,130360506,EHPRQ,FarmCPU,9-128366189,9,130350574,4.5043402667839e-13,12.3463688094523,upstream,8665
Zm00001eb326020,Zm00001eb326020,chr7,170959319,170962033,L,FarmCPU,7-165424846,7,170975152,4.54444025596522e-13,12.3425196017085,downstream,13119
Zm00001eb326030,Zm00001eb326030,chr7,170976779,170980854,L,FarmCPU,7-165424846,7,170975152,4.54444025596522e-13,12.3425196017085,upstream,1627
Zm00001eb037990,Zm00001eb037990,chr1,203688151,203691072,M,FarmCPU,1-201232930,1,203702086,5.34130592265037e-13,12.2723525471546,downstream,11014
Zm00001eb100250,Zm00001eb100250,chr2,189524202,189528153,IMNTDK,FarmCPU,2-184650822,2,189507581,5.36703138830194e-13,12.2702658647975,upstream,16621
Zm00001eb402740,Zm00001eb402740,chr9,158361760,158364801,M,FarmCPU,9-155531615,9,158349863,5.47688003039862e-13,12.2614667720722,upstream,11897
Zm00001eb402750,Zm00001eb402750,chr9,158366536,158370125,M,FarmCPU,9-155531615,9,158349863,5.47688003039862e-13,12.2614667720722,upstream,16673
Zm00001eb140620,Zm00001eb140620,chr3,149741549,149743965,N.E,FarmCPU,3-148477360,3,149748802,5.64111712877919e-13,12.2486348827503,downstream,4837
Zm00001eb393450,Zm00001eb393450,chr9,130359239,130360506,LAV,FarmCPU,9-128364318,9,130348703,5.86943435393932e-13,12.2314037503367,upstream,10536
Zm00001eb402840,Zm00001eb402840,chr9,158490315,158496516,Q.E,FarmCPU,9-155705051,9,158515345,5.97163035062722e-13,12.2239070833401,downstream,18829
Zm00001eb402860,Zm00001eb402860,chr9,158513006,158514775,Q.E,FarmCPU,9-155705051,9,158515345,5.97163035062722e-13,12.2239070833401,downstream,570
Zm00001eb402870,Zm00001eb402870,chr9,158534822,158535858,Q.E,FarmCPU,9-155705051,9,158515345,5.97163035062722e-13,12.2239070833401,upstream,19477
Zm00001eb402880,Zm00001eb402880,chr9,158537733,158539794,Q.E,FarmCPU,9-155705051,9,158515345,5.97163035062722e-13,12.2239070833401,upstream,22388
Zm00001eb376540,Zm00001eb376540,chr9,20240498,20240961,S.Total,FarmCPU,9-20480293,9,20250107,6.07141020349869e-13,12.2167104238397,downstream,9146
Zm00001eb215700,Zm00001eb215700,chr5,9991095,9992055,D.Total,BLINK,5-9663930,5,10010988,6.22621053825085e-13,12.2057761978111,downstream,18933
Zm00001eb215710,Zm00001eb215710,chr5,9999369,10002552,D.Total,BLINK,5-9663930,5,10010988,6.22621053825085e-13,12.2057761978111,downstream,8436
Zm00001eb062000,Zm00001eb062000,chr1,298408180,298424189,Q,FarmCPU,1-292956411,1,298412139,6.64746337776011e-13,12.1773440466072,within,0
Zm00001eb082660,Zm00001eb082660,chr2,51916188,51921900,Total,FarmCPU,2-50539660,2,51939611,7.02305380701084e-13,12.153474004231,downstream,17711
Zm00001eb082670,Zm00001eb082670,chr2,51921928,51925375,Total,FarmCPU,2-50539660,2,51939611,7.02305380701084e-13,12.153474004231,downstream,14236
Zm00001eb082680,Zm00001eb082680,chr2,51926418,51929311,Total,FarmCPU,2-50539660,2,51939611,7.02305380701084e-13,12.153474004231,downstream,10300
Zm00001eb115650,Zm00001eb115650,chr2,236664581,236678344,T,FarmCPU,2-230258353,2,236689414,7.09475581747513e-13,12.1490625472041,downstream,11070
Zm00001eb115660,Zm00001eb115660,chr2,236680724,236681898,T,FarmCPU,2-230258353,2,236689414,7.09475581747513e-13,12.1490625472041,downstream,7516
Zm00001eb115670,Zm00001eb115670,chr2,236683597,236684586,T,FarmCPU,2-230258353,2,236689414,7.09475581747513e-13,12.1490625472041,downstream,4828
Zm00001eb276320,Zm00001eb276320,chr6,110862898,110864487,R.EHPRQ,BLINK,6-110786482,6,110879429,7.25413324782178e-13,12.1394144713277,downstream,14942
Zm00001eb276330,Zm00001eb276330,chr6,110865046,110866729,R.EHPRQ,BLINK,6-110786482,6,110879429,7.25413324782178e-13,12.1394144713277,downstream,12700
Zm00001eb277110,Zm00001eb277110,chr6,113822769,113844705,N,FarmCPU,6-109336639,6,113837624,7.99421082855728e-13,12.0972244024267,within,0
Zm00001eb277130,Zm00001eb277130,chr6,113850492,113852776,N,FarmCPU,6-109336639,6,113837624,7.99421082855728e-13,12.0972244024267,upstream,12868
Zm00001eb277140,Zm00001eb277140,chr6,113861423,113862944,N,FarmCPU,6-109336639,6,113837624,7.99421082855728e-13,12.0972244024267,upstream,23799
Zm00001eb386010,Zm00001eb386010,chr9,93158049,93159696,WFY,FarmCPU,9-90819889,9,93176591,8.64048290978614e-13,12.0634619844662,downstream,16895
Zm00001eb386020,Zm00001eb386020,chr9,93160374,93170895,WFY,FarmCPU,9-90819889,9,93176591,8.64048290978614e-13,12.0634619844662,downstream,5696
Zm00001eb212840,Zm00001eb212840,chr5,4385997,4387351,IVL,FarmCPU,5-4273469,5,4383623,9.37497350329472e-13,12.0280299510551,upstream,2374
Zm00001eb212850,Zm00001eb212850,chr5,4389192,4390489,IVL,FarmCPU,5-4273469,5,4383623,9.37497350329472e-13,12.0280299510551,upstream,5569
Zm00001eb346720,Zm00001eb346720,chr8,89553728,89554009,R.EHPRQ,FarmCPU,8-87289472,8,89569329,9.4656011094822e-13,12.0238518011147,downstream,15320
Zm00001eb346740,Zm00001eb346740,chr8,89557364,89565221,R.EHPRQ,FarmCPU,8-87289472,8,89569329,9.4656011094822e-13,12.0238518011147,downstream,4108
Zm00001eb346750,Zm00001eb346750,chr8,89567205,89591241,R.EHPRQ,FarmCPU,8-87289472,8,89569329,9.4656011094822e-13,12.0238518011147,within,0
Zm00001eb300090,Zm00001eb300090,chr7,5645096,5652501,Total_PBAA,BLINK,7-5322774,7,5653328,9.48498998184468e-13,12.0229631234819,downstream,827
Zm00001eb300100,Zm00001eb300100,chr7,5653558,5658222,Total_PBAA,BLINK,7-5322774,7,5653328,9.48498998184468e-13,12.0229631234819,upstream,230
Zm00001eb198880,Zm00001eb198880,chr4,202202571,202203625,Y.WFY,BLINK,4-197979180,4,202190460,9.52978005742046e-13,12.0209171225464,upstream,12111
Zm00001eb189620,Zm00001eb189620,chr4,169901854,169902210,N.IMNTDK,FarmCPU,4-166954693,4,169877549,1.010880286584e-12,11.9953002726527,upstream,24305
Zm00001eb140880,Zm00001eb140880,chr3,150870964,150871771,LAV,FarmCPU,3-149595996,3,150857975,1.01534715868977e-12,11.9933854421591,upstream,12989
Zm00001eb257600,Zm00001eb257600,chr5,221596323,221602481,F,FarmCPU,5-215791104,5,221609760,1.13166060029751e-12,11.9462838041718,downstream,7279
Zm00001eb413890,Zm00001eb413890,chr10,66245954,66259829,WFY,FarmCPU,10-67014781,10,66252635,1.18304203794588e-12,11.9269998229768,within,0
Zm00001eb337610,Zm00001eb337610,chr8,21742759,21746623,S.Total,FarmCPU,8-21078236,8,21761275,1.2268255748497e-12,11.9112171791353,downstream,14652
Zm00001eb226270,Zm00001eb226270,chr5,54753614,54763394,K,BLINK,5-53146882,5,54768939,1.24919065845256e-12,11.9033712721185,downstream,5545
Zm00001eb226280,Zm00001eb226280,chr5,54762353,54764922,K,BLINK,5-53146882,5,54768939,1.24919065845256e-12,11.9033712721185,downstream,4017
Zm00001eb375300,Zm00001eb375300,chr9,16884697,16885074,R.Total,FarmCPU,9-17121702,9,16860666,1.285278751873e-12,11.8910026721214,upstream,24031
Zm00001eb375310,Zm00001eb375310,chr9,16885192,16885584,R.Total,FarmCPU,9-17121702,9,16860666,1.285278751873e-12,11.8910026721214,upstream,24526
Zm00001eb018150,Zm00001eb018150,chr1,64820200,64823889,N,FarmCPU,1-64008350,1,64841887,1.32254632658718e-12,11.8785891064166,downstream,17998
Zm00001eb018170,Zm00001eb018170,chr1,64830884,64834361,N,FarmCPU,1-64008350,1,64841887,1.32254632658718e-12,11.8785891064166,downstream,7526
Zm00001eb433520,Zm00001eb433520,chr10,150133263,150134642,SGC,FarmCPU,10-148840622,10,150154298,1.34882720495456e-12,11.8700436831979,downstream,19656
Zm00001eb433530,Zm00001eb433530,chr10,150163723,150165484,SGC,FarmCPU,10-148840622,10,150154298,1.34882720495456e-12,11.8700436831979,upstream,9425
Zm00001eb433540,Zm00001eb433540,chr10,150168727,150169960,SGC,FarmCPU,10-148840622,10,150154298,1.34882720495456e-12,11.8700436831979,upstream,14429
Zm00001eb433550,Zm00001eb433550,chr10,150175007,150177685,SGC,FarmCPU,10-148840622,10,150154298,1.34882720495456e-12,11.8700436831979,upstream,20709
Zm00001eb051330,Zm00001eb051330,chr1,260844051,260846164,S,FarmCPU,1-256348780,1,260840491,1.38339738024583e-12,11.8590530510846,upstream,3560
Zm00001eb369570,Zm00001eb369570,chr8,178179290,178181686,D.IMNTDK,FarmCPU,8-172449250,8,178193459,1.48851549083019e-12,11.827246641335,downstream,11773
Zm00001eb369580,Zm00001eb369580,chr8,178205192,178207109,D.IMNTDK,FarmCPU,8-172449250,8,178193459,1.48851549083019e-12,11.827246641335,upstream,11733
Zm00001eb369590,Zm00001eb369590,chr8,178210343,178213954,D.IMNTDK,FarmCPU,8-172449250,8,178193459,1.48851549083019e-12,11.827246641335,upstream,16884
Zm00001eb146450,Zm00001eb146450,chr3,179420127,179427867,G,FarmCPU,3-177292838,3,179451922,1.60296985070196e-12,11.7950746459533,downstream,24055
Zm00001eb146460,Zm00001eb146460,chr3,179429488,179431205,G,FarmCPU,3-177292838,3,179451922,1.60296985070196e-12,11.7950746459533,downstream,20717
Zm00001eb146480,Zm00001eb146480,chr3,179433646,179434230,G,FarmCPU,3-177292838,3,179451922,1.60296985070196e-12,11.7950746459533,downstream,17692
Zm00001eb427580,Zm00001eb427580,chr10,135961917,135964447,G.SGC,BLINK,10-134742382,10,135966865,1.61935566155583e-12,11.7906577560104,downstream,2418
Zm00001eb388220,Zm00001eb388220,chr9,106075393,106076646,C.Total,FarmCPU,9-103566262,9,106094668,1.67088619441749e-12,11.7770531292925,downstream,18022
Zm00001eb272910,Zm00001eb272910,chr6,96159886,96161525,R,FarmCPU,3-100270756,6,96166233,1.72767738225947e-12,11.7625373522422,downstream,4708
Zm00001eb119580,Zm00001eb119580,chr3,2756673,2759403,W,FarmCPU,3-3550542,3,2783865,1.77119204414515e-12,11.7517343472285,downstream,24462
Zm00001eb119590,Zm00001eb119590,chr3,2759882,2764571,W,FarmCPU,3-3550542,3,2783865,1.77119204414515e-12,11.7517343472285,downstream,19294
Zm00001eb119610,Zm00001eb119610,chr3,2771034,2771789,W,FarmCPU,3-3550542,3,2783865,1.77119204414515e-12,11.7517343472285,downstream,12076
Zm00001eb119620,Zm00001eb119620,chr3,2776225,2776608,W,FarmCPU,3-3550542,3,2783865,1.77119204414515e-12,11.7517343472285,downstream,7257
Zm00001eb119630,Zm00001eb119630,chr3,2799035,2807870,W,FarmCPU,3-3550542,3,2783865,1.77119204414515e-12,11.7517343472285,upstream,15170
Zm00001eb041800,Zm00001eb041800,chr1,219883824,219887445,N,FarmCPU,1-216747522,1,219876582,1.87310972124059e-12,11.7274367821903,upstream,7242
Zm00001eb041810,Zm00001eb041810,chr1,219889363,219889629,N,FarmCPU,1-216747522,1,219876582,1.87310972124059e-12,11.7274367821903,upstream,12781
Zm00001eb221110,Zm00001eb221110,chr5,26632216,26636343,Y.Total,BLINK,5-26036553,5,26643305,1.98594801347425e-12,11.7020321242982,downstream,6962
Zm00001eb195620,Zm00001eb195620,chr4,190492895,190496150,M,BLINK,4-187220786,4,190504181,1.9878603157535e-12,11.7016141361504,downstream,8031
Zm00001eb294210,Zm00001eb294210,chr6,173049234,173061199,A.Total,BLINK,6-169045676,6,173082541,2.061301141048e-12,11.6858585563325,downstream,21342
Zm00001eb116160,Zm00001eb116160,chr2,237933529,237941319,Total,FarmCPU,2-231615843,2,237964625,2.09861148821707e-12,11.6780679540525,downstream,23306
Zm00001eb272910,Zm00001eb272910,chr6,96159886,96161525,K.Total,FarmCPU,3-100270756,6,96166233,2.12675784254e-12,11.6722819570346,downstream,4708
Zm00001eb234640,Zm00001eb234640,chr5,100662751,100673191,N.Q,BLINK,5-98221731,5,100684736,2.1899130755613e-12,11.6595731233121,downstream,11545
Zm00001eb156080,Zm00001eb156080,chr3,212278924,212281549,M.IMNTDK,FarmCPU,3-208764277,3,212258154,2.22684328012865e-12,11.652310346491,upstream,20770
Zm00001eb156090,Zm00001eb156090,chr3,212278924,212281549,M.IMNTDK,FarmCPU,3-208764277,3,212258154,2.22684328012865e-12,11.652310346491,upstream,20770
Zm00001eb382010,Zm00001eb382010,chr9,49601252,49602307,SGC,FarmCPU,9-48623727,9,49600027,2.29320977215177e-12,11.639556216216,upstream,1225
Zm00001eb156830,Zm00001eb156830,chr3,214604668,214607770,Q.E,BLINK,3-211067404,3,214616761,2.32051348774794e-12,11.6344159029452,downstream,8991
Zm00001eb156840,Zm00001eb156840,chr3,214617942,214620524,Q.E,BLINK,3-211067404,3,214616761,2.32051348774794e-12,11.6344159029452,upstream,1181
Zm00001eb156850,Zm00001eb156850,chr3,214623407,214625961,Q.E,BLINK,3-211067404,3,214616761,2.32051348774794e-12,11.6344159029452,upstream,6646
Zm00001eb430390,Zm00001eb430390,chr10,143309240,143310983,Q.E,FarmCPU,10-141944116,10,143315558,2.33437931023806e-12,11.631828574615,downstream,4575
Zm00001eb167350,Zm00001eb167350,chr4,7858349,7865715,I,BLINK,4-7066396,4,7867724,2.50753413838499e-12,11.600753145641,downstream,2009
Zm00001eb167360,Zm00001eb167360,chr4,7872387,7878174,I,BLINK,4-7066396,4,7867724,2.50753413838499e-12,11.600753145641,upstream,4663
Zm00001eb300910,Zm00001eb300910,chr7,8354179,8361277,K,FarmCPU,7-8054176,7,8342345,2.57965618385174e-12,11.5884381728763,upstream,11834
Zm00001eb300920,Zm00001eb300920,chr7,8359676,8376751,K,FarmCPU,7-8054176,7,8342345,2.57965618385174e-12,11.5884381728763,upstream,17331
Zm00001eb210930,Zm00001eb210930,chr5,1621975,1630054,I,BLINK,5-1576997,5,1616133,2.66702715882272e-12,11.5739725617879,upstream,5842
Zm00001eb210940,Zm00001eb210940,chr5,1630839,1635613,I,BLINK,5-1576997,5,1616133,2.66702715882272e-12,11.5739725617879,upstream,14706
Zm00001eb210950,Zm00001eb210950,chr5,1638665,1648141,I,BLINK,5-1576997,5,1616133,2.66702715882272e-12,11.5739725617879,upstream,22532
Zm00001eb210960,Zm00001eb210960,chr5,1639175,1642130,I,BLINK,5-1576997,5,1616133,2.66702715882272e-12,11.5739725617879,upstream,23042
Zm00001eb254650,Zm00001eb254650,chr5,215473752,215474224,S.Total,FarmCPU,5-209718196,5,215495519,2.72346638997398e-12,11.5648779799425,downstream,21295
Zm00001eb254660,Zm00001eb254660,chr5,215482659,215490052,S.Total,FarmCPU,5-209718196,5,215495519,2.72346638997398e-12,11.5648779799425,downstream,5467
Zm00001eb180070,Zm00001eb180070,chr4,89886492,89888874,C.Total,FarmCPU,4-86571172,4,89875455,3.03562871953255e-12,11.5177513470449,upstream,11037
Zm00001eb133490,Zm00001eb133490,chr3,100187835,100188851,L,FarmCPU,3-98874572,3,100182674,3.09574576092707e-12,11.5092347130926,upstream,5161
Zm00001eb046550,Zm00001eb046550,chr1,240224174,240226721,N.E,FarmCPU,1-236812092,1,240207900,3.24035313698746e-12,11.4894076573589,upstream,16274
Zm00001eb427580,Zm00001eb427580,chr10,135961917,135964447,S.SGC,BLINK,10-134742382,10,135966865,3.25346518690216e-12,11.4876538359924,downstream,2418
Zm00001eb425750,Zm00001eb425750,chr10,130396652,130402454,LAV,FarmCPU,10-129288568,10,130414444,3.37972832983696e-12,11.4711182078864,downstream,11990
Zm00001eb082790,Zm00001eb082790,chr2,53166375,53168054,K.IMNTDK,FarmCPU,2-51744034,2,53155140,3.46319267697959e-12,11.4605233455221,upstream,11235
Zm00001eb082800,Zm00001eb082800,chr2,53173161,53175880,K.IMNTDK,FarmCPU,2-51744034,2,53155140,3.46319267697959e-12,11.4605233455221,upstream,18021
Zm00001eb082810,Zm00001eb082810,chr2,53173171,53175873,K.IMNTDK,FarmCPU,2-51744034,2,53155140,3.46319267697959e-12,11.4605233455221,upstream,18031
Zm00001eb149460,Zm00001eb149460,chr3,189488491,189490486,Q.Total,BLINK,3-186609917,3,189482023,3.77254013234012e-12,11.4233661314964,upstream,6468
Zm00001eb165420,Zm00001eb165420,chr4,3610401,3621644,S.Total,FarmCPU,4-3053638,4,3617080,4.11023302662708e-12,11.3861335554209,within,0
Zm00001eb165430,Zm00001eb165430,chr4,3621962,3623728,S.Total,FarmCPU,4-3053638,4,3617080,4.11023302662708e-12,11.3861335554209,upstream,4882
Zm00001eb165440,Zm00001eb165440,chr4,3624033,3627815,S.Total,FarmCPU,4-3053638,4,3617080,4.11023302662708e-12,11.3861335554209,upstream,6953
Zm00001eb165450,Zm00001eb165450,chr4,3629929,3634070,S.Total,FarmCPU,4-3053638,4,3617080,4.11023302662708e-12,11.3861335554209,upstream,12849
Zm00001eb021370,Zm00001eb021370,chr1,81283322,81288915,W,FarmCPU,1-79716333,1,81313366,4.22715030921561e-12,11.3739523092322,downstream,24451
Zm00001eb021380,Zm00001eb021380,chr1,81290276,81292848,W,FarmCPU,1-79716333,1,81313366,4.22715030921561e-12,11.3739523092322,downstream,20518
Zm00001eb288670,Zm00001eb288670,chr6,159645805,159649140,Total,FarmCPU,6-155675818,6,159622418,4.25753740439098e-12,11.3708415278752,upstream,23387
Zm00001eb414040,Zm00001eb414040,chr10,67657183,67671813,Y,FarmCPU,10-68431604,10,67656641,4.3567949701467e-12,11.3608328773902,upstream,542
Zm00001eb067910,Zm00001eb067910,chr2,4801613,4802460,M,FarmCPU,2-4853603,2,4821935,4.42610501332368e-12,11.3539782862592,downstream,19475
Zm00001eb067920,Zm00001eb067920,chr2,4809816,4815225,M,FarmCPU,2-4853603,2,4821935,4.42610501332368e-12,11.3539782862592,downstream,6710
Zm00001eb024000,Zm00001eb024000,chr1,97350213,97351247,N.Total,BLINK,1-95112952,1,97330504,4.48149065955563e-12,11.3485775044083,upstream,19709
Zm00001eb258590,Zm00001eb258590,chr5,223657677,223660025,H,FarmCPU,5-217750506,5,223684728,4.67067827624949e-12,11.3306200465768,downstream,24703
Zm00001eb258600,Zm00001eb258600,chr5,223680613,223689690,H,FarmCPU,5-217750506,5,223684728,4.67067827624949e-12,11.3306200465768,within,0
Zm00001eb258610,Zm00001eb258610,chr5,223691917,223693843,H,FarmCPU,5-217750506,5,223684728,4.67067827624949e-12,11.3306200465768,upstream,7189
Zm00001eb258630,Zm00001eb258630,chr5,223694809,223699176,H,FarmCPU,5-217750506,5,223684728,4.67067827624949e-12,11.3306200465768,upstream,10081
Zm00001eb258640,Zm00001eb258640,chr5,223699296,223702997,H,FarmCPU,5-217750506,5,223684728,4.67067827624949e-12,11.3306200465768,upstream,14568
Zm00001eb256460,Zm00001eb256460,chr5,219600127,219601830,R,BLINK,5-213801737,5,219604783,4.6951493708823e-12,11.3283505865889,downstream,2953
Zm00001eb256470,Zm00001eb256470,chr5,219602065,219605254,R,BLINK,5-213801737,5,219604783,4.6951493708823e-12,11.3283505865889,within,0
Zm00001eb216050,Zm00001eb216050,chr5,10705315,10706466,H,FarmCPU,5-10366510,5,10725038,4.88615188958042e-12,11.3110330367933,downstream,18572
Zm00001eb216060,Zm00001eb216060,chr5,10705382,10706568,H,FarmCPU,5-10366510,5,10725038,4.88615188958042e-12,11.3110330367933,downstream,18470
Zm00001eb216070,Zm00001eb216070,chr5,10716481,10718746,H,FarmCPU,5-10366510,5,10725038,4.88615188958042e-12,11.3110330367933,downstream,6292
Zm00001eb216080,Zm00001eb216080,chr5,10722689,10726329,H,FarmCPU,5-10366510,5,10725038,4.88615188958042e-12,11.3110330367933,within,0
Zm00001eb305320,Zm00001eb305320,chr7,32436569,32439000,SGC,FarmCPU,7-31316547,7,32445149,4.95662214852217e-12,11.3048141868173,downstream,6149
Zm00001eb264330,Zm00001eb264330,chr6,27126385,27126789,N.Total,FarmCPU,6-25743333,6,27137444,5.06081144723628e-12,11.2957798430805,downstream,10655
Zm00001eb264340,Zm00001eb264340,chr6,27126937,27127484,N.Total,FarmCPU,6-25743333,6,27137444,5.06081144723628e-12,11.2957798430805,downstream,9960
Zm00001eb123060,Zm00001eb123060,chr3,12830057,12832763,Q,FarmCPU,3-13529304,3,12816556,5.10887445565452e-12,11.2916747694427,upstream,13501
Zm00001eb083020,Zm00001eb083020,chr2,54461978,54465741,R,BLINK,2-53056658,2,54447266,5.2022083528513e-12,11.2838122579299,upstream,14712
Zm00001eb074510,Zm00001eb074510,chr2,20680642,20683157,N.Q,FarmCPU,2-20056905,2,20705102,5.28136357344059e-12,11.2772539342907,downstream,21945
Zm00001eb074520,Zm00001eb074520,chr2,20686099,20691165,N.Q,FarmCPU,2-20056905,2,20705102,5.28136357344059e-12,11.2772539342907,downstream,13937
Zm00001eb074530,Zm00001eb074530,chr2,20693596,20696065,N.Q,FarmCPU,2-20056905,2,20705102,5.28136357344059e-12,11.2772539342907,downstream,9037
Zm00001eb074540,Zm00001eb074540,chr2,20708532,20710875,N.Q,FarmCPU,2-20056905,2,20705102,5.28136357344059e-12,11.2772539342907,upstream,3430
Zm00001eb417100,Zm00001eb417100,chr10,86505315,86525363,N,FarmCPU,10-86489794,10,86519548,5.30340120691404e-12,11.2754455168833,within,0
Zm00001eb068400,Zm00001eb068400,chr2,5495785,5499845,V,FarmCPU,2-5571225,2,5507483,5.52002380951003e-12,11.2580590490251,downstream,7638
Zm00001eb068410,Zm00001eb068410,chr2,5529723,5531676,V,FarmCPU,2-5571225,2,5507483,5.52002380951003e-12,11.2580590490251,upstream,22240
Zm00001eb068420,Zm00001eb068420,chr2,5532422,5551926,V,FarmCPU,2-5571225,2,5507483,5.52002380951003e-12,11.2580590490251,upstream,24939
Zm00001eb149460,Zm00001eb149460,chr3,189488491,189490486,Q.E,BLINK,3-186609917,3,189482023,5.52203924748865e-12,11.2579005109696,upstream,6468
Zm00001eb095710,Zm00001eb095710,chr2,168388452,168390699,C.Total,FarmCPU,2-164326402,2,168394815,6.07198924103391e-12,11.2166690066389,downstream,4116
Zm00001eb038530,Zm00001eb038530,chr1,206010963,206011914,C,FarmCPU,1-203213347,1,205995374,6.52796216746718e-12,11.1852223711825,upstream,15589
Zm00001eb038540,Zm00001eb038540,chr1,206012482,206017023,C,FarmCPU,1-203213347,1,205995374,6.52796216746718e-12,11.1852223711825,upstream,17108
Zm00001eb038560,Zm00001eb038560,chr1,206018777,206019061,C,FarmCPU,1-203213347,1,205995374,6.52796216746718e-12,11.1852223711825,upstream,23403
Zm00001eb109730,Zm00001eb109730,chr2,219273310,219276732,N.IMNTDK,FarmCPU,2-213143558,2,219294762,6.59829434534304e-12,11.1805683147823,downstream,18030
Zm00001eb109740,Zm00001eb109740,chr2,219279692,219281313,N.IMNTDK,FarmCPU,2-213143558,2,219294762,6.59829434534304e-12,11.1805683147823,downstream,13449
Zm00001eb109750,Zm00001eb109750,chr2,219281730,219283212,N.IMNTDK,FarmCPU,2-213143558,2,219294762,6.59829434534304e-12,11.1805683147823,downstream,11550
Zm00001eb109760,Zm00001eb109760,chr2,219305568,219306757,N.IMNTDK,FarmCPU,2-213143558,2,219294762,6.59829434534304e-12,11.1805683147823,upstream,10806
Zm00001eb109770,Zm00001eb109770,chr2,219308579,219319038,N.IMNTDK,FarmCPU,2-213143558,2,219294762,6.59829434534304e-12,11.1805683147823,upstream,13817
Zm00001eb289140,Zm00001eb289140,chr6,161355433,161355777,G.SGC,BLINK,6-157438491,6,161371514,6.70034969934631e-12,11.1739025303539,downstream,15737
Zm00001eb289150,Zm00001eb289150,chr6,161356274,161361148,G.SGC,BLINK,6-157438491,6,161371514,6.70034969934631e-12,11.1739025303539,downstream,10366
Zm00001eb289160,Zm00001eb289160,chr6,161377040,161390861,G.SGC,BLINK,6-157438491,6,161371514,6.70034969934631e-12,11.1739025303539,upstream,5526
Zm00001eb068910,Zm00001eb068910,chr2,6413586,6418199,P,FarmCPU,2-6461703,2,6435361,6.83315387861724e-12,11.1653787991102,downstream,17162
Zm00001eb068930,Zm00001eb068930,chr2,6418268,6420034,P,FarmCPU,2-6461703,2,6435361,6.83315387861724e-12,11.1653787991102,downstream,15327
Zm00001eb068940,Zm00001eb068940,chr2,6445171,6446198,P,FarmCPU,2-6461703,2,6435361,6.83315387861724e-12,11.1653787991102,upstream,9810
Zm00001eb395440,Zm00001eb395440,chr9,139100213,139102322,N.D,BLINK,9-136761974,9,139086300,6.9282940952482e-12,11.1593736854779,upstream,13913
Zm00001eb060800,Zm00001eb060800,chr1,294901415,294909090,Total,FarmCPU,1-289555692,1,294881626,6.94960516955244e-12,11.1580398684395,upstream,19789
Zm00001eb411940,Zm00001eb411940,chr10,41689049,41694086,N.D,BLINK,10-40576192,10,41700989,6.95197873025608e-12,11.1578915652916,downstream,6903
Zm00001eb201180,Zm00001eb201180,chr4,213496773,213515402,Q,BLINK,4-210279640,4,213532243,7.04724756334375e-12,11.1519804718679,downstream,16841
Zm00001eb169950,Zm00001eb169950,chr4,22152266,22154411,I,FarmCPU,4-20929320,4,22164575,7.04992863546214e-12,11.151815279233,downstream,10164
Zm00001eb399210,Zm00001eb399210,chr9,150354020,150374095,M.IMNTDK,FarmCPU,9-147623925,9,150365901,7.08677712130821e-12,11.1495512255577,within,0
Zm00001eb377170,Zm00001eb377170,chr9,21834848,21848622,Q.Total,FarmCPU,9-22009538,9,21818929,7.19409220063559e-12,11.1430240004943,upstream,15919
Zm00001eb178250,Zm00001eb178250,chr4,73774261,73779177,A,FarmCPU,4-71081228,4,73765993,7.32053750181096e-12,11.135457030212,upstream,8268
Zm00001eb386500,Zm00001eb386500,chr9,96309109,96313614,N.E,BLINK,9-93922124,9,96321786,7.80912666762963e-12,11.1073975326575,downstream,8172
Zm00001eb386510,Zm00001eb386510,chr9,96314188,96320591,N.E,BLINK,9-93922124,9,96321786,7.80912666762963e-12,11.1073975326575,downstream,1195
Zm00001eb322660,Zm00001eb322660,chr7,162177632,162178621,Total,FarmCPU,7-156783044,7,162164143,7.87798299233279e-12,11.1035849611181,upstream,13489
Zm00001eb322670,Zm00001eb322670,chr7,162185107,162185811,Total,FarmCPU,7-156783044,7,162164143,7.87798299233279e-12,11.1035849611181,upstream,20964
Zm00001eb214460,Zm00001eb214460,chr5,7021841,7022304,N.Total,FarmCPU,5-6851962,5,7047181,8.33384462284138e-12,11.0791546008396,downstream,24877
Zm00001eb214470,Zm00001eb214470,chr5,7022712,7024750,N.Total,FarmCPU,5-6851962,5,7047181,8.33384462284138e-12,11.0791546008396,downstream,22431
Zm00001eb214480,Zm00001eb214480,chr5,7027114,7030775,N.Total,FarmCPU,5-6851962,5,7047181,8.33384462284138e-12,11.0791546008396,downstream,16406
Zm00001eb214490,Zm00001eb214490,chr5,7036578,7039527,N.Total,FarmCPU,5-6851962,5,7047181,8.33384462284138e-12,11.0791546008396,downstream,7654
Zm00001eb214500,Zm00001eb214500,chr5,7042486,7046073,N.Total,FarmCPU,5-6851962,5,7047181,8.33384462284138e-12,11.0791546008396,downstream,1108
Zm00001eb214510,Zm00001eb214510,chr5,7048706,7052179,N.Total,FarmCPU,5-6851962,5,7047181,8.33384462284138e-12,11.0791546008396,upstream,1525
Zm00001eb282780,Zm00001eb282780,chr6,138047659,138051378,IMNTDK,BLINK,6-134282280,6,138058146,8.36089176712166e-12,11.0777473985316,downstream,6768
Zm00001eb025590,Zm00001eb025590,chr1,109867156,109867884,Total,FarmCPU,1-107292683,1,109842903,8.51131437914834e-12,11.0700033678198,upstream,24253
Zm00001eb124780,Zm00001eb124780,chr3,19794268,19809842,IVL,BLINK,3-20416441,3,19828782,8.5552155816962e-12,11.0677690422583,downstream,18940
Zm00001eb124790,Zm00001eb124790,chr3,19816426,19832549,IVL,BLINK,3-20416441,3,19828782,8.5552155816962e-12,11.0677690422583,within,0
Zm00001eb300090,Zm00001eb300090,chr7,5645096,5652501,Total_N,BLINK,7-5322675,7,5653229,8.82283661280072e-12,11.054391763255,downstream,728
Zm00001eb300100,Zm00001eb300100,chr7,5653558,5658222,Total_N,BLINK,7-5322675,7,5653229,8.82283661280072e-12,11.054391763255,upstream,329
Zm00001eb242960,Zm00001eb242960,chr5,173160651,173166036,D,FarmCPU,5-169267439,5,173186899,9.14693278298928e-12,11.038724512353,downstream,20863
Zm00001eb242970,Zm00001eb242970,chr5,173162379,173162781,D,FarmCPU,5-169267439,5,173186899,9.14693278298928e-12,11.038724512353,downstream,24118
Zm00001eb242980,Zm00001eb242980,chr5,173164160,173164493,D,FarmCPU,5-169267439,5,173186899,9.14693278298928e-12,11.038724512353,downstream,22406
Zm00001eb242990,Zm00001eb242990,chr5,173166986,173167819,D,FarmCPU,5-169267439,5,173186899,9.14693278298928e-12,11.038724512353,downstream,19080
Zm00001eb243000,Zm00001eb243000,chr5,173168577,173173402,D,FarmCPU,5-169267439,5,173186899,9.14693278298928e-12,11.038724512353,downstream,13497
Zm00001eb243010,Zm00001eb243010,chr5,173174309,173178541,D,FarmCPU,5-169267439,5,173186899,9.14693278298928e-12,11.038724512353,downstream,8358
Zm00001eb243020,Zm00001eb243020,chr5,173207819,173211301,D,FarmCPU,5-169267439,5,173186899,9.14693278298928e-12,11.038724512353,upstream,20920
Zm00001eb327440,Zm00001eb327440,chr7,174568553,174569176,C.Total,FarmCPU,7-169034756,7,174560171,9.3804768968473e-12,11.0277750818337,upstream,8382
Zm00001eb327450,Zm00001eb327450,chr7,174581159,174583649,C.Total,FarmCPU,7-169034756,7,174560171,9.3804768968473e-12,11.0277750818337,upstream,20988
Zm00001eb216540,Zm00001eb216540,chr5,12219483,12220818,I.IMNTDK,FarmCPU,5-11810733,5,12245222,1.00737145603789e-11,10.9968103590777,downstream,24404
Zm00001eb216550,Zm00001eb216550,chr5,12220915,12225552,I.IMNTDK,FarmCPU,5-11810733,5,12245222,1.00737145603789e-11,10.9968103590777,downstream,19670
Zm00001eb216560,Zm00001eb216560,chr5,12251820,12252573,I.IMNTDK,FarmCPU,5-11810733,5,12245222,1.00737145603789e-11,10.9968103590777,upstream,6598
Zm00001eb216570,Zm00001eb216570,chr5,12254367,12255350,I.IMNTDK,FarmCPU,5-11810733,5,12245222,1.00737145603789e-11,10.9968103590777,upstream,9145
Zm00001eb073630,Zm00001eb073630,chr2,17356277,17360651,IMNTDK,BLINK,2-16861150,2,17339339,1.01688864012953e-11,10.9927266042309,upstream,16938
Zm00001eb325500,Zm00001eb325500,chr7,169447647,169456072,A,FarmCPU,7-163968365,7,169442426,1.0643306874465e-11,10.9729234158189,upstream,5221
Zm00001eb325510,Zm00001eb325510,chr7,169456289,169457748,A,FarmCPU,7-163968365,7,169442426,1.0643306874465e-11,10.9729234158189,upstream,13863
Zm00001eb046790,Zm00001eb046790,chr1,241198303,241222209,A.LAV,BLINK,1-237849440,1,241180154,1.0705902348005e-11,10.9703767222748,upstream,18149
Zm00001eb206250,Zm00001eb206250,chr4,242862656,242873833,R.EHPRQ,BLINK,4-238154623,4,242881276,1.0758633585862e-11,10.9682428832982,downstream,7443
Zm00001eb206260,Zm00001eb206260,chr4,242876672,242877173,R.EHPRQ,BLINK,4-238154623,4,242881276,1.0758633585862e-11,10.9682428832982,downstream,4103
Zm00001eb206270,Zm00001eb206270,chr4,242877953,242879183,R.EHPRQ,BLINK,4-238154623,4,242881276,1.0758633585862e-11,10.9682428832982,downstream,2093
Zm00001eb206280,Zm00001eb206280,chr4,242880845,242882018,R.EHPRQ,BLINK,4-238154623,4,242881276,1.0758633585862e-11,10.9682428832982,within,0
Zm00001eb206290,Zm00001eb206290,chr4,242882208,242885525,R.EHPRQ,BLINK,4-238154623,4,242881276,1.0758633585862e-11,10.9682428832982,upstream,932
Zm00001eb206300,Zm00001eb206300,chr4,242887809,242893790,R.EHPRQ,BLINK,4-238154623,4,242881276,1.0758633585862e-11,10.9682428832982,upstream,6533
Zm00001eb406930,Zm00001eb406930,chr10,5608221,5613076,R.Total,BLINK,10-5874874,10,5600490,1.07784955266082e-11,10.9674418541855,upstream,7731
Zm00001eb406940,Zm00001eb406940,chr10,5610271,5611089,R.Total,BLINK,10-5874874,10,5600490,1.07784955266082e-11,10.9674418541855,upstream,9781
Zm00001eb039000,Zm00001eb039000,chr1,208222307,208225640,IMNTDK,BLINK,1-205460949,1,208247035,1.08923354231132e-11,10.962878993281,downstream,21395
Zm00001eb021640,Zm00001eb021640,chr1,82369329,82370821,Total_N,BLINK,1-80777231,1,82382090,1.15402973432981e-11,10.9377830011552,downstream,11269
Zm00001eb021650,Zm00001eb021650,chr1,82375978,82377069,Total_N,BLINK,1-80777231,1,82382090,1.15402973432981e-11,10.9377830011552,downstream,5021
Zm00001eb021660,Zm00001eb021660,chr1,82377432,82377841,Total_N,BLINK,1-80777231,1,82382090,1.15402973432981e-11,10.9377830011552,downstream,4249
Zm00001eb021670,Zm00001eb021670,chr1,82379007,82381438,Total_N,BLINK,1-80777231,1,82382090,1.15402973432981e-11,10.9377830011552,downstream,652
Zm00001eb021690,Zm00001eb021690,chr1,82404649,82405736,Total_N,BLINK,1-80777231,1,82382090,1.15402973432981e-11,10.9377830011552,upstream,22559
Zm00001eb021700,Zm00001eb021700,chr1,82404649,82405664,Total_N,BLINK,1-80777231,1,82382090,1.15402973432981e-11,10.9377830011552,upstream,22559
Zm00001eb378600,Zm00001eb378600,chr9,27015133,27020192,Q,FarmCPU,9-26960210,9,27019990,1.21805324386291e-11,10.9143337272939,within,0
Zm00001eb378610,Zm00001eb378610,chr9,27020410,27020685,Q,FarmCPU,9-26960210,9,27019990,1.21805324386291e-11,10.9143337272939,upstream,420
Zm00001eb378620,Zm00001eb378620,chr9,27031307,27037691,Q,FarmCPU,9-26960210,9,27019990,1.21805324386291e-11,10.9143337272939,upstream,11317
Zm00001eb109430,Zm00001eb109430,chr2,218445148,218446454,R.EHPRQ,BLINK,2-212322724,2,218470553,1.23458900528298e-11,10.908477594991,downstream,24099
Zm00001eb109440,Zm00001eb109440,chr2,218451265,218455797,R.EHPRQ,BLINK,2-212322724,2,218470553,1.23458900528298e-11,10.908477594991,downstream,14756
Zm00001eb109450,Zm00001eb109450,chr2,218458168,218459180,R.EHPRQ,BLINK,2-212322724,2,218470553,1.23458900528298e-11,10.908477594991,downstream,11373
Zm00001eb109460,Zm00001eb109460,chr2,218458345,218458635,R.EHPRQ,BLINK,2-212322724,2,218470553,1.23458900528298e-11,10.908477594991,downstream,11918
Zm00001eb103350,Zm00001eb103350,chr2,201509432,201514605,K.IMNTDK,FarmCPU,2-195935106,2,201505766,1.28058501603988e-11,10.8925915841058,upstream,3666
Zm00001eb103360,Zm00001eb103360,chr2,201514751,201515486,K.IMNTDK,FarmCPU,2-195935106,2,201505766,1.28058501603988e-11,10.8925915841058,upstream,8985
Zm00001eb206320,Zm00001eb206320,chr4,242932921,242933790,R.Total,BLINK,4-238226655,4,242953120,1.30447375821195e-11,10.8845646530746,downstream,19330
Zm00001eb206330,Zm00001eb206330,chr4,242934552,242938586,R.Total,BLINK,4-238226655,4,242953120,1.30447375821195e-11,10.8845646530746,downstream,14534
Zm00001eb206340,Zm00001eb206340,chr4,242939447,242941633,R.Total,BLINK,4-238226655,4,242953120,1.30447375821195e-11,10.8845646530746,downstream,11487
Zm00001eb206350,Zm00001eb206350,chr4,242953844,242963739,R.Total,BLINK,4-238226655,4,242953120,1.30447375821195e-11,10.8845646530746,upstream,724
Zm00001eb167770,Zm00001eb167770,chr4,10854450,10855608,L,FarmCPU,4-10023571,4,10880102,1.31204903993182e-11,10.882049932206,downstream,24494
Zm00001eb167780,Zm00001eb167780,chr4,10897637,10905132,L,FarmCPU,4-10023571,4,10880102,1.31204903993182e-11,10.882049932206,upstream,17535
Zm00001eb222330,Zm00001eb222330,chr5,32556545,32560966,I,BLINK,5-31563733,5,32579981,1.35116330726889e-11,10.8692921571515,downstream,19015
Zm00001eb363170,Zm00001eb363170,chr8,165302132,165303736,Total,FarmCPU,8-159968812,8,165321156,1.39080862837817e-11,10.8567326236795,downstream,17420
Zm00001eb363180,Zm00001eb363180,chr8,165302251,165303672,Total,FarmCPU,8-159968812,8,165321156,1.39080862837817e-11,10.8567326236795,downstream,17484
Zm00001eb363190,Zm00001eb363190,chr8,165305316,165306230,Total,FarmCPU,8-159968812,8,165321156,1.39080862837817e-11,10.8567326236795,downstream,14926
Zm00001eb182200,Zm00001eb182200,chr4,123170712,123171394,A,FarmCPU,4-119499092,4,123194794,1.39264655752691e-11,10.8561590900314,downstream,23400
Zm00001eb182210,Zm00001eb182210,chr4,123187487,123188726,A,FarmCPU,4-119499092,4,123194794,1.39264655752691e-11,10.8561590900314,downstream,6068
Zm00001eb094930,Zm00001eb094930,chr2,162410016,162418841,Q.E,BLINK,2-158385805,2,162398572,1.42048008807223e-11,10.8475648497277,upstream,11444
Zm00001eb030420,Zm00001eb030420,chr1,168388226,168394341,F,FarmCPU,1-166748478,1,168416692,1.42931214298304e-11,10.8448729166453,downstream,22351
Zm00001eb030430,Zm00001eb030430,chr1,168441018,168443308,F,FarmCPU,1-166748478,1,168416692,1.42931214298304e-11,10.8448729166453,upstream,24326
Zm00001eb108850,Zm00001eb108850,chr2,217413839,217418358,Q.E,BLINK,2-211290379,2,217440136,1.45851434441359e-11,10.8360892952573,downstream,21778
Zm00001eb108870,Zm00001eb108870,chr2,217427130,217427468,Q.E,BLINK,2-211290379,2,217440136,1.45851434441359e-11,10.8360892952573,downstream,12668
Zm00001eb108880,Zm00001eb108880,chr2,217427499,217428328,Q.E,BLINK,2-211290379,2,217440136,1.45851434441359e-11,10.8360892952573,downstream,11808
Zm00001eb108890,Zm00001eb108890,chr2,217436946,217442495,Q.E,BLINK,2-211290379,2,217440136,1.45851434441359e-11,10.8360892952573,within,0
Zm00001eb257850,Zm00001eb257850,chr5,222113667,222115093,R.EHPRQ,FarmCPU,5-216273624,5,222130074,1.469431107396e-11,10.8328507705163,downstream,14981
Zm00001eb257860,Zm00001eb257860,chr5,222120267,222124937,R.EHPRQ,FarmCPU,5-216273624,5,222130074,1.469431107396e-11,10.8328507705163,downstream,5137
Zm00001eb257870,Zm00001eb257870,chr5,222123677,222124937,R.EHPRQ,FarmCPU,5-216273624,5,222130074,1.469431107396e-11,10.8328507705163,downstream,5137
Zm00001eb257880,Zm00001eb257880,chr5,222135286,222139422,R.EHPRQ,FarmCPU,5-216273624,5,222130074,1.469431107396e-11,10.8328507705163,upstream,5212
Zm00001eb257890,Zm00001eb257890,chr5,222145236,222153647,R.EHPRQ,FarmCPU,5-216273624,5,222130074,1.469431107396e-11,10.8328507705163,upstream,15162
Zm00001eb119830,Zm00001eb119830,chr3,3248587,3257024,P,FarmCPU,3-3998584,3,3278841,1.52575011089522e-11,10.8165165898058,downstream,21817
Zm00001eb119840,Zm00001eb119840,chr3,3257147,3258817,P,FarmCPU,3-3998584,3,3278841,1.52575011089522e-11,10.8165165898058,downstream,20024
Zm00001eb119850,Zm00001eb119850,chr3,3262214,3263230,P,FarmCPU,3-3998584,3,3278841,1.52575011089522e-11,10.8165165898058,downstream,15611
Zm00001eb119860,Zm00001eb119860,chr3,3271433,3271852,P,FarmCPU,3-3998584,3,3278841,1.52575011089522e-11,10.8165165898058,downstream,6989
Zm00001eb164350,Zm00001eb164350,chr4,1033659,1036014,Q.EHPRQ,FarmCPU,4-834837,4,1050251,1.53373863528636e-11,10.8142486422931,downstream,14237
Zm00001eb148190,Zm00001eb148190,chr3,185310483,185313706,N.IMNTDK,FarmCPU,3-182468087,3,185330224,1.54696580661611e-11,10.8105192856297,downstream,16518
Zm00001eb131870,Zm00001eb131870,chr3,70588889,70591236,K,FarmCPU,3-70368020,3,70603750,1.55784908265267e-11,10.8074746171036,downstream,12514
Zm00001eb314790,Zm00001eb314790,chr7,130728178,130730098,Q.EHPRQ,BLINK,7-126812689,7,130718475,1.65508147916091e-11,10.7811806211759,upstream,9703
Zm00001eb061190,Zm00001eb061190,chr1,296181275,296207192,K.IMNTDK,FarmCPU,1-290750505,1,296172553,1.67744802509582e-11,10.775350927352,upstream,8722
Zm00001eb109730,Zm00001eb109730,chr2,219273310,219276732,N.D,FarmCPU,2-213143558,2,219294762,1.70870870509497e-11,10.7673319680297,downstream,18030
Zm00001eb109740,Zm00001eb109740,chr2,219279692,219281313,N.D,FarmCPU,2-213143558,2,219294762,1.70870870509497e-11,10.7673319680297,downstream,13449
Zm00001eb109750,Zm00001eb109750,chr2,219281730,219283212,N.D,FarmCPU,2-213143558,2,219294762,1.70870870509497e-11,10.7673319680297,downstream,11550
Zm00001eb109760,Zm00001eb109760,chr2,219305568,219306757,N.D,FarmCPU,2-213143558,2,219294762,1.70870870509497e-11,10.7673319680297,upstream,10806
Zm00001eb109770,Zm00001eb109770,chr2,219308579,219319038,N.D,FarmCPU,2-213143558,2,219294762,1.70870870509497e-11,10.7673319680297,upstream,13817
Zm00001eb221110,Zm00001eb221110,chr5,26632216,26636343,P,FarmCPU,5-26036553,5,26643305,1.79039442287748e-11,10.7470512836516,downstream,6962
Zm00001eb432420,Zm00001eb432420,chr10,148250954,148272641,Q,BLINK,10-146898518,10,148264642,1.8497318779505e-11,10.7328912188216,within,0
Zm00001eb164660,Zm00001eb164660,chr4,1697325,1700273,N.E,BLINK,4-1464193,4,1714533,1.85459823548943e-11,10.7317501577514,downstream,14260
Zm00001eb164670,Zm00001eb164670,chr4,1700442,1700777,N.E,BLINK,4-1464193,4,1714533,1.85459823548943e-11,10.7317501577514,downstream,13756
Zm00001eb164680,Zm00001eb164680,chr4,1701034,1702961,N.E,BLINK,4-1464193,4,1714533,1.85459823548943e-11,10.7317501577514,downstream,11572
Zm00001eb217250,Zm00001eb217250,chr5,14069321,14074156,Q.EHPRQ,BLINK,5-13740270,5,14092394,1.8584937218663e-11,10.7308389016457,downstream,18238
Zm00001eb217260,Zm00001eb217260,chr5,14084792,14089330,Q.EHPRQ,BLINK,5-13740270,5,14092394,1.8584937218663e-11,10.7308389016457,downstream,3064
Zm00001eb217270,Zm00001eb217270,chr5,14092542,14108050,Q.EHPRQ,BLINK,5-13740270,5,14092394,1.8584937218663e-11,10.7308389016457,upstream,148
Zm00001eb217280,Zm00001eb217280,chr5,14100282,14103487,Q.EHPRQ,BLINK,5-13740270,5,14092394,1.8584937218663e-11,10.7308389016457,upstream,7888
Zm00001eb217290,Zm00001eb217290,chr5,14116569,14123972,Q.EHPRQ,BLINK,5-13740270,5,14092394,1.8584937218663e-11,10.7308389016457,upstream,24175
Zm00001eb231440,Zm00001eb231440,chr5,78036252,78036545,EHPRQ,FarmCPU,5-75832823,5,78059585,1.86637011773314e-11,10.7290022276045,downstream,23040
Zm00001eb239140,Zm00001eb239140,chr5,151057124,151059142,Q.E,FarmCPU,5-147591580,5,151056950,1.91720158319066e-11,10.7173322210475,upstream,174
Zm00001eb239160,Zm00001eb239160,chr5,151068944,151069867,Q.E,FarmCPU,5-147591580,5,151056950,1.91720158319066e-11,10.7173322210475,upstream,11994
Zm00001eb312330,Zm00001eb312330,chr7,114876299,114880799,H,FarmCPU,7-111685946,7,114905450,1.99748372343377e-11,10.6995167508634,downstream,24651
Zm00001eb329690,Zm00001eb329690,chr7,180065250,180076326,M,FarmCPU,7-174561488,7,180077374,2.07182193766545e-11,10.6836475726779,downstream,1048
Zm00001eb329700,Zm00001eb329700,chr7,180073314,180075464,M,FarmCPU,7-174561488,7,180077374,2.07182193766545e-11,10.6836475726779,downstream,1910
Zm00001eb329710,Zm00001eb329710,chr7,180078246,180096892,M,FarmCPU,7-174561488,7,180077374,2.07182193766545e-11,10.6836475726779,upstream,872
Zm00001eb329720,Zm00001eb329720,chr7,180095254,180096083,M,FarmCPU,7-174561488,7,180077374,2.07182193766545e-11,10.6836475726779,upstream,17880
Zm00001eb298600,Zm00001eb298600,chr7,2021011,2039840,K,BLINK,7-1929871,7,2056694,2.09039815290355e-11,10.6797709870275,downstream,16854
Zm00001eb298610,Zm00001eb298610,chr7,2041366,2049356,K,BLINK,7-1929871,7,2056694,2.09039815290355e-11,10.6797709870275,downstream,7338
Zm00001eb298620,Zm00001eb298620,chr7,2049567,2052270,K,BLINK,7-1929871,7,2056694,2.09039815290355e-11,10.6797709870275,downstream,4424
Zm00001eb298640,Zm00001eb298640,chr7,2052332,2053880,K,BLINK,7-1929871,7,2056694,2.09039815290355e-11,10.6797709870275,downstream,2814
Zm00001eb298650,Zm00001eb298650,chr7,2062468,2063195,K,BLINK,7-1929871,7,2056694,2.09039815290355e-11,10.6797709870275,upstream,5774
Zm00001eb298660,Zm00001eb298660,chr7,2066658,2074731,K,BLINK,7-1929871,7,2056694,2.09039815290355e-11,10.6797709870275,upstream,9964
Zm00001eb298670,Zm00001eb298670,chr7,2079598,2082463,K,BLINK,7-1929871,7,2056694,2.09039815290355e-11,10.6797709870275,upstream,22904
Zm00001eb128130,Zm00001eb128130,chr3,38975382,38978330,R.EHPRQ,FarmCPU,3-39388928,3,38961265,2.1033966195416e-11,10.6770788283895,upstream,14117
Zm00001eb146280,Zm00001eb146280,chr3,178451600,178458323,N,BLINK,3-175947181,3,178459493,2.21361354057639e-11,10.6548981972988,downstream,1170
Zm00001eb121230,Zm00001eb121230,chr3,6527570,6529519,T,FarmCPU,3-7403081,3,6550983,2.22210120128245e-11,10.6532361658462,downstream,21464
Zm00001eb121240,Zm00001eb121240,chr3,6571219,6573217,T,FarmCPU,3-7403081,3,6550983,2.22210120128245e-11,10.6532361658462,upstream,20236
Zm00001eb121260,Zm00001eb121260,chr3,6575701,6576682,T,FarmCPU,3-7403081,3,6550983,2.22210120128245e-11,10.6532361658462,upstream,24718
Zm00001eb262400,Zm00001eb262400,chr6,17490786,17495185,F,FarmCPU,6-17357809,6,17505371,2.26215766381823e-11,10.6454771296758,downstream,10186
Zm00001eb262410,Zm00001eb262410,chr6,17500232,17504622,F,FarmCPU,6-17357809,6,17505371,2.26215766381823e-11,10.6454771296758,downstream,749
Zm00001eb072640,Zm00001eb072640,chr2,14908764,14910385,N.D,FarmCPU,2-14481714,2,14927661,2.27885285102442e-11,10.6422837169659,downstream,17276
Zm00001eb072650,Zm00001eb072650,chr2,14925451,14925753,N.D,FarmCPU,2-14481714,2,14927661,2.27885285102442e-11,10.6422837169659,downstream,1908
Zm00001eb072660,Zm00001eb072660,chr2,14932627,14933577,N.D,FarmCPU,2-14481714,2,14927661,2.27885285102442e-11,10.6422837169659,upstream,4966
Zm00001eb072670,Zm00001eb072670,chr2,14936695,14937000,N.D,FarmCPU,2-14481714,2,14927661,2.27885285102442e-11,10.6422837169659,upstream,9034
Zm00001eb193350,Zm00001eb193350,chr4,182602154,182602999,S.Total,FarmCPU,4-179692257,4,182613275,2.35496187663143e-11,10.628016119067,downstream,10276
Zm00001eb193360,Zm00001eb193360,chr4,182624805,182627090,S.Total,FarmCPU,4-179692257,4,182613275,2.35496187663143e-11,10.628016119067,upstream,11530
Zm00001eb369270,Zm00001eb369270,chr8,177746857,177750039,M,FarmCPU,8-172011646,8,177768867,2.36051013524767e-11,10.6269941305123,downstream,18828
Zm00001eb369280,Zm00001eb369280,chr8,177769038,177776348,M,FarmCPU,8-172011646,8,177768867,2.36051013524767e-11,10.6269941305123,upstream,171
Zm00001eb229840,Zm00001eb229840,chr5,71253940,71254710,M.IMNTDK,FarmCPU,5-69309623,5,71245404,2.37405122069156e-11,10.6245099152788,upstream,8536
Zm00001eb066990,Zm00001eb066990,chr2,3176554,3181867,Y.WFY,BLINK,2-3193466,2,3204406,2.41619349975753e-11,10.6168682883821,downstream,22539
Zm00001eb132940,Zm00001eb132940,chr3,94207220,94213722,N.D,FarmCPU,3-108349093,3,94236118,2.45287529622928e-11,10.6103245306914,downstream,22396
Zm00001eb425750,Zm00001eb425750,chr10,130396652,130402454,V,FarmCPU,10-129288186,10,130414062,2.54900524410059e-11,10.5936292710503,downstream,11608
Zm00001eb214940,Zm00001eb214940,chr5,7794462,7796634,R,BLINK,5-7534034,5,7813865,2.56128789517602e-11,10.5915416030001,downstream,17231
Zm00001eb214950,Zm00001eb214950,chr5,7796812,7806382,R,BLINK,5-7534034,5,7813865,2.56128789517602e-11,10.5915416030001,downstream,7483
Zm00001eb278360,Zm00001eb278360,chr6,118703807,118713062,Q.EHPRQ,FarmCPU,6-114928422,6,118735978,2.58684170559948e-11,10.5872301458826,downstream,22916
Zm00001eb278370,Zm00001eb278370,chr6,118712386,118714507,Q.EHPRQ,FarmCPU,6-114928422,6,118735978,2.58684170559948e-11,10.5872301458826,downstream,21471
Zm00001eb278380,Zm00001eb278380,chr6,118756969,118759024,Q.EHPRQ,FarmCPU,6-114928422,6,118735978,2.58684170559948e-11,10.5872301458826,upstream,20991
Zm00001eb193330,Zm00001eb193330,chr4,182578975,182583046,K,FarmCPU,4-179647326,4,182571311,2.7033887261676e-11,10.5680915016593,upstream,7664
Zm00001eb157240,Zm00001eb157240,chr3,215778117,215778480,I.IMNTDK,FarmCPU,3-212191792,3,215782315,2.74840555686024e-11,10.5609191820525,downstream,3835
Zm00001eb157250,Zm00001eb157250,chr3,215804693,215810387,I.IMNTDK,FarmCPU,3-212191792,3,215782315,2.74840555686024e-11,10.5609191820525,upstream,22378
Zm00001eb360610,Zm00001eb360610,chr8,155836951,155841244,K.IMNTDK,FarmCPU,8-150767501,8,155835158,2.8232054524302e-11,10.5492575158984,upstream,1793
Zm00001eb360620,Zm00001eb360620,chr8,155840954,155854675,K.IMNTDK,FarmCPU,8-150767501,8,155835158,2.8232054524302e-11,10.5492575158984,upstream,5796
Zm00001eb253710,Zm00001eb253710,chr5,213267448,213269639,M,FarmCPU,5-207555327,5,213279913,2.87865772115284e-11,10.5408099706383,downstream,10274
Zm00001eb253720,Zm00001eb253720,chr5,213276003,213279303,M,FarmCPU,5-207555327,5,213279913,2.87865772115284e-11,10.5408099706383,downstream,610
Zm00001eb253730,Zm00001eb253730,chr5,213304299,213305130,M,FarmCPU,5-207555327,5,213279913,2.87865772115284e-11,10.5408099706383,upstream,24386
Zm00001eb124780,Zm00001eb124780,chr3,19794268,19809842,I,BLINK,3-20419014,3,19831354,3.08559997862673e-11,10.5106603771503,downstream,21512
Zm00001eb124790,Zm00001eb124790,chr3,19816426,19832549,I,BLINK,3-20419014,3,19831354,3.08559997862673e-11,10.5106603771503,within,0
Zm00001eb214460,Zm00001eb214460,chr5,7021841,7022304,D.IMNTDK,BLINK,5-6851962,5,7047181,3.13850034547602e-11,10.5032778192075,downstream,24877
Zm00001eb214470,Zm00001eb214470,chr5,7022712,7024750,D.IMNTDK,BLINK,5-6851962,5,7047181,3.13850034547602e-11,10.5032778192075,downstream,22431
Zm00001eb214480,Zm00001eb214480,chr5,7027114,7030775,D.IMNTDK,BLINK,5-6851962,5,7047181,3.13850034547602e-11,10.5032778192075,downstream,16406
Zm00001eb214490,Zm00001eb214490,chr5,7036578,7039527,D.IMNTDK,BLINK,5-6851962,5,7047181,3.13850034547602e-11,10.5032778192075,downstream,7654
Zm00001eb214500,Zm00001eb214500,chr5,7042486,7046073,D.IMNTDK,BLINK,5-6851962,5,7047181,3.13850034547602e-11,10.5032778192075,downstream,1108
Zm00001eb214510,Zm00001eb214510,chr5,7048706,7052179,D.IMNTDK,BLINK,5-6851962,5,7047181,3.13850034547602e-11,10.5032778192075,upstream,1525
Zm00001eb212500,Zm00001eb212500,chr5,3776116,3779852,G,BLINK,5-3683163,5,3776250,3.15263878214193e-11,10.5013257862801,within,0
Zm00001eb212510,Zm00001eb212510,chr5,3781197,3784917,G,BLINK,5-3683163,5,3776250,3.15263878214193e-11,10.5013257862801,upstream,4947
Zm00001eb212520,Zm00001eb212520,chr5,3799388,3801078,G,BLINK,5-3683163,5,3776250,3.15263878214193e-11,10.5013257862801,upstream,23138
Zm00001eb212840,Zm00001eb212840,chr5,4385997,4387351,I,FarmCPU,5-4273469,5,4383623,3.31853503759114e-11,10.4790535926514,upstream,2374
Zm00001eb212850,Zm00001eb212850,chr5,4389192,4390489,I,FarmCPU,5-4273469,5,4383623,3.31853503759114e-11,10.4790535926514,upstream,5569
Zm00001eb044710,Zm00001eb044710,chr1,233240834,233264806,Y,FarmCPU,1-229772599,1,233235639,3.38044075647376e-11,10.4710266708392,upstream,5195
Zm00001eb291780,Zm00001eb291780,chr6,167918095,167919137,S.SGC,BLINK,6-163968364,6,167939054,3.3826765020384e-11,10.4707395334261,downstream,19917
Zm00001eb291790,Zm00001eb291790,chr6,167945131,167946579,S.SGC,BLINK,6-163968364,6,167939054,3.3826765020384e-11,10.4707395334261,upstream,6077
Zm00001eb291800,Zm00001eb291800,chr6,167948195,167949010,S.SGC,BLINK,6-163968364,6,167939054,3.3826765020384e-11,10.4707395334261,upstream,9141
Zm00001eb357960,Zm00001eb357960,chr8,146072460,146079183,D.IMNTDK,FarmCPU,8-141446623,8,146094191,3.47200715092597e-11,10.4594193890242,downstream,15008
Zm00001eb088140,Zm00001eb088140,chr2,106787739,106788751,R.EHPRQ,FarmCPU,2-104454539,2,106773715,3.47478235481692e-11,10.4590723925306,upstream,14024
Zm00001eb428830,Zm00001eb428830,chr10,139785500,139787836,M,BLINK,10-138481441,10,139772540,3.48259335197485e-11,10.4580972333522,upstream,12960
Zm00001eb282330,Zm00001eb282330,chr6,135617832,135623947,I.Total,BLINK,6-131728842,6,135623793,3.52769157516613e-11,10.4525093920943,within,0
Zm00001eb282340,Zm00001eb282340,chr6,135625207,135626342,I.Total,BLINK,6-131728842,6,135623793,3.52769157516613e-11,10.4525093920943,upstream,1414
Zm00001eb282350,Zm00001eb282350,chr6,135630537,135634598,I.Total,BLINK,6-131728842,6,135623793,3.52769157516613e-11,10.4525093920943,upstream,6744
Zm00001eb282360,Zm00001eb282360,chr6,135648220,135652221,I.Total,BLINK,6-131728842,6,135623793,3.52769157516613e-11,10.4525093920943,upstream,24427
Zm00001eb043070,Zm00001eb043070,chr1,227412712,227417072,Y.WFY,BLINK,1-223893528,1,227435815,3.54022933296339e-11,10.4509686038458,downstream,18743
Zm00001eb043080,Zm00001eb043080,chr1,227427630,227428766,Y.WFY,BLINK,1-223893528,1,227435815,3.54022933296339e-11,10.4509686038458,downstream,7049
Zm00001eb043090,Zm00001eb043090,chr1,227432982,227436878,Y.WFY,BLINK,1-223893528,1,227435815,3.54022933296339e-11,10.4509686038458,within,0
Zm00001eb015550,Zm00001eb015550,chr1,53328775,53331330,SGC,FarmCPU,1-52626902,1,53306773,3.56813099068695e-11,10.4475592104931,upstream,22002
Zm00001eb379130,Zm00001eb379130,chr9,28847293,28849676,N.Total,FarmCPU,9-28817324,9,28869985,3.6285110540128e-11,10.4402715495317,downstream,20309
Zm00001eb379140,Zm00001eb379140,chr9,28849802,28851296,N.Total,FarmCPU,9-28817324,9,28869985,3.6285110540128e-11,10.4402715495317,downstream,18689
Zm00001eb379150,Zm00001eb379150,chr9,28849951,28855448,N.Total,FarmCPU,9-28817324,9,28869985,3.6285110540128e-11,10.4402715495317,downstream,14537
Zm00001eb379160,Zm00001eb379160,chr9,28855919,28858918,N.Total,FarmCPU,9-28817324,9,28869985,3.6285110540128e-11,10.4402715495317,downstream,11067
Zm00001eb379170,Zm00001eb379170,chr9,28860119,28862155,N.Total,FarmCPU,9-28817324,9,28869985,3.6285110540128e-11,10.4402715495317,downstream,7830
Zm00001eb361090,Zm00001eb361090,chr8,157617214,157620981,M,FarmCPU,8-152498140,8,157637478,3.6544129833406e-11,10.437182374813,downstream,16497
Zm00001eb371640,Zm00001eb371640,chr9,2750537,2759559,G,FarmCPU,9-3063555,9,2772582,3.76838912603597e-11,10.4238442580648,downstream,13023
Zm00001eb371650,Zm00001eb371650,chr9,2754814,2755484,G,FarmCPU,9-3063555,9,2772582,3.76838912603597e-11,10.4238442580648,downstream,17098
Zm00001eb320860,Zm00001eb320860,chr7,153157093,153180225,H.Total,BLINK,7-147980596,7,153195080,3.77362382655918e-11,10.42324139463,downstream,14855
Zm00001eb393450,Zm00001eb393450,chr9,130359239,130360506,A,FarmCPU,9-128364318,9,130348703,3.80315101224455e-11,10.4198564296548,upstream,10536
Zm00001eb283470,Zm00001eb283470,chr6,140726615,140728344,Q,FarmCPU,6-136760313,6,140726767,3.91322600251956e-11,10.4074650693462,within,0
Zm00001eb212840,Zm00001eb212840,chr5,4385997,4387351,S,FarmCPU,5-4295321,5,4405164,4.14045711848376e-11,10.3829517088608,downstream,17813
Zm00001eb212850,Zm00001eb212850,chr5,4389192,4390489,S,FarmCPU,5-4295321,5,4405164,4.14045711848376e-11,10.3829517088608,downstream,14675
Zm00001eb420620,Zm00001eb420620,chr10,108741585,108748864,Y,FarmCPU,10-108062717,10,108763020,4.16737184467645e-11,10.3801377467503,downstream,14156
Zm00001eb393450,Zm00001eb393450,chr9,130359239,130360506,Total,FarmCPU,9-128375467,9,130359852,4.27630958452935e-11,10.3689308614647,within,0
Zm00001eb287190,Zm00001eb287190,chr6,154797669,154831989,I.Total,BLINK,6-150930557,6,154856985,4.31591524255644e-11,10.3649270927314,downstream,24996
Zm00001eb385490,Zm00001eb385490,chr9,88643769,88657113,I.IMNTDK,FarmCPU,9-86319311,9,88630173,4.37137480926224e-11,10.3593819547513,upstream,13596
Zm00001eb021640,Zm00001eb021640,chr1,82369329,82370821,Total_PBAA,BLINK,1-80777231,1,82382090,4.40126445363863e-11,10.3564225357076,downstream,11269
Zm00001eb021650,Zm00001eb021650,chr1,82375978,82377069,Total_PBAA,BLINK,1-80777231,1,82382090,4.40126445363863e-11,10.3564225357076,downstream,5021
Zm00001eb021660,Zm00001eb021660,chr1,82377432,82377841,Total_PBAA,BLINK,1-80777231,1,82382090,4.40126445363863e-11,10.3564225357076,downstream,4249
Zm00001eb021670,Zm00001eb021670,chr1,82379007,82381438,Total_PBAA,BLINK,1-80777231,1,82382090,4.40126445363863e-11,10.3564225357076,downstream,652
Zm00001eb021690,Zm00001eb021690,chr1,82404649,82405736,Total_PBAA,BLINK,1-80777231,1,82382090,4.40126445363863e-11,10.3564225357076,upstream,22559
Zm00001eb021700,Zm00001eb021700,chr1,82404649,82405664,Total_PBAA,BLINK,1-80777231,1,82382090,4.40126445363863e-11,10.3564225357076,upstream,22559
Zm00001eb274030,Zm00001eb274030,chr6,101919423,101921556,R,BLINK,6-99190740,6,101910802,4.46299649189634e-11,10.3503734545331,upstream,8621
Zm00001eb350170,Zm00001eb350170,chr8,112431866,112432111,I.Total,BLINK,8-109253461,8,112412901,4.62151753372745e-11,10.3352153949401,upstream,18965
Zm00001eb095060,Zm00001eb095060,chr2,163006674,163007135,H.Total,BLINK,2-159021684,2,163018934,4.7107382578701e-11,10.3269110257386,downstream,11799
Zm00001eb250550,Zm00001eb250550,chr5,203669121,203669990,M,FarmCPU,5-198415210,5,203665573,5.20391236092819e-11,10.2836700260009,upstream,3548
Zm00001eb149150,Zm00001eb149150,chr3,188665919,188668132,Q.EHPRQ,BLINK,3-185817092,3,188691947,5.34478425256348e-11,10.2720698208223,downstream,23815
Zm00001eb149160,Zm00001eb149160,chr3,188669580,188673247,Q.EHPRQ,BLINK,3-185817092,3,188691947,5.34478425256348e-11,10.2720698208223,downstream,18700
Zm00001eb149170,Zm00001eb149170,chr3,188685674,188688072,Q.EHPRQ,BLINK,3-185817092,3,188691947,5.34478425256348e-11,10.2720698208223,downstream,3875
Zm00001eb149180,Zm00001eb149180,chr3,188689346,188691656,Q.EHPRQ,BLINK,3-185817092,3,188691947,5.34478425256348e-11,10.2720698208223,downstream,291
Zm00001eb149190,Zm00001eb149190,chr3,188691836,188692639,Q.EHPRQ,BLINK,3-185817092,3,188691947,5.34478425256348e-11,10.2720698208223,within,0
Zm00001eb367800,Zm00001eb367800,chr8,174862596,174863204,S.Total,FarmCPU,8-169218044,8,174858530,5.36942977022578e-11,10.2700718336289,upstream,4066
Zm00001eb367810,Zm00001eb367810,chr8,174863903,174871438,S.Total,FarmCPU,8-169218044,8,174858530,5.36942977022578e-11,10.2700718336289,upstream,5373
Zm00001eb193860,Zm00001eb193860,chr4,184658855,184660464,Q.EHPRQ,FarmCPU,4-181737099,4,184645758,5.39844424830534e-11,10.2677313793851,upstream,13097
Zm00001eb413570,Zm00001eb413570,chr10,62808911,62811640,T,FarmCPU,10-63571632,10,62836342,5.4180829586326e-11,10.2661543495796,downstream,24702
Zm00001eb429090,Zm00001eb429090,chr10,140319909,140323371,E,FarmCPU,10-139109246,10,140336470,5.59639940505089e-11,10.252091298251,downstream,13099
Zm00001eb429100,Zm00001eb429100,chr10,140331534,140333573,E,FarmCPU,10-139109246,10,140336470,5.59639940505089e-11,10.252091298251,downstream,2897
Zm00001eb124780,Zm00001eb124780,chr3,19794268,19809842,F,FarmCPU,3-20419014,3,19831354,5.63402327349494e-11,10.2491813633265,downstream,21512
Zm00001eb124790,Zm00001eb124790,chr3,19816426,19832549,F,FarmCPU,3-20419014,3,19831354,5.63402327349494e-11,10.2491813633265,within,0
Zm00001eb425750,Zm00001eb425750,chr10,130396652,130402454,C.Total,FarmCPU,10-129288186,10,130414062,5.73062268596353e-11,10.2417981852953,downstream,11608
Zm00001eb385320,Zm00001eb385320,chr9,87193664,87212196,P,FarmCPU,9-84875818,9,87202211,5.76883427067992e-11,10.2389119374438,within,0
Zm00001eb385330,Zm00001eb385330,chr9,87212532,87213236,P,FarmCPU,9-84875818,9,87202211,5.76883427067992e-11,10.2389119374438,upstream,10321
Zm00001eb327780,Zm00001eb327780,chr7,175481404,175487649,D.IMNTDK,BLINK,7-169958534,7,175508196,5.78636454387332e-11,10.2375942090556,downstream,20547
Zm00001eb327790,Zm00001eb327790,chr7,175488191,175501715,D.IMNTDK,BLINK,7-169958534,7,175508196,5.78636454387332e-11,10.2375942090556,downstream,6481
Zm00001eb113770,Zm00001eb113770,chr2,231382737,231383337,N.Total,FarmCPU,2-225020412,2,231399965,5.8237569797015e-11,10.2347967560468,downstream,16628
Zm00001eb113780,Zm00001eb113780,chr2,231385591,231390003,N.Total,FarmCPU,2-225020412,2,231399965,5.8237569797015e-11,10.2347967560468,downstream,9962
Zm00001eb113790,Zm00001eb113790,chr2,231390342,231394053,N.Total,FarmCPU,2-225020412,2,231399965,5.8237569797015e-11,10.2347967560468,downstream,5912
Zm00001eb113800,Zm00001eb113800,chr2,231392970,231394053,N.Total,FarmCPU,2-225020412,2,231399965,5.8237569797015e-11,10.2347967560468,downstream,5912
Zm00001eb200900,Zm00001eb200900,chr4,210801874,210807631,G,FarmCPU,4-206431942,4,210795982,6.43010956691613e-11,10.19178162678,upstream,5892
Zm00001eb189920,Zm00001eb189920,chr4,171052133,171055472,C.Total,FarmCPU,4-168122099,4,171062967,6.44774169195906e-11,10.1905923694666,downstream,7495
Zm00001eb189940,Zm00001eb189940,chr4,171075474,171080276,C.Total,FarmCPU,4-168122099,4,171062967,6.44774169195906e-11,10.1905923694666,upstream,12507
Zm00001eb189950,Zm00001eb189950,chr4,171086377,171091065,C.Total,FarmCPU,4-168122099,4,171062967,6.44774169195906e-11,10.1905923694666,upstream,23410
Zm00001eb189960,Zm00001eb189960,chr4,171087838,171090900,C.Total,FarmCPU,4-168122099,4,171062967,6.44774169195906e-11,10.1905923694666,upstream,24871
Zm00001eb180820,Zm00001eb180820,chr4,99796093,99796643,IMNTDK,FarmCPU,4-102231896,4,99787401,6.55005666242558e-11,10.1837549430506,upstream,8692
Zm00001eb138410,Zm00001eb138410,chr3,138957234,138965174,D.IMNTDK,FarmCPU,3-138302706,3,138989228,6.66199987630526e-11,10.1763953797085,downstream,24054
Zm00001eb283520,Zm00001eb283520,chr6,140866155,140869877,G,FarmCPU,6-136950046,6,140872819,6.81091987018707e-11,10.1667942291199,downstream,2942
Zm00001eb283530,Zm00001eb283530,chr6,140882012,140885093,G,FarmCPU,6-136950046,6,140872819,6.81091987018707e-11,10.1667942291199,upstream,9193
Zm00001eb367800,Zm00001eb367800,chr8,174862596,174863204,S,FarmCPU,8-169218044,8,174858530,6.86276267666245e-11,10.1635010193227,upstream,4066
Zm00001eb367810,Zm00001eb367810,chr8,174863903,174871438,S,FarmCPU,8-169218044,8,174858530,6.86276267666245e-11,10.1635010193227,upstream,5373
Zm00001eb400680,Zm00001eb400680,chr9,154172175,154174605,IVL,FarmCPU,9-151248310,9,154169056,6.88118920007517e-11,10.1623365009504,upstream,3119
Zm00001eb400690,Zm00001eb400690,chr9,154178269,154178663,IVL,FarmCPU,9-151248310,9,154169056,6.88118920007517e-11,10.1623365009504,upstream,9213
Zm00001eb400700,Zm00001eb400700,chr9,154180679,154182940,IVL,FarmCPU,9-151248310,9,154169056,6.88118920007517e-11,10.1623365009504,upstream,11623
Zm00001eb400710,Zm00001eb400710,chr9,154182983,154184078,IVL,FarmCPU,9-151248310,9,154169056,6.88118920007517e-11,10.1623365009504,upstream,13927
Zm00001eb400720,Zm00001eb400720,chr9,154190652,154192059,IVL,FarmCPU,9-151248310,9,154169056,6.88118920007517e-11,10.1623365009504,upstream,21596
Zm00001eb198260,Zm00001eb198260,chr4,199670751,199690179,Total_N,BLINK,4-195599097,4,199709769,6.99105965603539e-11,10.1554569919382,downstream,19590
Zm00001eb198270,Zm00001eb198270,chr4,199689000,199689650,Total_N,BLINK,4-195599097,4,199709769,6.99105965603539e-11,10.1554569919382,downstream,20119
Zm00001eb198280,Zm00001eb198280,chr4,199730225,199733611,Total_N,BLINK,4-195599097,4,199709769,6.99105965603539e-11,10.1554569919382,upstream,20456
Zm00001eb153500,Zm00001eb153500,chr3,203931338,203944340,P,FarmCPU,3-199906883,3,203951927,7.07352636839186e-11,10.1503640231868,downstream,7587
Zm00001eb153510,Zm00001eb153510,chr3,203969930,203972076,P,FarmCPU,3-199906883,3,203951927,7.07352636839186e-11,10.1503640231868,upstream,18003
Zm00001eb427750,Zm00001eb427750,chr10,136474073,136484185,SGC,FarmCPU,10-135654381,10,136484197,7.32028446254106e-11,10.1354720421504,downstream,12
Zm00001eb040070,Zm00001eb040070,chr1,211534896,211536302,N.IMNTDK,FarmCPU,1-208635624,1,211559105,8.10202023199592e-11,10.0914066766507,downstream,22803
Zm00001eb040080,Zm00001eb040080,chr1,211579996,211582268,N.IMNTDK,FarmCPU,1-208635624,1,211559105,8.10202023199592e-11,10.0914066766507,upstream,20891
Zm00001eb412730,Zm00001eb412730,chr10,53697915,53700282,I.Total,BLINK,10-52953709,10,53710779,8.11463458225693e-11,10.0907310325208,downstream,10497
Zm00001eb412740,Zm00001eb412740,chr10,53705109,53706838,I.Total,BLINK,10-52953709,10,53710779,8.11463458225693e-11,10.0907310325208,downstream,3941
Zm00001eb322640,Zm00001eb322640,chr7,162083434,162083748,Q.EHPRQ,BLINK,7-156711543,7,162095834,8.30666971079047e-11,10.0805730575777,downstream,12086
Zm00001eb322650,Zm00001eb322650,chr7,162109319,162112034,Q.EHPRQ,BLINK,7-156711543,7,162095834,8.30666971079047e-11,10.0805730575777,upstream,13485
Zm00001eb109730,Zm00001eb109730,chr2,219273310,219276732,D.IMNTDK,FarmCPU,2-213143558,2,219294762,8.35621320130071e-11,10.0779904879154,downstream,18030
Zm00001eb109740,Zm00001eb109740,chr2,219279692,219281313,D.IMNTDK,FarmCPU,2-213143558,2,219294762,8.35621320130071e-11,10.0779904879154,downstream,13449
Zm00001eb109750,Zm00001eb109750,chr2,219281730,219283212,D.IMNTDK,FarmCPU,2-213143558,2,219294762,8.35621320130071e-11,10.0779904879154,downstream,11550
Zm00001eb109760,Zm00001eb109760,chr2,219305568,219306757,D.IMNTDK,FarmCPU,2-213143558,2,219294762,8.35621320130071e-11,10.0779904879154,upstream,10806
Zm00001eb109770,Zm00001eb109770,chr2,219308579,219319038,D.IMNTDK,FarmCPU,2-213143558,2,219294762,8.35621320130071e-11,10.0779904879154,upstream,13817
Zm00001eb283500,Zm00001eb283500,chr6,140793522,140794322,SGC,FarmCPU,6-136886492,6,140810419,8.39170657259029e-11,10.076149710245,downstream,16097
Zm00001eb283510,Zm00001eb283510,chr6,140800696,140805442,SGC,FarmCPU,6-136886492,6,140810419,8.39170657259029e-11,10.076149710245,downstream,4977
Zm00001eb074470,Zm00001eb074470,chr2,20624227,20624817,L,FarmCPU,2-19982907,2,20630274,8.4768759149958e-11,10.0717641740241,downstream,5457
Zm00001eb074480,Zm00001eb074480,chr2,20628874,20629275,L,FarmCPU,2-19982907,2,20630274,8.4768759149958e-11,10.0717641740241,downstream,999
Zm00001eb071760,Zm00001eb071760,chr2,12535897,12539632,Total_N,BLINK,2-12265904,2,12556730,8.76482851307514e-11,10.05725657661,downstream,17098
Zm00001eb071770,Zm00001eb071770,chr2,12579332,12583193,Total_N,BLINK,2-12265904,2,12556730,8.76482851307514e-11,10.05725657661,upstream,22602
Zm00001eb405800,Zm00001eb405800,chr10,2729678,2733983,M,BLINK,10-3173429,10,2755050,8.89175211485899e-11,10.0510126531086,downstream,21067
Zm00001eb405820,Zm00001eb405820,chr10,2735922,2738625,M,BLINK,10-3173429,10,2755050,8.89175211485899e-11,10.0510126531086,downstream,16425
Zm00001eb286560,Zm00001eb286560,chr6,152778187,152779178,N.IMNTDK,BLINK,6-148919140,6,152787008,9.05704269865112e-11,10.0430135848083,downstream,7830
Zm00001eb286570,Zm00001eb286570,chr6,152786353,152795277,N.IMNTDK,BLINK,6-148919140,6,152787008,9.05704269865112e-11,10.0430135848083,within,0
Zm00001eb286580,Zm00001eb286580,chr6,152799345,152799707,N.IMNTDK,BLINK,6-148919140,6,152787008,9.05704269865112e-11,10.0430135848083,upstream,12337
Zm00001eb044710,Zm00001eb044710,chr1,233240834,233264806,WFY,FarmCPU,1-229772599,1,233235639,9.41639412633093e-11,10.0261153722432,upstream,5195
Zm00001eb307070,Zm00001eb307070,chr7,49104779,49117584,W,FarmCPU,7-47593222,7,49125132,9.46045810240871e-11,10.0240878333095,downstream,7548
Zm00001eb232740,Zm00001eb232740,chr5,84619880,84621221,S.Total,FarmCPU,5-82461642,5,84612537,9.64529955625398e-11,10.0156842798285,upstream,7343
Zm00001eb176690,Zm00001eb176690,chr4,60330942,60332550,K,FarmCPU,4-57997959,4,60306594,9.66495686007271e-11,10.0148000801222,upstream,24348
Zm00001eb176700,Zm00001eb176700,chr4,60331273,60332606,K,FarmCPU,4-57997959,4,60306594,9.66495686007271e-11,10.0148000801222,upstream,24679
Zm00001eb355310,Zm00001eb355310,chr8,135947336,135948277,S.Total,FarmCPU,8-131541312,8,135969669,9.8751620032175e-11,10.00545577099,downstream,21392
Zm00001eb355320,Zm00001eb355320,chr8,135956397,135957946,S.Total,FarmCPU,8-131541312,8,135969669,9.8751620032175e-11,10.00545577099,downstream,11723
Zm00001eb156290,Zm00001eb156290,chr3,212620123,212621456,R,FarmCPU,3-209092337,3,212601806,9.93083166273078e-11,10.0030143797614,upstream,18317
Zm00001eb156300,Zm00001eb156300,chr3,212620513,212632501,R,FarmCPU,3-209092337,3,212601806,9.93083166273078e-11,10.0030143797614,upstream,18707
Zm00001eb060220,Zm00001eb060220,chr1,293170420,293178920,I.IVL,BLINK,1-288055065,1,293194103,1.01465333378619e-10,9.9936823133568,downstream,15183
Zm00001eb060230,Zm00001eb060230,chr1,293213234,293215239,I.IVL,BLINK,1-288055065,1,293194103,1.01465333378619e-10,9.9936823133568,upstream,19131
Zm00001eb033220,Zm00001eb033220,chr1,184902985,184907230,G.SGC,BLINK,1-182931196,1,184927259,1.0256030674784e-10,9.98902068889102,downstream,20029
Zm00001eb033230,Zm00001eb033230,chr1,184915089,184926106,G.SGC,BLINK,1-182931196,1,184927259,1.0256030674784e-10,9.98902068889102,downstream,1153
Zm00001eb064310,Zm00001eb064310,chr1,304543405,304562779,I,FarmCPU,1-299061209,1,304523681,1.06209857117123e-10,9.97383517541163,upstream,19724
Zm00001eb292060,Zm00001eb292060,chr6,168430580,168436225,A,FarmCPU,6-164482582,6,168442286,1.07134894967524e-10,9.97006905182405,downstream,6061
Zm00001eb292070,Zm00001eb292070,chr6,168440608,168442696,A,FarmCPU,6-164482582,6,168442286,1.07134894967524e-10,9.97006905182405,within,0
Zm00001eb179770,Zm00001eb179770,chr4,87094458,87097212,I.IMNTDK,FarmCPU,4-83948717,4,87103862,1.07484585929541e-10,9.96865381226673,downstream,6650
Zm00001eb179780,Zm00001eb179780,chr4,87112506,87118615,I.IMNTDK,FarmCPU,4-83948717,4,87103862,1.07484585929541e-10,9.96865381226673,upstream,8644
Zm00001eb146530,Zm00001eb146530,chr3,179834909,179877071,IMNTDK,FarmCPU,3-177180277,3,179890671,1.07856239818392e-10,9.96715472455026,downstream,13600
Zm00001eb146550,Zm00001eb146550,chr3,179885820,179931186,IMNTDK,FarmCPU,3-177180277,3,179890671,1.07856239818392e-10,9.96715472455026,within,0
Zm00001eb003180,Zm00001eb003180,chr1,8597480,8600656,Y,FarmCPU,1-8569218,1,8612774,1.13394055924544e-10,9.94540971040633,downstream,12118
Zm00001eb003190,Zm00001eb003190,chr1,8602409,8607605,Y,FarmCPU,1-8569218,1,8612774,1.13394055924544e-10,9.94540971040633,downstream,5169
Zm00001eb003200,Zm00001eb003200,chr1,8611599,8612643,Y,FarmCPU,1-8569218,1,8612774,1.13394055924544e-10,9.94540971040633,downstream,131
Zm00001eb003210,Zm00001eb003210,chr1,8613269,8616306,Y,FarmCPU,1-8569218,1,8612774,1.13394055924544e-10,9.94540971040633,upstream,495
Zm00001eb003220,Zm00001eb003220,chr1,8636709,8638722,Y,FarmCPU,1-8569218,1,8612774,1.13394055924544e-10,9.94540971040633,upstream,23935
Zm00001eb003230,Zm00001eb003230,chr1,8636709,8642534,Y,FarmCPU,1-8569218,1,8612774,1.13394055924544e-10,9.94540971040633,upstream,23935
Zm00001eb234050,Zm00001eb234050,chr5,93913297,93920887,Total,FarmCPU,5-91628660,5,93936266,1.1417389073045e-10,9.94243319913839,downstream,15379
Zm00001eb234060,Zm00001eb234060,chr5,93920985,93938233,Total,FarmCPU,5-91628660,5,93936266,1.1417389073045e-10,9.94243319913839,within,0
Zm00001eb382010,Zm00001eb382010,chr9,49601252,49602307,C.SGC,BLINK,9-48623727,9,49600027,1.15042540114848e-10,9.93914153772542,upstream,1225
Zm00001eb078980,Zm00001eb078980,chr2,36799200,36801487,W,FarmCPU,2-35951223,2,36825719,1.16139172237248e-10,9.93502127365379,downstream,24232
Zm00001eb078990,Zm00001eb078990,chr2,36805269,36809791,W,FarmCPU,2-35951223,2,36825719,1.16139172237248e-10,9.93502127365379,downstream,15928
Zm00001eb079000,Zm00001eb079000,chr2,36846986,36848996,W,FarmCPU,2-35951223,2,36825719,1.16139172237248e-10,9.93502127365379,upstream,21267
Zm00001eb409130,Zm00001eb409130,chr10,16131493,16131942,H,FarmCPU,10-15920254,10,16131370,1.18296242216466e-10,9.92702905089678,upstream,123
Zm00001eb409140,Zm00001eb409140,chr10,16136720,16137599,H,FarmCPU,10-15920254,10,16131370,1.18296242216466e-10,9.92702905089678,upstream,5350
Zm00001eb409150,Zm00001eb409150,chr10,16136975,16138137,H,FarmCPU,10-15920254,10,16131370,1.18296242216466e-10,9.92702905089678,upstream,5605
Zm00001eb409160,Zm00001eb409160,chr10,16141587,16142027,H,FarmCPU,10-15920254,10,16131370,1.18296242216466e-10,9.92702905089678,upstream,10217
Zm00001eb283480,Zm00001eb283480,chr6,140782986,140783757,IVL,FarmCPU,6-136874897,6,140798825,1.18329892707797e-10,9.92690552926802,downstream,15068
Zm00001eb283490,Zm00001eb283490,chr6,140783161,140783735,IVL,FarmCPU,6-136874897,6,140798825,1.18329892707797e-10,9.92690552926802,downstream,15090
Zm00001eb283500,Zm00001eb283500,chr6,140793522,140794322,IVL,FarmCPU,6-136874897,6,140798825,1.18329892707797e-10,9.92690552926802,downstream,4503
Zm00001eb283510,Zm00001eb283510,chr6,140800696,140805442,IVL,FarmCPU,6-136874897,6,140798825,1.18329892707797e-10,9.92690552926802,upstream,1871
Zm00001eb427960,Zm00001eb427960,chr10,137214761,137217464,N.Total,FarmCPU,10-136042190,10,137223923,1.1939390240652e-10,9.92301785259377,downstream,6459
Zm00001eb427970,Zm00001eb427970,chr10,137229874,137233357,N.Total,FarmCPU,10-136042190,10,137223923,1.1939390240652e-10,9.92301785259377,upstream,5951
Zm00001eb124710,Zm00001eb124710,chr3,19293205,19321779,LAV,FarmCPU,3-19934463,3,19337556,1.19560298183343e-10,9.92241301050112,downstream,15777
Zm00001eb347270,Zm00001eb347270,chr8,93971937,93973295,L,FarmCPU,8-91703197,8,93989476,1.21587824506589e-10,9.91510991202336,downstream,16181
Zm00001eb029780,Zm00001eb029780,chr1,163142950,163144540,F,FarmCPU,1-161697699,1,163162213,1.30058315115413e-10,9.88586187650695,downstream,17673
Zm00001eb011650,Zm00001eb011650,chr1,38093067,38097138,F.WFY,BLINK,1-37711744,1,38090841,1.30221322190021e-10,9.88531789939831,upstream,2226
Zm00001eb011670,Zm00001eb011670,chr1,38097914,38103575,F.WFY,BLINK,1-37711744,1,38090841,1.30221322190021e-10,9.88531789939831,upstream,7073
Zm00001eb348410,Zm00001eb348410,chr8,101871652,101872012,N,BLINK,8-99390163,8,101870095,1.30726284488885e-10,9.88363708219141,upstream,1557
Zm00001eb201190,Zm00001eb201190,chr4,213575125,213578778,Q.E,BLINK,4-210300754,4,213553357,1.31261520723029e-10,9.88186256855545,upstream,21768
Zm00001eb109180,Zm00001eb109180,chr2,217993093,217995851,L.IVL,BLINK,2-211875690,2,218018813,1.32012637414131e-10,9.87938449230538,downstream,22962
Zm00001eb109190,Zm00001eb109190,chr2,217998376,218000989,L.IVL,BLINK,2-211875690,2,218018813,1.32012637414131e-10,9.87938449230538,downstream,17824
Zm00001eb109200,Zm00001eb109200,chr2,218027673,218028422,L.IVL,BLINK,2-211875690,2,218018813,1.32012637414131e-10,9.87938449230538,upstream,8860
Zm00001eb109210,Zm00001eb109210,chr2,218034556,218035396,L.IVL,BLINK,2-211875690,2,218018813,1.32012637414131e-10,9.87938449230538,upstream,15743
Zm00001eb109220,Zm00001eb109220,chr2,218035474,218036212,L.IVL,BLINK,2-211875690,2,218018813,1.32012637414131e-10,9.87938449230538,upstream,16661
Zm00001eb109230,Zm00001eb109230,chr2,218036749,218037605,L.IVL,BLINK,2-211875690,2,218018813,1.32012637414131e-10,9.87938449230538,upstream,17936
Zm00001eb257850,Zm00001eb257850,chr5,222113667,222115093,R,BLINK,5-216277454,5,222133902,1.32871849042779e-10,9.87656702131764,downstream,18809
Zm00001eb257860,Zm00001eb257860,chr5,222120267,222124937,R,BLINK,5-216277454,5,222133902,1.32871849042779e-10,9.87656702131764,downstream,8965
Zm00001eb257870,Zm00001eb257870,chr5,222123677,222124937,R,BLINK,5-216277454,5,222133902,1.32871849042779e-10,9.87656702131764,downstream,8965
Zm00001eb257880,Zm00001eb257880,chr5,222135286,222139422,R,BLINK,5-216277454,5,222133902,1.32871849042779e-10,9.87656702131764,upstream,1384
Zm00001eb257890,Zm00001eb257890,chr5,222145236,222153647,R,BLINK,5-216277454,5,222133902,1.32871849042779e-10,9.87656702131764,upstream,11334
Zm00001eb292250,Zm00001eb292250,chr6,168934774,168948504,T,FarmCPU,6-165002925,6,168948438,1.45148446454909e-10,9.83818760812491,within,0
Zm00001eb292260,Zm00001eb292260,chr6,168951176,168953326,T,FarmCPU,6-165002925,6,168948438,1.45148446454909e-10,9.83818760812491,upstream,2738
Zm00001eb292270,Zm00001eb292270,chr6,168956158,168960115,T,FarmCPU,6-165002925,6,168948438,1.45148446454909e-10,9.83818760812491,upstream,7720
Zm00001eb391370,Zm00001eb391370,chr9,121699723,121701244,T.IMNTDK,BLINK,9-120182116,9,121680524,1.45578321523501e-10,9.83690329221859,upstream,19199
Zm00001eb294110,Zm00001eb294110,chr6,172900932,172905794,Q.E,FarmCPU,6-168875346,6,172900919,1.57769327954502e-10,9.80197742441474,upstream,13
Zm00001eb294120,Zm00001eb294120,chr6,172906586,172909866,Q.E,FarmCPU,6-168875346,6,172900919,1.57769327954502e-10,9.80197742441474,upstream,5667
Zm00001eb140880,Zm00001eb140880,chr3,150870964,150871771,A,FarmCPU,3-149595996,3,150857975,1.65584785069917e-10,9.78097957131774,upstream,12989
Zm00001eb252160,Zm00001eb252160,chr5,209204832,209206116,I,BLINK,5-203836062,5,209225233,1.67200169086803e-10,9.77676328770186,downstream,19117
Zm00001eb356010,Zm00001eb356010,chr8,138057363,138058868,I.Total,BLINK,8-133672730,8,138071409,1.74955973219878e-10,9.75707122556091,downstream,12541
Zm00001eb356040,Zm00001eb356040,chr8,138078117,138080971,I.Total,BLINK,8-133672730,8,138071409,1.74955973219878e-10,9.75707122556091,upstream,6708
Zm00001eb356050,Zm00001eb356050,chr8,138088298,138099096,I.Total,BLINK,8-133672730,8,138071409,1.74955973219878e-10,9.75707122556091,upstream,16889
Zm00001eb356060,Zm00001eb356060,chr8,138096047,138096667,I.Total,BLINK,8-133672730,8,138071409,1.74955973219878e-10,9.75707122556091,upstream,24638
Zm00001eb137620,Zm00001eb137620,chr3,134644970,134663218,W,FarmCPU,3-134034027,3,134676623,1.82667704326777e-10,9.73833822917993,downstream,13405
Zm00001eb137660,Zm00001eb137660,chr3,134657341,134658283,W,FarmCPU,3-134034027,3,134676623,1.82667704326777e-10,9.73833822917993,downstream,18340
Zm00001eb137670,Zm00001eb137670,chr3,134661154,134662302,W,FarmCPU,3-134034027,3,134676623,1.82667704326777e-10,9.73833822917993,downstream,14321
Zm00001eb137680,Zm00001eb137680,chr3,134664632,134688431,W,FarmCPU,3-134034027,3,134676623,1.82667704326777e-10,9.73833822917993,within,0
Zm00001eb130540,Zm00001eb130540,chr3,57032582,57033331,H,FarmCPU,3-57093830,3,57054130,1.84351771362798e-10,9.73435268507499,downstream,20799
Zm00001eb179130,Zm00001eb179130,chr4,82039462,82045352,L.LAV,BLINK,4-79224077,4,82052884,1.85346217645256e-10,9.73201627217855,downstream,7532
Zm00001eb179140,Zm00001eb179140,chr4,82075313,82121098,L.LAV,BLINK,4-79224077,4,82052884,1.85346217645256e-10,9.73201627217855,upstream,22429
Zm00001eb239060,Zm00001eb239060,chr5,150412297,150412707,Total,FarmCPU,5-147010140,5,150419645,1.87999771162295e-10,9.72584267936937,downstream,6938
Zm00001eb053840,Zm00001eb053840,chr1,270219259,270221485,V,FarmCPU,1-265467716,1,270204928,1.9439527783607e-10,9.71131428897068,upstream,14331
Zm00001eb305680,Zm00001eb305680,chr7,34495060,34503742,IMNTDK,FarmCPU,7-33243502,7,34482872,1.95161874386091e-10,9.70960501946105,upstream,12188
Zm00001eb000640,Zm00001eb000640,chr1,2737442,2740118,E,BLINK,1-2656454,1,2747408,2.03675165980359e-10,9.69106192109895,downstream,7290
Zm00001eb000650,Zm00001eb000650,chr1,2765072,2771704,E,BLINK,1-2656454,1,2747408,2.03675165980359e-10,9.69106192109895,upstream,17664
Zm00001eb000660,Zm00001eb000660,chr1,2772158,2773573,E,BLINK,1-2656454,1,2747408,2.03675165980359e-10,9.69106192109895,upstream,24750
Zm00001eb426070,Zm00001eb426070,chr10,131404056,131410296,I.LAV,BLINK,10-130256108,10,131424393,2.0427579024336e-10,9.68978310075246,downstream,14097
Zm00001eb200050,Zm00001eb200050,chr4,206500870,206516423,N.D,FarmCPU,4-202404155,4,206537967,2.0453978771235e-10,9.68922219913257,downstream,21544
Zm00001eb200060,Zm00001eb200060,chr4,206546636,206550523,N.D,FarmCPU,4-202404155,4,206537967,2.0453978771235e-10,9.68922219913257,upstream,8669
Zm00001eb272910,Zm00001eb272910,chr6,96159886,96161525,K.IMNTDK,BLINK,3-100270156,6,96166828,2.11071252496512e-10,9.67557091274778,downstream,5303
Zm00001eb400140,Zm00001eb400140,chr9,153080135,153082658,L,FarmCPU,9-150237543,9,153106373,2.1831995144308e-10,9.66090657393034,downstream,23715
Zm00001eb400150,Zm00001eb400150,chr9,153112663,153115186,L,FarmCPU,9-150237543,9,153106373,2.1831995144308e-10,9.66090657393034,upstream,6290
Zm00001eb358800,Zm00001eb358800,chr8,149483539,149485858,V.IVL,BLINK,8-144727753,8,149503926,2.20654153334423e-10,9.656287893491,downstream,18068
Zm00001eb358810,Zm00001eb358810,chr8,149515413,149515781,V.IVL,BLINK,8-144727753,8,149503926,2.20654153334423e-10,9.656287893491,upstream,11487
Zm00001eb358820,Zm00001eb358820,chr8,149520512,149521742,V.IVL,BLINK,8-144727753,8,149503926,2.20654153334423e-10,9.656287893491,upstream,16586
Zm00001eb358830,Zm00001eb358830,chr8,149523023,149524487,V.IVL,BLINK,8-144727753,8,149503926,2.20654153334423e-10,9.656287893491,upstream,19097
Zm00001eb253350,Zm00001eb253350,chr5,212575059,212580709,W.Total,BLINK,5-206978748,5,212586390,2.23684512886377e-10,9.65036408385519,downstream,5681
Zm00001eb253360,Zm00001eb253360,chr5,212590545,212591298,W.Total,BLINK,5-206978748,5,212586390,2.23684512886377e-10,9.65036408385519,upstream,4155
Zm00001eb253370,Zm00001eb253370,chr5,212606440,212607463,W.Total,BLINK,5-206978748,5,212586390,2.23684512886377e-10,9.65036408385519,upstream,20050
Zm00001eb140620,Zm00001eb140620,chr3,149741549,149743965,N.Total,FarmCPU,3-148477360,3,149748802,2.23752185909938e-10,9.65023271322328,downstream,4837
Zm00001eb026300,Zm00001eb026300,chr1,118834678,118886069,D.IMNTDK,FarmCPU,1-117188466,1,118904158,2.26391974144378e-10,9.64513897344928,downstream,18089
Zm00001eb026310,Zm00001eb026310,chr1,118884064,118884763,D.IMNTDK,FarmCPU,1-117188466,1,118904158,2.26391974144378e-10,9.64513897344928,downstream,19395
Zm00001eb237480,Zm00001eb237480,chr5,138305231,138310643,E,BLINK,5-135046921,5,138298407,2.26813402182888e-10,9.64433128698325,upstream,6824
Zm00001eb237490,Zm00001eb237490,chr5,138314129,138317922,E,BLINK,5-135046921,5,138298407,2.26813402182888e-10,9.64433128698325,upstream,15722
Zm00001eb322660,Zm00001eb322660,chr7,162177632,162178621,S,FarmCPU,7-156782984,7,162164203,2.27580344390098e-10,9.64286524970904,upstream,13429
Zm00001eb322670,Zm00001eb322670,chr7,162185107,162185811,S,FarmCPU,7-156782984,7,162164203,2.27580344390098e-10,9.64286524970904,upstream,20904
Zm00001eb346720,Zm00001eb346720,chr8,89553728,89554009,R.Total,BLINK,8-87265183,8,89549298,2.33747303244521e-10,9.63125339090584,upstream,4430
Zm00001eb346740,Zm00001eb346740,chr8,89557364,89565221,R.Total,BLINK,8-87265183,8,89549298,2.33747303244521e-10,9.63125339090584,upstream,8066
Zm00001eb346750,Zm00001eb346750,chr8,89567205,89591241,R.Total,BLINK,8-87265183,8,89549298,2.33747303244521e-10,9.63125339090584,upstream,17907
Zm00001eb257910,Zm00001eb257910,chr5,222310139,222315127,M.Total,BLINK,5-216465957,5,222329203,2.36023728124066e-10,9.62704433399881,downstream,14076
Zm00001eb257920,Zm00001eb257920,chr5,222321057,222323423,M.Total,BLINK,5-216465957,5,222329203,2.36023728124066e-10,9.62704433399881,downstream,5780
Zm00001eb257930,Zm00001eb257930,chr5,222350434,222353154,M.Total,BLINK,5-216465957,5,222329203,2.36023728124066e-10,9.62704433399881,upstream,21231
Zm00001eb029060,Zm00001eb029060,chr1,156003811,156006415,S.Total,FarmCPU,1-154143819,1,156006766,2.38880861218856e-10,9.62181864388763,downstream,351
Zm00001eb197430,Zm00001eb197430,chr4,196233587,196234314,D.IMNTDK,FarmCPU,4-192254913,4,196251470,2.56046829666655e-10,9.59168059716527,downstream,17156
Zm00001eb175140,Zm00001eb175140,chr4,46584268,46595970,F,FarmCPU,4-44799092,4,46618514,2.56361852314545e-10,9.59114659912932,downstream,22544
Zm00001eb117400,Zm00001eb117400,chr2,240630168,240639757,SGC,FarmCPU,2-237250369,2,240624902,2.57863931412362e-10,9.5886094003361,upstream,5266
Zm00001eb117410,Zm00001eb117410,chr2,240633357,240634237,SGC,FarmCPU,2-237250369,2,240624902,2.57863931412362e-10,9.5886094003361,upstream,8455
Zm00001eb117420,Zm00001eb117420,chr2,240640639,240641811,SGC,FarmCPU,2-237250369,2,240624902,2.57863931412362e-10,9.5886094003361,upstream,15737
Zm00001eb117430,Zm00001eb117430,chr2,240641943,240645242,SGC,FarmCPU,2-237250369,2,240624902,2.57863931412362e-10,9.5886094003361,upstream,17041
Zm00001eb206040,Zm00001eb206040,chr4,242141186,242145267,D.IMNTDK,FarmCPU,4-237423189,4,242132522,2.70837890261986e-10,9.56729057787249,upstream,8664
Zm00001eb206050,Zm00001eb206050,chr4,242150571,242185074,D.IMNTDK,FarmCPU,4-237423189,4,242132522,2.70837890261986e-10,9.56729057787249,upstream,18049
Zm00001eb109920,Zm00001eb109920,chr2,219687147,219689761,Y.WFY,BLINK,2-213560394,2,219693599,2.71777325829267e-10,9.56578677894272,downstream,3838
Zm00001eb109930,Zm00001eb109930,chr2,219690605,219691171,Y.WFY,BLINK,2-213560394,2,219693599,2.71777325829267e-10,9.56578677894272,downstream,2428
Zm00001eb109950,Zm00001eb109950,chr2,219711682,219712660,Y.WFY,BLINK,2-213560394,2,219693599,2.71777325829267e-10,9.56578677894272,upstream,18083
Zm00001eb233090,Zm00001eb233090,chr5,86940953,86943766,D.EHPRQ,FarmCPU,5-84748366,5,86944176,2.78016302163973e-10,9.55592973741905,downstream,410
Zm00001eb233100,Zm00001eb233100,chr5,86945419,86951000,D.EHPRQ,FarmCPU,5-84748366,5,86944176,2.78016302163973e-10,9.55592973741905,upstream,1243
Zm00001eb267150,Zm00001eb267150,chr6,48077540,48078323,N.E,FarmCPU,6-46534833,6,48069069,2.96144629755047e-10,9.52849613838652,upstream,8471
Zm00001eb267160,Zm00001eb267160,chr6,48079096,48080670,N.E,FarmCPU,6-46534833,6,48069069,2.96144629755047e-10,9.52849613838652,upstream,10027
Zm00001eb267170,Zm00001eb267170,chr6,48080704,48081012,N.E,FarmCPU,6-46534833,6,48069069,2.96144629755047e-10,9.52849613838652,upstream,11635
Zm00001eb397430,Zm00001eb397430,chr9,145054538,145062723,W.Total,BLINK,9-142706664,9,145065471,3.00517141977892e-10,9.52213075010359,downstream,2748
Zm00001eb397440,Zm00001eb397440,chr9,145063866,145065920,W.Total,BLINK,9-142706664,9,145065471,3.00517141977892e-10,9.52213075010359,within,0
Zm00001eb013540,Zm00001eb013540,chr1,45450560,45453882,WFY,FarmCPU,1-45283564,1,45449013,3.04153865962081e-10,9.51690665904545,upstream,1547
Zm00001eb013550,Zm00001eb013550,chr1,45455315,45482323,WFY,FarmCPU,1-45283564,1,45449013,3.04153865962081e-10,9.51690665904545,upstream,6302
Zm00001eb277110,Zm00001eb277110,chr6,113822769,113844705,D.IMNTDK,FarmCPU,6-109339521,6,113840506,3.05110616606357e-10,9.51554268041613,within,0
Zm00001eb277130,Zm00001eb277130,chr6,113850492,113852776,D.IMNTDK,FarmCPU,6-109339521,6,113840506,3.05110616606357e-10,9.51554268041613,upstream,9986
Zm00001eb277140,Zm00001eb277140,chr6,113861423,113862944,D.IMNTDK,FarmCPU,6-109339521,6,113840506,3.05110616606357e-10,9.51554268041613,upstream,20917
Zm00001eb277150,Zm00001eb277150,chr6,113864155,113888062,D.IMNTDK,FarmCPU,6-109339521,6,113840506,3.05110616606357e-10,9.51554268041613,upstream,23649
Zm00001eb277160,Zm00001eb277160,chr6,113864229,113893982,D.IMNTDK,FarmCPU,6-109339521,6,113840506,3.05110616606357e-10,9.51554268041613,upstream,23723
Zm00001eb395130,Zm00001eb395130,chr9,137062181,137064003,Q.E,FarmCPU,9-134863829,9,137072318,3.06853452548771e-10,9.51306898590638,downstream,8315
Zm00001eb269220,Zm00001eb269220,chr6,70861477,70862531,N.E,FarmCPU,6-68111008,6,70878267,3.10948342083183e-10,9.50731175441902,downstream,15736
Zm00001eb269230,Zm00001eb269230,chr6,70874340,70876174,N.E,FarmCPU,6-68111008,6,70878267,3.10948342083183e-10,9.50731175441902,downstream,2093
Zm00001eb359870,Zm00001eb359870,chr8,153545328,153550962,G.SGC,BLINK,8-148613955,8,153567425,3.12700393898724e-10,9.5048715716898,downstream,16463
Zm00001eb359880,Zm00001eb359880,chr8,153565861,153566222,G.SGC,BLINK,8-148613955,8,153567425,3.12700393898724e-10,9.5048715716898,downstream,1203
Zm00001eb359890,Zm00001eb359890,chr8,153566629,153567032,G.SGC,BLINK,8-148613955,8,153567425,3.12700393898724e-10,9.5048715716898,downstream,393
Zm00001eb118850,Zm00001eb118850,chr3,1460473,1465590,EHPRQ,FarmCPU,3-2141542,3,1465462,3.22615171367943e-10,9.49131521324447,within,0
Zm00001eb118860,Zm00001eb118860,chr3,1465358,1466516,EHPRQ,FarmCPU,3-2141542,3,1465462,3.22615171367943e-10,9.49131521324447,within,0
Zm00001eb324580,Zm00001eb324580,chr7,167420165,167428010,SGC,FarmCPU,7-161990240,7,167426018,3.23594680197454e-10,9.48999862667621,within,0
Zm00001eb324590,Zm00001eb324590,chr7,167428635,167438876,SGC,FarmCPU,7-161990240,7,167426018,3.23594680197454e-10,9.48999862667621,upstream,2617
Zm00001eb324600,Zm00001eb324600,chr7,167440164,167442497,SGC,FarmCPU,7-161990240,7,167426018,3.23594680197454e-10,9.48999862667621,upstream,14146
Zm00001eb203410,Zm00001eb203410,chr4,228009926,228010936,K,FarmCPU,4-224148666,4,227991859,3.23683447080357e-10,9.48987950951146,upstream,18067
Zm00001eb088270,Zm00001eb088270,chr2,108083829,108087576,N.D,FarmCPU,2-105774561,2,108104072,3.2831336257486e-10,9.48371144083318,downstream,16496
Zm00001eb215700,Zm00001eb215700,chr5,9991095,9992055,D.EHPRQ,BLINK,5-9663930,5,10010988,3.32015032274746e-10,9.47884225278337,downstream,18933
Zm00001eb215710,Zm00001eb215710,chr5,9999369,10002552,D.EHPRQ,BLINK,5-9663930,5,10010988,3.32015032274746e-10,9.47884225278337,downstream,8436
Zm00001eb250890,Zm00001eb250890,chr5,205442307,205444253,N,FarmCPU,5-200163858,5,205469118,3.32263090535814e-10,9.47851789966898,downstream,24865
Zm00001eb281090,Zm00001eb281090,chr6,131290916,131293241,N.Total,FarmCPU,6-127515373,6,131302573,3.35926780967287e-10,9.47375537167879,downstream,9332
Zm00001eb373570,Zm00001eb373570,chr9,10734732,10735300,V,FarmCPU,9-11397489,9,10727973,3.42374305004424e-10,9.46549883632411,upstream,6759
Zm00001eb255230,Zm00001eb255230,chr5,216599593,216600690,I.LAV,BLINK,5-210775023,5,216582750,3.51497734351591e-10,9.45407746996641,upstream,16843
Zm00001eb255240,Zm00001eb255240,chr5,216600840,216604080,I.LAV,BLINK,5-210775023,5,216582750,3.51497734351591e-10,9.45407746996641,upstream,18090
Zm00001eb255250,Zm00001eb255250,chr5,216604589,216608940,I.LAV,BLINK,5-210775023,5,216582750,3.51497734351591e-10,9.45407746996641,upstream,21839
Zm00001eb038210,Zm00001eb038210,chr1,204344762,204350377,N.E,FarmCPU,1-201859974,1,204325608,3.5820263788603e-10,9.44587122023146,upstream,19154
Zm00001eb399780,Zm00001eb399780,chr9,151977482,151986114,A.Total,BLINK,9-149145519,9,151987324,3.58869652302246e-10,9.44506326608841,downstream,1210
Zm00001eb399800,Zm00001eb399800,chr9,151987797,151992962,A.Total,BLINK,9-149145519,9,151987324,3.58869652302246e-10,9.44506326608841,upstream,473
Zm00001eb038730,Zm00001eb038730,chr1,206928381,206930810,L,FarmCPU,1-204110070,1,206928513,3.62691565924658e-10,9.44046254344071,within,0
Zm00001eb038740,Zm00001eb038740,chr1,206928877,206930670,L,FarmCPU,1-204110070,1,206928513,3.62691565924658e-10,9.44046254344071,upstream,364
Zm00001eb374840,Zm00001eb374840,chr9,15328289,15331981,L,BLINK,9-15611463,9,15343947,3.71855904772066e-10,9.4296253178754,downstream,11966
Zm00001eb311020,Zm00001eb311020,chr7,103406551,103413101,T.Total,BLINK,7-100272797,7,103382275,3.7641179721466e-10,9.42433677370137,upstream,24276
Zm00001eb384580,Zm00001eb384580,chr9,78685764,78690140,L,FarmCPU,9-76624756,9,78681803,3.86434068579545e-10,9.41292459254672,upstream,3961
Zm00001eb237820,Zm00001eb237820,chr5,141090966,141093089,L,FarmCPU,5-137811532,5,141104507,4.00922735330409e-10,9.39693931529207,downstream,11418
Zm00001eb237830,Zm00001eb237830,chr5,141097158,141098168,L,FarmCPU,5-137811532,5,141104507,4.00922735330409e-10,9.39693931529207,downstream,6339
Zm00001eb218380,Zm00001eb218380,chr5,16365645,16368047,M,FarmCPU,5-15822899,5,16359659,4.08797970899822e-10,9.38849126852207,upstream,5986
Zm00001eb218390,Zm00001eb218390,chr5,16368664,16374413,M,FarmCPU,5-15822899,5,16359659,4.08797970899822e-10,9.38849126852207,upstream,9005
Zm00001eb386440,Zm00001eb386440,chr9,96088780,96090931,SGC,FarmCPU,9-93667885,9,96087965,4.15299914616201e-10,9.38163815817911,upstream,815
Zm00001eb386450,Zm00001eb386450,chr9,96090984,96097630,SGC,FarmCPU,9-93667885,9,96087965,4.15299914616201e-10,9.38163815817911,upstream,3019
Zm00001eb386460,Zm00001eb386460,chr9,96091965,96093519,SGC,FarmCPU,9-93667885,9,96087965,4.15299914616201e-10,9.38163815817911,upstream,4000
Zm00001eb171820,Zm00001eb171820,chr4,31493990,31497236,G.SGC,BLINK,4-29980208,4,31493044,4.20285641845129e-10,9.37645544647789,upstream,946
Zm00001eb112220,Zm00001eb112220,chr2,225957053,225986725,C.Total,FarmCPU,2-219860853,2,225946113,4.2144894474482e-10,9.37525502924466,upstream,10940
Zm00001eb316300,Zm00001eb316300,chr7,136575819,136579093,G,FarmCPU,7-132520632,7,136572589,4.25494664986939e-10,9.37110588089375,upstream,3230
Zm00001eb278360,Zm00001eb278360,chr6,118703807,118713062,P,FarmCPU,6-114955927,6,118708477,4.3317115319909e-10,9.36334047269213,within,0
Zm00001eb278370,Zm00001eb278370,chr6,118712386,118714507,P,FarmCPU,6-114955927,6,118708477,4.3317115319909e-10,9.36334047269213,upstream,3909
Zm00001eb310730,Zm00001eb310730,chr7,100641326,100649743,Total_N,BLINK,7-97612881,7,100626324,4.37028319690156e-10,9.35949041958184,upstream,15002
Zm00001eb256170,Zm00001eb256170,chr5,218942005,218958762,P,FarmCPU,5-213155902,5,218941276,4.37054561953605e-10,9.35946434226022,upstream,729
Zm00001eb169200,Zm00001eb169200,chr4,18124364,18132454,N,FarmCPU,4-17025144,4,18142838,4.39189842408593e-10,9.35734771281322,downstream,10384
Zm00001eb030310,Zm00001eb030310,chr1,166612094,166613746,S.SGC,BLINK,1-164967324,1,166623991,4.57507572142266e-10,9.33960171359231,downstream,10245
Zm00001eb030320,Zm00001eb030320,chr1,166616451,166619630,S.SGC,BLINK,1-164967324,1,166623991,4.57507572142266e-10,9.33960171359231,downstream,4361
Zm00001eb088110,Zm00001eb088110,chr2,106586859,106587278,F.WFY,BLINK,2-104256970,2,106607065,4.67470086572181e-10,9.33024617442201,downstream,19787
Zm00001eb233650,Zm00001eb233650,chr5,90721578,90727950,W,FarmCPU,5-88521100,5,90750213,4.80554663388099e-10,9.31825720392147,downstream,22263
Zm00001eb400820,Zm00001eb400820,chr9,154452497,154504516,N.IMNTDK,FarmCPU,9-151564381,9,154471776,4.92343988091276e-10,9.30773136079056,within,0
Zm00001eb373620,Zm00001eb373620,chr9,10970341,10971382,IMNTDK,FarmCPU,9-11581459,9,10988746,4.94507224025878e-10,9.30582735961451,downstream,17364
Zm00001eb373630,Zm00001eb373630,chr9,10986360,10996621,IMNTDK,FarmCPU,9-11581459,9,10988746,4.94507224025878e-10,9.30582735961451,within,0
Zm00001eb373640,Zm00001eb373640,chr9,10998984,11000960,IMNTDK,FarmCPU,9-11581459,9,10988746,4.94507224025878e-10,9.30582735961451,upstream,10238
Zm00001eb035070,Zm00001eb035070,chr1,192793335,192793954,Q.EHPRQ,BLINK,1-190635022,1,192799795,5.01168137899659e-10,9.30001654736308,downstream,5841
Zm00001eb058420,Zm00001eb058420,chr1,286991326,286991668,C.SGC,BLINK,1-281932158,1,286978515,5.02550217681681e-10,9.2988205345595,upstream,12811
Zm00001eb058440,Zm00001eb058440,chr1,286997997,286999931,C.SGC,BLINK,1-281932158,1,286978515,5.02550217681681e-10,9.2988205345595,upstream,19482
Zm00001eb058450,Zm00001eb058450,chr1,287001058,287014028,C.SGC,BLINK,1-281932158,1,286978515,5.02550217681681e-10,9.2988205345595,upstream,22543
Zm00001eb167350,Zm00001eb167350,chr4,7858349,7865715,IVL,FarmCPU,4-7067361,4,7868689,5.03486979574306e-10,9.29801175603816,downstream,2974
Zm00001eb167360,Zm00001eb167360,chr4,7872387,7878174,IVL,FarmCPU,4-7067361,4,7868689,5.03486979574306e-10,9.29801175603816,upstream,3698
Zm00001eb137620,Zm00001eb137620,chr3,134644970,134663218,Y,FarmCPU,3-134036503,3,134679099,5.11859081470583e-10,9.29084958699951,downstream,15881
Zm00001eb137660,Zm00001eb137660,chr3,134657341,134658283,Y,FarmCPU,3-134036503,3,134679099,5.11859081470583e-10,9.29084958699951,downstream,20816
Zm00001eb137670,Zm00001eb137670,chr3,134661154,134662302,Y,FarmCPU,3-134036503,3,134679099,5.11859081470583e-10,9.29084958699951,downstream,16797
Zm00001eb137680,Zm00001eb137680,chr3,134664632,134688431,Y,FarmCPU,3-134036503,3,134679099,5.11859081470583e-10,9.29084958699951,within,0
Zm00001eb322510,Zm00001eb322510,chr7,161584577,161591791,F,FarmCPU,7-156249988,7,161605605,5.12854917193501e-10,9.29000547616261,downstream,13814
Zm00001eb336740,Zm00001eb336740,chr8,17917924,17925128,F,FarmCPU,8-17397128,8,17945285,5.18753792511221e-10,9.28503871522313,downstream,20157
Zm00001eb336750,Zm00001eb336750,chr8,17927251,17930863,F,FarmCPU,8-17397128,8,17945285,5.18753792511221e-10,9.28503871522313,downstream,14422
Zm00001eb336760,Zm00001eb336760,chr8,17935993,17940644,F,FarmCPU,8-17397128,8,17945285,5.18753792511221e-10,9.28503871522313,downstream,4641
Zm00001eb336780,Zm00001eb336780,chr8,17960544,17965917,F,FarmCPU,8-17397128,8,17945285,5.18753792511221e-10,9.28503871522313,upstream,15259
Zm00001eb336790,Zm00001eb336790,chr8,17967501,17968729,F,FarmCPU,8-17397128,8,17945285,5.18753792511221e-10,9.28503871522313,upstream,22216
Zm00001eb336800,Zm00001eb336800,chr8,17969145,17973549,F,FarmCPU,8-17397128,8,17945285,5.18753792511221e-10,9.28503871522313,upstream,23860
Zm00001eb316320,Zm00001eb316320,chr7,136708666,136710582,A,FarmCPU,7-132672856,7,136733805,5.23876757026237e-10,9.28077086957873,downstream,23223
Zm00001eb316330,Zm00001eb316330,chr7,136719336,136724408,A,FarmCPU,7-132672856,7,136733805,5.23876757026237e-10,9.28077086957873,downstream,9397
Zm00001eb165420,Zm00001eb165420,chr4,3610401,3621644,N.E,BLINK,4-3022045,4,3585484,5.26289486065206e-10,9.278775306003,upstream,24917
Zm00001eb360300,Zm00001eb360300,chr8,154700167,154701473,F.WFY,BLINK,8-149683450,8,154711529,5.26535594336902e-10,9.27857226474138,downstream,10056
Zm00001eb360310,Zm00001eb360310,chr8,154706536,154707539,F.WFY,BLINK,8-149683450,8,154711529,5.26535594336902e-10,9.27857226474138,downstream,3990
Zm00001eb360320,Zm00001eb360320,chr8,154709023,154743015,F.WFY,BLINK,8-149683450,8,154711529,5.26535594336902e-10,9.27857226474138,within,0
Zm00001eb120200,Zm00001eb120200,chr3,3962554,3965979,M.Total,BLINK,3-4714935,3,3983974,5.26688421405142e-10,9.27844622896572,downstream,17995
Zm00001eb120220,Zm00001eb120220,chr3,3989096,3991663,M.Total,BLINK,3-4714935,3,3983974,5.26688421405142e-10,9.27844622896572,upstream,5122
Zm00001eb120230,Zm00001eb120230,chr3,3991498,3992944,M.Total,BLINK,3-4714935,3,3983974,5.26688421405142e-10,9.27844622896572,upstream,7524
Zm00001eb120240,Zm00001eb120240,chr3,3999329,4001824,M.Total,BLINK,3-4714935,3,3983974,5.26688421405142e-10,9.27844622896572,upstream,15355
Zm00001eb345840,Zm00001eb345840,chr8,82407900,82412769,S,FarmCPU,8-80349920,8,82427188,5.33560306206104e-10,9.27281648688175,downstream,14419
Zm00001eb345850,Zm00001eb345850,chr8,82410624,82411327,S,FarmCPU,8-80349920,8,82427188,5.33560306206104e-10,9.27281648688175,downstream,15861
Zm00001eb025700,Zm00001eb025700,chr1,112251880,112254210,N.IMNTDK,FarmCPU,1-109783930,1,112273313,5.36263320491922e-10,9.27062190703232,downstream,19103
Zm00001eb257060,Zm00001eb257060,chr5,220558501,220562799,D,FarmCPU,5-214760571,5,220584015,5.39381295010596e-10,9.2681041183476,downstream,21216
Zm00001eb257070,Zm00001eb257070,chr5,220563217,220583722,D,FarmCPU,5-214760571,5,220584015,5.39381295010596e-10,9.2681041183476,downstream,293
Zm00001eb257080,Zm00001eb257080,chr5,220587532,220591635,D,FarmCPU,5-214760571,5,220584015,5.39381295010596e-10,9.2681041183476,upstream,3517
Zm00001eb257100,Zm00001eb257100,chr5,220593928,220594436,D,FarmCPU,5-214760571,5,220584015,5.39381295010596e-10,9.2681041183476,upstream,9913
Zm00001eb398120,Zm00001eb398120,chr9,147106483,147115346,N.D,FarmCPU,9-144563448,9,147126254,5.42258719466305e-10,9.26579345584553,downstream,10908
Zm00001eb256400,Zm00001eb256400,chr5,219434616,219444330,L,FarmCPU,5-213633756,5,219464387,5.49340543581806e-10,9.26015834708446,downstream,20057
Zm00001eb318500,Zm00001eb318500,chr7,145753065,145754469,N.Total,FarmCPU,7-141043111,7,145762580,5.56648632163194e-10,9.25441885377367,downstream,8111
Zm00001eb396490,Zm00001eb396490,chr9,142700397,142705748,E.Total,BLINK,9-140308916,9,142699240,5.56916623282031e-10,9.25420981875612,upstream,1157
Zm00001eb180040,Zm00001eb180040,chr4,89490410,89491366,M.IMNTDK,BLINK,4-86165408,4,89503624,5.57935320039181e-10,9.25341614475099,downstream,12258
Zm00001eb180050,Zm00001eb180050,chr4,89491463,89491768,M.IMNTDK,BLINK,4-86165408,4,89503624,5.57935320039181e-10,9.25341614475099,downstream,11856
Zm00001eb039400,Zm00001eb039400,chr1,209405791,209409575,Total,FarmCPU,1-206600698,1,209384644,5.66375437175437e-10,9.2468955895882,upstream,21147
Zm00001eb326360,Zm00001eb326360,chr7,171477458,171506834,I.IMNTDK,BLINK,7-165941748,7,171503964,5.719222323068e-10,9.24266302081564,within,0
Zm00001eb326370,Zm00001eb326370,chr7,171505856,171506318,I.IMNTDK,BLINK,7-165941748,7,171503964,5.719222323068e-10,9.24266302081564,upstream,1892
Zm00001eb348140,Zm00001eb348140,chr8,99711981,99716662,S,FarmCPU,8-97272050,8,99728560,5.78389379832683e-10,9.23777968999155,downstream,11898
Zm00001eb239060,Zm00001eb239060,chr5,150412297,150412707,EHPRQ,FarmCPU,5-147010140,5,150419645,5.81109314156362e-10,9.23574216353164,downstream,6938
Zm00001eb100250,Zm00001eb100250,chr2,189524202,189528153,N,FarmCPU,2-184650822,2,189507581,5.932289841499e-10,9.22677763824235,upstream,16621
Zm00001eb255190,Zm00001eb255190,chr5,216509288,216535934,G,FarmCPU,5-210723946,5,216529679,5.93426757524752e-10,9.22663287530371,within,0
Zm00001eb255200,Zm00001eb255200,chr5,216542432,216546864,G,FarmCPU,5-210723946,5,216529679,5.93426757524752e-10,9.22663287530371,upstream,12753
Zm00001eb255210,Zm00001eb255210,chr5,216546389,216550027,G,FarmCPU,5-210723946,5,216529679,5.93426757524752e-10,9.22663287530371,upstream,16710
Zm00001eb370610,Zm00001eb370610,chr8,180285790,180291279,C.SGC,BLINK,8-174593615,8,180313889,5.96174305465549e-10,9.22462674557107,downstream,22610
Zm00001eb370620,Zm00001eb370620,chr8,180297123,180300233,C.SGC,BLINK,8-174593615,8,180313889,5.96174305465549e-10,9.22462674557107,downstream,13656
Zm00001eb370630,Zm00001eb370630,chr8,180304325,180306412,C.SGC,BLINK,8-174593615,8,180313889,5.96174305465549e-10,9.22462674557107,downstream,7477
Zm00001eb370640,Zm00001eb370640,chr8,180304434,180306375,C.SGC,BLINK,8-174593615,8,180313889,5.96174305465549e-10,9.22462674557107,downstream,7514
Zm00001eb370650,Zm00001eb370650,chr8,180326737,180330184,C.SGC,BLINK,8-174593615,8,180313889,5.96174305465549e-10,9.22462674557107,upstream,12848
Zm00001eb088270,Zm00001eb088270,chr2,108083829,108087576,N.Total,FarmCPU,2-105774561,2,108104072,5.98021522511114e-10,9.22328318567779,downstream,16496
Zm00001eb328220,Zm00001eb328220,chr7,176569661,176571265,N.E,FarmCPU,7-171001482,7,176587822,6.11280461872913e-10,9.21375948517928,downstream,16557
Zm00001eb328230,Zm00001eb328230,chr7,176578498,176579912,N.E,FarmCPU,7-171001482,7,176587822,6.11280461872913e-10,9.21375948517928,downstream,7910
Zm00001eb328240,Zm00001eb328240,chr7,176580862,176583699,N.E,FarmCPU,7-171001482,7,176587822,6.11280461872913e-10,9.21375948517928,downstream,4123
Zm00001eb328250,Zm00001eb328250,chr7,176582634,176585743,N.E,FarmCPU,7-171001482,7,176587822,6.11280461872913e-10,9.21375948517928,downstream,2079
Zm00001eb328260,Zm00001eb328260,chr7,176587821,176591008,N.E,FarmCPU,7-171001482,7,176587822,6.11280461872913e-10,9.21375948517928,within,0
Zm00001eb129920,Zm00001eb129920,chr3,52164710,52191173,K.Total,FarmCPU,3-52317420,3,52185775,6.17245075344894e-10,9.2095423663763,within,0
Zm00001eb129930,Zm00001eb129930,chr3,52194389,52197808,K.Total,FarmCPU,3-52317420,3,52185775,6.17245075344894e-10,9.2095423663763,upstream,8614
Zm00001eb351630,Zm00001eb351630,chr8,120292309,120294056,IMNTDK,FarmCPU,8-116858573,8,120308804,6.21605847198759e-10,9.20648490895262,downstream,14748
Zm00001eb351640,Zm00001eb351640,chr8,120296262,120328633,IMNTDK,FarmCPU,8-116858573,8,120308804,6.21605847198759e-10,9.20648490895262,within,0
Zm00001eb351650,Zm00001eb351650,chr8,120314545,120324437,IMNTDK,FarmCPU,8-116858573,8,120308804,6.21605847198759e-10,9.20648490895262,upstream,5741
Zm00001eb335890,Zm00001eb335890,chr8,14989006,14994422,SGC,FarmCPU,8-14606424,8,15014075,6.26723287915552e-10,9.20292416739463,downstream,19653
Zm00001eb335900,Zm00001eb335900,chr8,15031856,15037393,SGC,FarmCPU,8-14606424,8,15014075,6.26723287915552e-10,9.20292416739463,upstream,17781
Zm00001eb238010,Zm00001eb238010,chr5,142576317,142576996,N.D,FarmCPU,5-139274159,5,142584304,6.29022503798526e-10,9.20133381703375,downstream,7308
Zm00001eb238020,Zm00001eb238020,chr5,142586362,142603191,N.D,FarmCPU,5-139274159,5,142584304,6.29022503798526e-10,9.20133381703375,upstream,2058
Zm00001eb092270,Zm00001eb092270,chr2,145464669,145469853,R.Total,FarmCPU,2-141327152,2,145490764,6.38592733363375e-10,9.19477602766651,downstream,20911
Zm00001eb333730,Zm00001eb333730,chr8,6242136,6254150,H,FarmCPU,8-5997917,8,6272837,6.38645517636416e-10,9.19474013159386,downstream,18687
Zm00001eb333740,Zm00001eb333740,chr8,6255192,6255986,H,FarmCPU,8-5997917,8,6272837,6.38645517636416e-10,9.19474013159386,downstream,16851
Zm00001eb333750,Zm00001eb333750,chr8,6258746,6262968,H,FarmCPU,8-5997917,8,6272837,6.38645517636416e-10,9.19474013159386,downstream,9869
Zm00001eb333760,Zm00001eb333760,chr8,6265048,6269005,H,FarmCPU,8-5997917,8,6272837,6.38645517636416e-10,9.19474013159386,downstream,3832
Zm00001eb322660,Zm00001eb322660,chr7,162177632,162178621,T,FarmCPU,7-156782984,7,162164203,6.40418295572546e-10,9.19353626958112,upstream,13429
Zm00001eb322670,Zm00001eb322670,chr7,162185107,162185811,T,FarmCPU,7-156782984,7,162164203,6.40418295572546e-10,9.19353626958112,upstream,20904
Zm00001eb234030,Zm00001eb234030,chr5,93681143,93713717,I.IMNTDK,FarmCPU,5-91362832,5,93658389,6.47382844922974e-10,9.18883881320345,upstream,22754
Zm00001eb395440,Zm00001eb395440,chr9,139100213,139102322,D.IMNTDK,FarmCPU,9-136761974,9,139086300,6.70987662159152e-10,9.17328546538311,upstream,13913
Zm00001eb120690,Zm00001eb120690,chr3,4881497,4882749,R.Total,BLINK,3-5705933,3,4869510,6.79658527869334e-10,9.16770922951426,upstream,11987
Zm00001eb194530,Zm00001eb194530,chr4,187161627,187164298,Q.E,BLINK,4-183939619,4,187158481,6.90188498637731e-10,9.16103228210594,upstream,3146
Zm00001eb393450,Zm00001eb393450,chr9,130359239,130360506,IVL,FarmCPU,9-128362939,9,130347324,7.02542917273514e-10,9.15332714022609,upstream,11915
Zm00001eb309010,Zm00001eb309010,chr7,83171112,83173810,D,FarmCPU,7-80330557,7,83152256,7.22838978527941e-10,9.14095843648857,upstream,18856
Zm00001eb121470,Zm00001eb121470,chr3,7184482,7190135,IVL,BLINK,3-8064262,3,7214427,7.25760719826831e-10,9.13920654071536,downstream,24292
Zm00001eb120410,Zm00001eb120410,chr3,4505009,4512403,G,FarmCPU,3-5333204,3,4494831,7.31312525938383e-10,9.13589698790581,upstream,10178
Zm00001eb358940,Zm00001eb358940,chr8,149786378,149794218,N.E,FarmCPU,8-145015390,8,149797970,7.36291192138185e-10,9.13295039472724,downstream,3752
Zm00001eb358960,Zm00001eb358960,chr8,149798193,149800005,N.E,FarmCPU,8-145015390,8,149797970,7.36291192138185e-10,9.13295039472724,upstream,223
Zm00001eb417100,Zm00001eb417100,chr10,86505315,86525363,N.E,FarmCPU,10-86489794,10,86519548,7.5859088256791e-10,9.11999238134617,within,0
Zm00001eb219770,Zm00001eb219770,chr5,21577197,21583832,C.Total,BLINK,5-21063829,5,21561624,7.77813764849762e-10,9.10912437547835,upstream,15573
Zm00001eb264210,Zm00001eb264210,chr6,25976512,25978877,N.IMNTDK,FarmCPU,6-24608719,6,25988347,7.86991664274407e-10,9.104029867614,downstream,9470
Zm00001eb060140,Zm00001eb060140,chr1,292931067,292935623,D.IMNTDK,BLINK,1-287792927,1,292912004,7.99388064389732e-10,9.09724234044966,upstream,19063
Zm00001eb327790,Zm00001eb327790,chr7,175488191,175501715,R.Total,FarmCPU,7-169965248,7,175514909,8.25728604158019e-10,9.08316267069921,downstream,13194
Zm00001eb203350,Zm00001eb203350,chr4,227792590,227798340,K.IMNTDK,BLINK,4-224012526,4,227793554,8.2950145628754e-10,9.08118284718382,within,0
Zm00001eb111670,Zm00001eb111670,chr2,224094430,224096987,E,BLINK,2-218011321,2,224120109,8.32275535350199e-10,9.07973287121899,downstream,23122
Zm00001eb111680,Zm00001eb111680,chr2,224100183,224102355,E,BLINK,2-218011321,2,224120109,8.32275535350199e-10,9.07973287121899,downstream,17754
Zm00001eb111690,Zm00001eb111690,chr2,224107046,224109760,E,BLINK,2-218011321,2,224120109,8.32275535350199e-10,9.07973287121899,downstream,10349
Zm00001eb411430,Zm00001eb411430,chr10,35311720,35315618,IVL,FarmCPU,10-34408823,10,35338720,8.49545814820707e-10,9.0708131952678,downstream,23102
Zm00001eb411440,Zm00001eb411440,chr10,35349956,35354126,IVL,FarmCPU,10-34408823,10,35338720,8.49545814820707e-10,9.0708131952678,upstream,11236
Zm00001eb107340,Zm00001eb107340,chr2,213092942,213093340,G,FarmCPU,2-206920289,2,213101231,8.52795612734518e-10,9.06915504256949,downstream,7891
Zm00001eb107350,Zm00001eb107350,chr2,213099247,213103030,G,FarmCPU,2-206920289,2,213101231,8.52795612734518e-10,9.06915504256949,within,0
Zm00001eb107360,Zm00001eb107360,chr2,213113498,213113852,G,FarmCPU,2-206920289,2,213101231,8.52795612734518e-10,9.06915504256949,upstream,12267
Zm00001eb396950,Zm00001eb396950,chr9,143544986,143548558,R.Total,BLINK,9-141098035,9,143529496,8.60904125729257e-10,9.06504521089842,upstream,15490
Zm00001eb396960,Zm00001eb396960,chr9,143549446,143551243,R.Total,BLINK,9-141098035,9,143529496,8.60904125729257e-10,9.06504521089842,upstream,19950
Zm00001eb146780,Zm00001eb146780,chr3,180680107,180682865,N.E,FarmCPU,3-177938674,3,180685119,8.65960488624655e-10,9.06250192318329,downstream,2254
Zm00001eb146790,Zm00001eb146790,chr3,180708589,180718091,N.E,FarmCPU,3-177938674,3,180685119,8.65960488624655e-10,9.06250192318329,upstream,23470
Zm00001eb262630,Zm00001eb262630,chr6,18656332,18657174,D,FarmCPU,6-16292150,6,18675234,8.70044752850226e-10,9.06045840782273,downstream,18060
Zm00001eb373900,Zm00001eb373900,chr9,12168325,12173646,K,FarmCPU,9-12698461,9,12169300,8.81726403260319e-10,9.05466615408288,within,0
Zm00001eb316300,Zm00001eb316300,chr7,136575819,136579093,SGC,FarmCPU,7-132520632,7,136572589,9.00184876054795e-10,9.04566828788846,upstream,3230
Zm00001eb431670,Zm00001eb431670,chr10,146393599,146401088,H,BLINK,10-145075779,10,146419424,9.03704211116505e-10,9.04397369397206,downstream,18336
Zm00001eb431680,Zm00001eb431680,chr10,146444192,146444963,H,BLINK,10-145075779,10,146419424,9.03704211116505e-10,9.04397369397206,upstream,24768
Zm00001eb368950,Zm00001eb368950,chr8,177142658,177148354,N.E,BLINK,8-171434959,8,177162924,9.04561033463007e-10,9.04356212465609,downstream,14570
Zm00001eb368960,Zm00001eb368960,chr8,177153767,177159041,N.E,BLINK,8-171434959,8,177162924,9.04561033463007e-10,9.04356212465609,downstream,3883
Zm00001eb368970,Zm00001eb368970,chr8,177186624,177189871,N.E,BLINK,8-171434959,8,177162924,9.04561033463007e-10,9.04356212465609,upstream,23700
Zm00001eb070400,Zm00001eb070400,chr2,9565132,9579223,D.IMNTDK,BLINK,2-9419791,2,9591672,9.26268757369006e-10,9.03326298426026,downstream,12449
Zm00001eb070410,Zm00001eb070410,chr2,9580444,9585378,D.IMNTDK,BLINK,2-9419791,2,9591672,9.26268757369006e-10,9.03326298426026,downstream,6294
Zm00001eb070420,Zm00001eb070420,chr2,9583582,9584688,D.IMNTDK,BLINK,2-9419791,2,9591672,9.26268757369006e-10,9.03326298426026,downstream,6984
Zm00001eb132890,Zm00001eb132890,chr3,93627293,93658930,N.IMNTDK,FarmCPU,3-107803757,3,93659423,9.29729244788303e-10,9.03164350802091,downstream,493
Zm00001eb239490,Zm00001eb239490,chr5,154440712,154441744,Q.E,FarmCPU,5-150818713,5,154454630,9.35092419702753e-10,9.02914546358377,downstream,12886
Zm00001eb239500,Zm00001eb239500,chr5,154473968,154475211,Q.E,FarmCPU,5-150818713,5,154454630,9.35092419702753e-10,9.02914546358377,upstream,19338
Zm00001eb289140,Zm00001eb289140,chr6,161355433,161355777,S.SGC,BLINK,6-157438491,6,161371514,9.40790174303224e-10,9.02650722705469,downstream,15737
Zm00001eb289150,Zm00001eb289150,chr6,161356274,161361148,S.SGC,BLINK,6-157438491,6,161371514,9.40790174303224e-10,9.02650722705469,downstream,10366
Zm00001eb289160,Zm00001eb289160,chr6,161377040,161390861,S.SGC,BLINK,6-157438491,6,161371514,9.40790174303224e-10,9.02650722705469,upstream,5526
Zm00001eb029030,Zm00001eb029030,chr1,155860230,155878852,Q.EHPRQ,BLINK,1-154003776,1,155871118,9.59170389173142e-10,9.01810423693298,within,0
Zm00001eb373670,Zm00001eb373670,chr9,11188952,11191001,N.D,FarmCPU,9-11750326,9,11187740,9.62207865717429e-10,9.01673109721135,upstream,1212
Zm00001eb393450,Zm00001eb393450,chr9,130359239,130360506,T,FarmCPU,9-128362939,9,130347324,9.75297360521596e-10,9.01086295112765,upstream,11915
Zm00001eb400270,Zm00001eb400270,chr9,153434131,153460825,Q.Total,FarmCPU,9-150510554,9,153413598,9.8901112594853e-10,9.00479882274976,upstream,20533
Zm00001eb022340,Zm00001eb022340,chr1,85564112,85567898,L,FarmCPU,1-83895543,1,85566521,9.93860420113406e-10,9.00267460456752,within,0
Zm00001eb242000,Zm00001eb242000,chr5,168732138,168746339,LAV,FarmCPU,5-164898119,5,168752649,9.96922130421084e-10,9.00133876310176,downstream,6310
Zm00001eb159390,Zm00001eb159390,chr3,222881745,222884228,E,FarmCPU,3-219281846,3,222864865,1.00943201465471e-09,8.99592292551139,upstream,16880
Zm00001eb395280,Zm00001eb395280,chr9,137789171,137796963,K,FarmCPU,9-135525940,9,137803474,1.03688029348762e-09,8.98427137946306,downstream,6511
Zm00001eb395290,Zm00001eb395290,chr9,137822975,137827962,K,FarmCPU,9-135525940,9,137803474,1.03688029348762e-09,8.98427137946306,upstream,19501
Zm00001eb158760,Zm00001eb158760,chr3,220737565,220741958,R.Total,FarmCPU,3-217228656,3,220758628,1.04327079040877e-09,8.98160295186443,downstream,16670
Zm00001eb158770,Zm00001eb158770,chr3,220744179,220749567,R.Total,FarmCPU,3-217228656,3,220758628,1.04327079040877e-09,8.98160295186443,downstream,9061
Zm00001eb400680,Zm00001eb400680,chr9,154172175,154174605,Total,FarmCPU,9-151248310,9,154169056,1.05632379640825e-09,8.97620293650062,upstream,3119
Zm00001eb400690,Zm00001eb400690,chr9,154178269,154178663,Total,FarmCPU,9-151248310,9,154169056,1.05632379640825e-09,8.97620293650062,upstream,9213
Zm00001eb400700,Zm00001eb400700,chr9,154180679,154182940,Total,FarmCPU,9-151248310,9,154169056,1.05632379640825e-09,8.97620293650062,upstream,11623
Zm00001eb400710,Zm00001eb400710,chr9,154182983,154184078,Total,FarmCPU,9-151248310,9,154169056,1.05632379640825e-09,8.97620293650062,upstream,13927
Zm00001eb400720,Zm00001eb400720,chr9,154190652,154192059,Total,FarmCPU,9-151248310,9,154169056,1.05632379640825e-09,8.97620293650062,upstream,21596
Zm00001eb386030,Zm00001eb386030,chr9,93316618,93359371,T,FarmCPU,9-90979635,9,93333341,1.12383203540592e-09,8.94929859227874,within,0
Zm00001eb018570,Zm00001eb018570,chr1,66111144,66112191,T,FarmCPU,1-65231487,1,66126147,1.15471803640768e-09,8.9375240505613,downstream,13956
Zm00001eb018590,Zm00001eb018590,chr1,66124038,66126905,T,FarmCPU,1-65231487,1,66126147,1.15471803640768e-09,8.9375240505613,within,0
Zm00001eb404790,Zm00001eb404790,chr10,575706,577353,I.IMNTDK,FarmCPU,10-1088556,10,598077,1.22749163348918e-09,8.91098145932057,downstream,20724
Zm00001eb404800,Zm00001eb404800,chr10,578243,580336,I.IMNTDK,FarmCPU,10-1088556,10,598077,1.22749163348918e-09,8.91098145932057,downstream,17741
Zm00001eb404810,Zm00001eb404810,chr10,580659,581005,I.IMNTDK,FarmCPU,10-1088556,10,598077,1.22749163348918e-09,8.91098145932057,downstream,17072
Zm00001eb404820,Zm00001eb404820,chr10,581067,585110,I.IMNTDK,FarmCPU,10-1088556,10,598077,1.22749163348918e-09,8.91098145932057,downstream,12967
Zm00001eb080830,Zm00001eb080830,chr2,44052012,44073539,R.Total,FarmCPU,2-42815203,2,44029070,1.22757760575353e-09,8.91095104284235,upstream,22942
Zm00001eb192920,Zm00001eb192920,chr4,180976755,180979701,L.LAV,BLINK,4-177998047,4,180954421,1.24108702789128e-09,8.9061977637005,upstream,22334
Zm00001eb192930,Zm00001eb192930,chr4,180978500,180979241,L.LAV,BLINK,4-177998047,4,180954421,1.24108702789128e-09,8.9061977637005,upstream,24079
Zm00001eb130810,Zm00001eb130810,chr3,58813538,58830829,W,FarmCPU,3-58844812,3,58840430,1.24583295977175e-09,8.90454018360986,downstream,9601
Zm00001eb221930,Zm00001eb221930,chr5,31069201,31069684,H.Total,BLINK,5-30122606,5,31050143,1.25461189400435e-09,8.90149059956931,upstream,19058
Zm00001eb431760,Zm00001eb431760,chr10,146666774,146674410,H,FarmCPU,10-145330860,10,146667271,1.28013917216301e-09,8.892742812839,within,0
Zm00001eb401580,Zm00001eb401580,chr9,156418625,156419277,C.SGC,BLINK,9-153542035,9,156426104,1.29565379268704e-09,8.88751102933879,downstream,6827
Zm00001eb401590,Zm00001eb401590,chr9,156425786,156428583,C.SGC,BLINK,9-153542035,9,156426104,1.29565379268704e-09,8.88751102933879,within,0
Zm00001eb401600,Zm00001eb401600,chr9,156428778,156430188,C.SGC,BLINK,9-153542035,9,156426104,1.29565379268704e-09,8.88751102933879,upstream,2674
Zm00001eb401610,Zm00001eb401610,chr9,156441390,156442035,C.SGC,BLINK,9-153542035,9,156426104,1.29565379268704e-09,8.88751102933879,upstream,15286
Zm00001eb401620,Zm00001eb401620,chr9,156441828,156445172,C.SGC,BLINK,9-153542035,9,156426104,1.29565379268704e-09,8.88751102933879,upstream,15724
Zm00001eb401630,Zm00001eb401630,chr9,156446373,156465044,C.SGC,BLINK,9-153542035,9,156426104,1.29565379268704e-09,8.88751102933879,upstream,20269
Zm00001eb294190,Zm00001eb294190,chr6,172973713,173043127,S.Total,FarmCPU,6-169026987,6,173063852,1.29978486340079e-09,8.88612852490071,downstream,20725
Zm00001eb294200,Zm00001eb294200,chr6,173043093,173047120,S.Total,FarmCPU,6-169026987,6,173063852,1.29978486340079e-09,8.88612852490071,downstream,16732
Zm00001eb294210,Zm00001eb294210,chr6,173049234,173061199,S.Total,FarmCPU,6-169026987,6,173063852,1.29978486340079e-09,8.88612852490071,downstream,2653
Zm00001eb385230,Zm00001eb385230,chr9,86131978,86133665,M,FarmCPU,9-83844008,9,86117237,1.30233149635408e-09,8.88527845608038,upstream,14741
Zm00001eb318980,Zm00001eb318980,chr7,147703570,147707267,S,FarmCPU,7-142812376,7,147727688,1.32391480487496e-09,8.87813996124311,downstream,20421
Zm00001eb318990,Zm00001eb318990,chr7,147715244,147717880,S,FarmCPU,7-142812376,7,147727688,1.32391480487496e-09,8.87813996124311,downstream,9808
Zm00001eb319000,Zm00001eb319000,chr7,147731360,147733872,S,FarmCPU,7-142812376,7,147727688,1.32391480487496e-09,8.87813996124311,upstream,3672
Zm00001eb033290,Zm00001eb033290,chr1,185329726,185340627,D.IMNTDK,FarmCPU,1-183322008,1,185319459,1.35010188681087e-09,8.86963345579384,upstream,10267
Zm00001eb033310,Zm00001eb033310,chr1,185340693,185343207,D.IMNTDK,FarmCPU,1-183322008,1,185319459,1.35010188681087e-09,8.86963345579384,upstream,21234
Zm00001eb148290,Zm00001eb148290,chr3,185836554,185839728,K.IMNTDK,BLINK,3-182945961,3,185835668,1.36447164250556e-09,8.86503548574075,upstream,886
Zm00001eb313760,Zm00001eb313760,chr7,125264369,125265262,N,FarmCPU,7-121384366,7,125260775,1.36841931621296e-09,8.86378080406788,upstream,3594
Zm00001eb325500,Zm00001eb325500,chr7,169447647,169456072,LAV,FarmCPU,7-163968365,7,169442426,1.38380083426528e-09,8.85892641190517,upstream,5221
Zm00001eb325510,Zm00001eb325510,chr7,169456289,169457748,LAV,FarmCPU,7-163968365,7,169442426,1.38380083426528e-09,8.85892641190517,upstream,13863
Zm00001eb132270,Zm00001eb132270,chr3,80167994,80168659,SGC,BLINK,3-79867117,3,80144205,1.39191996219442e-09,8.85638573669145,upstream,23789
Zm00001eb149460,Zm00001eb149460,chr3,189488491,189490486,Q,FarmCPU,3-186609917,3,189482023,1.39215446711999e-09,8.85631257471394,upstream,6468
Zm00001eb400680,Zm00001eb400680,chr9,154172175,154174605,L,FarmCPU,9-151248310,9,154169056,1.39350430267427e-09,8.8558916859928,upstream,3119
Zm00001eb400690,Zm00001eb400690,chr9,154178269,154178663,L,FarmCPU,9-151248310,9,154169056,1.39350430267427e-09,8.8558916859928,upstream,9213
Zm00001eb400700,Zm00001eb400700,chr9,154180679,154182940,L,FarmCPU,9-151248310,9,154169056,1.39350430267427e-09,8.8558916859928,upstream,11623
Zm00001eb400710,Zm00001eb400710,chr9,154182983,154184078,L,FarmCPU,9-151248310,9,154169056,1.39350430267427e-09,8.8558916859928,upstream,13927
Zm00001eb400720,Zm00001eb400720,chr9,154190652,154192059,L,FarmCPU,9-151248310,9,154169056,1.39350430267427e-09,8.8558916859928,upstream,21596
Zm00001eb256410,Zm00001eb256410,chr5,219500807,219503198,N.Total,BLINK,5-213649737,5,219480368,1.43422073933365e-09,8.84338400173875,upstream,20439
Zm00001eb204430,Zm00001eb204430,chr4,234721995,234722435,R,BLINK,4-230278260,4,234742809,1.43633719066534e-09,8.84274359431724,downstream,20374
Zm00001eb204440,Zm00001eb204440,chr4,234724222,234729960,R,BLINK,4-230278260,4,234742809,1.43633719066534e-09,8.84274359431724,downstream,12849
Zm00001eb204450,Zm00001eb204450,chr4,234759532,234760197,R,BLINK,4-230278260,4,234742809,1.43633719066534e-09,8.84274359431724,upstream,16723
Zm00001eb257720,Zm00001eb257720,chr5,221773954,221777929,V,FarmCPU,5-215976884,5,221800749,1.43753501421483e-09,8.84238156834609,downstream,22820
Zm00001eb257730,Zm00001eb257730,chr5,221811064,221812904,V,FarmCPU,5-215976884,5,221800749,1.43753501421483e-09,8.84238156834609,upstream,10315
Zm00001eb064940,Zm00001eb064940,chr1,306463538,306471997,A.LAV,BLINK,1-300915124,1,306453640,1.4994634674631e-09,8.82406411081306,upstream,9898
Zm00001eb064950,Zm00001eb064950,chr1,306471464,306473682,A.LAV,BLINK,1-300915124,1,306453640,1.4994634674631e-09,8.82406411081306,upstream,17824
Zm00001eb064960,Zm00001eb064960,chr1,306472052,306473606,A.LAV,BLINK,1-300915124,1,306453640,1.4994634674631e-09,8.82406411081306,upstream,18412
Zm00001eb360380,Zm00001eb360380,chr8,154901430,154907515,G,FarmCPU,8-149852969,8,154900308,1.513114017596e-09,8.82012834537595,upstream,1122
Zm00001eb171880,Zm00001eb171880,chr4,31769913,31772377,V,FarmCPU,4-30267353,4,31770188,1.52696002849641e-09,8.81617233139849,within,0
Zm00001eb264470,Zm00001eb264470,chr6,28646381,28677797,N.E,BLINK,6-27269777,6,28698516,1.52904986919964e-09,8.81557835005855,downstream,20719
Zm00001eb103300,Zm00001eb103300,chr2,201299510,201305297,Q,BLINK,2-195706871,2,201276120,1.54356345293005e-09,8.81147551280258,upstream,23390
Zm00001eb070400,Zm00001eb070400,chr2,9565132,9579223,N.Total,FarmCPU,2-9419791,2,9591672,1.60343758863809e-09,8.79494793965671,downstream,12449
Zm00001eb070410,Zm00001eb070410,chr2,9580444,9585378,N.Total,FarmCPU,2-9419791,2,9591672,1.60343758863809e-09,8.79494793965671,downstream,6294
Zm00001eb070420,Zm00001eb070420,chr2,9583582,9584688,N.Total,FarmCPU,2-9419791,2,9591672,1.60343758863809e-09,8.79494793965671,downstream,6984
Zm00001eb218710,Zm00001eb218710,chr5,17855941,17872567,N.E,BLINK,5-17993326,5,17877202,1.60435344514983e-09,8.79469994878954,downstream,4635
Zm00001eb167090,Zm00001eb167090,chr4,7005791,7007517,WFY,FarmCPU,4-6221167,4,7025691,1.61082684511074e-09,8.79295114130305,downstream,18174
Zm00001eb167100,Zm00001eb167100,chr4,7011288,7012682,WFY,FarmCPU,4-6221167,4,7025691,1.61082684511074e-09,8.79295114130305,downstream,13009
Zm00001eb167110,Zm00001eb167110,chr4,7015539,7016735,WFY,FarmCPU,4-6221167,4,7025691,1.61082684511074e-09,8.79295114130305,downstream,8956
Zm00001eb351110,Zm00001eb351110,chr8,118049629,118050018,E.Total,BLINK,8-114819496,8,118062210,1.6210080733019e-09,8.79021482217694,downstream,12192
Zm00001eb351120,Zm00001eb351120,chr8,118052121,118055681,E.Total,BLINK,8-114819496,8,118062210,1.6210080733019e-09,8.79021482217694,downstream,6529
Zm00001eb351130,Zm00001eb351130,chr8,118059707,118063428,E.Total,BLINK,8-114819496,8,118062210,1.6210080733019e-09,8.79021482217694,within,0
Zm00001eb351140,Zm00001eb351140,chr8,118064341,118066538,E.Total,BLINK,8-114819496,8,118062210,1.6210080733019e-09,8.79021482217694,upstream,2131
Zm00001eb289520,Zm00001eb289520,chr6,162389766,162395922,P,FarmCPU,6-158420381,6,162390097,1.6377240703457e-09,8.78575926791185,within,0
Zm00001eb289530,Zm00001eb289530,chr6,162413957,162420946,P,FarmCPU,6-158420381,6,162390097,1.6377240703457e-09,8.78575926791185,upstream,23860
Zm00001eb121590,Zm00001eb121590,chr3,8139365,8144218,LAV,FarmCPU,3-8877255,3,8115945,1.6819754913384e-09,8.77418033675097,upstream,23420
Zm00001eb083650,Zm00001eb083650,chr2,57777510,57779273,G,BLINK,2-56354930,2,57803832,1.69616223935869e-09,8.77053260945645,downstream,24559
Zm00001eb083670,Zm00001eb083670,chr2,57825855,57856187,G,BLINK,2-56354930,2,57803832,1.69616223935869e-09,8.77053260945645,upstream,22023
Zm00001eb040960,Zm00001eb040960,chr1,215589862,215598880,A,BLINK,1-212570425,1,215590462,1.74577621723696e-09,8.75801142720999,within,0
Zm00001eb252160,Zm00001eb252160,chr5,209204832,209206116,N.Q,FarmCPU,5-203820503,5,209221645,1.75108605736312e-09,8.75669250993053,downstream,15529
Zm00001eb287240,Zm00001eb287240,chr6,155095370,155105159,K,FarmCPU,6-151136388,6,155081756,1.76866548516154e-09,8.75235429919095,upstream,13614
Zm00001eb287250,Zm00001eb287250,chr6,155105936,155111291,K,FarmCPU,6-151136388,6,155081756,1.76866548516154e-09,8.75235429919095,upstream,24180
Zm00001eb376470,Zm00001eb376470,chr9,19978278,19979384,Q.EHPRQ,BLINK,9-19937391,9,20001942,1.76984142175778e-09,8.7520656447912,downstream,22558
Zm00001eb376480,Zm00001eb376480,chr9,19989105,19996549,Q.EHPRQ,BLINK,9-19937391,9,20001942,1.76984142175778e-09,8.7520656447912,downstream,5393
Zm00001eb292010,Zm00001eb292010,chr6,168328451,168333003,W,FarmCPU,6-164388074,6,168346066,1.77151433839863e-09,8.75165532819549,downstream,13063
Zm00001eb292020,Zm00001eb292020,chr6,168333556,168334511,W,FarmCPU,6-164388074,6,168346066,1.77151433839863e-09,8.75165532819549,downstream,11555
Zm00001eb292040,Zm00001eb292040,chr6,168370762,168376125,W,FarmCPU,6-164388074,6,168346066,1.77151433839863e-09,8.75165532819549,upstream,24696
Zm00001eb101960,Zm00001eb101960,chr2,195296072,195304063,N,FarmCPU,2-190223217,2,195300354,1.77443213180908e-09,8.75094060682328,within,0
Zm00001eb101970,Zm00001eb101970,chr2,195296807,195297980,N,FarmCPU,2-190223217,2,195300354,1.77443213180908e-09,8.75094060682328,downstream,2374
Zm00001eb101980,Zm00001eb101980,chr2,195304931,195309381,N,FarmCPU,2-190223217,2,195300354,1.77443213180908e-09,8.75094060682328,upstream,4577
Zm00001eb238280,Zm00001eb238280,chr5,144957418,144957949,D.Total,FarmCPU,5-141673900,5,144977193,1.78595178038341e-09,8.74813027097721,downstream,19244
Zm00001eb238290,Zm00001eb238290,chr5,144989978,144990848,D.Total,FarmCPU,5-141673900,5,144977193,1.78595178038341e-09,8.74813027097721,upstream,12785
Zm00001eb200900,Zm00001eb200900,chr4,210801874,210807631,E,BLINK,4-206431942,4,210795982,1.83785117381487e-09,8.73568965998358,upstream,5892
Zm00001eb041030,Zm00001eb041030,chr1,216023663,216024798,K,BLINK,1-213001117,1,216014205,1.8436729952859e-09,8.73431610548227,upstream,9458
Zm00001eb041040,Zm00001eb041040,chr1,216025477,216028868,K,BLINK,1-213001117,1,216014205,1.8436729952859e-09,8.73431610548227,upstream,11272
Zm00001eb070960,Zm00001eb070960,chr2,10874164,10879379,S,FarmCPU,2-10790583,2,10903562,1.87049039795098e-09,8.72804451688444,downstream,24183
Zm00001eb070970,Zm00001eb070970,chr2,10882589,10885183,S,FarmCPU,2-10790583,2,10903562,1.87049039795098e-09,8.72804451688444,downstream,18379
Zm00001eb070980,Zm00001eb070980,chr2,10888929,10891978,S,FarmCPU,2-10790583,2,10903562,1.87049039795098e-09,8.72804451688444,downstream,11584
Zm00001eb071010,Zm00001eb071010,chr2,10906854,10909344,S,FarmCPU,2-10790583,2,10903562,1.87049039795098e-09,8.72804451688444,upstream,3292
Zm00001eb071020,Zm00001eb071020,chr2,10910219,10911631,S,FarmCPU,2-10790583,2,10903562,1.87049039795098e-09,8.72804451688444,upstream,6657
Zm00001eb071030,Zm00001eb071030,chr2,10911780,10914338,S,FarmCPU,2-10790583,2,10903562,1.87049039795098e-09,8.72804451688444,upstream,8218
Zm00001eb071040,Zm00001eb071040,chr2,10925155,10929339,S,FarmCPU,2-10790583,2,10903562,1.87049039795098e-09,8.72804451688444,upstream,21593
Zm00001eb101910,Zm00001eb101910,chr2,195046303,195055829,D.IMNTDK,FarmCPU,2-189960513,2,195047737,1.88621090783305e-09,8.72440974797888,within,0
Zm00001eb101920,Zm00001eb101920,chr2,195064632,195068534,D.IMNTDK,FarmCPU,2-189960513,2,195047737,1.88621090783305e-09,8.72440974797888,upstream,16895
Zm00001eb427980,Zm00001eb427980,chr10,137263651,137266456,WFY,BLINK,10-136097935,10,137273993,1.89408629172856e-09,8.72260023907728,downstream,7537
Zm00001eb427990,Zm00001eb427990,chr10,137278582,137280136,WFY,BLINK,10-136097935,10,137273993,1.89408629172856e-09,8.72260023907728,upstream,4589
Zm00001eb428000,Zm00001eb428000,chr10,137280991,137284148,WFY,BLINK,10-136097935,10,137273993,1.89408629172856e-09,8.72260023907728,upstream,6998
Zm00001eb428010,Zm00001eb428010,chr10,137285187,137290824,WFY,BLINK,10-136097935,10,137273993,1.89408629172856e-09,8.72260023907728,upstream,11194
Zm00001eb301420,Zm00001eb301420,chr7,10450085,10454144,G.SGC,BLINK,7-10168824,7,10455915,1.9298642870459e-09,8.71447323060851,downstream,1771
Zm00001eb350990,Zm00001eb350990,chr8,117393413,117406108,F,FarmCPU,8-114158139,8,117384601,1.9325399955521e-09,8.71387150922447,upstream,8812
Zm00001eb395610,Zm00001eb395610,chr9,139906714,139920023,D,BLINK,9-137604659,9,139940898,1.94547162685621e-09,8.71097509865085,downstream,20875
Zm00001eb395620,Zm00001eb395620,chr9,139921437,139922530,D,BLINK,9-137604659,9,139940898,1.94547162685621e-09,8.71097509865085,downstream,18368
Zm00001eb395630,Zm00001eb395630,chr9,139929230,139934667,D,BLINK,9-137604659,9,139940898,1.94547162685621e-09,8.71097509865085,downstream,6231
Zm00001eb395640,Zm00001eb395640,chr9,139934859,139942497,D,BLINK,9-137604659,9,139940898,1.94547162685621e-09,8.71097509865085,within,0
Zm00001eb250780,Zm00001eb250780,chr5,204692899,204695869,LAV,FarmCPU,5-199448052,5,204709115,1.97185637352084e-09,8.7051247214734,downstream,13246
Zm00001eb250790,Zm00001eb250790,chr5,204703169,204704446,LAV,FarmCPU,5-199448052,5,204709115,1.97185637352084e-09,8.7051247214734,downstream,4669
Zm00001eb250800,Zm00001eb250800,chr5,204706789,204707705,LAV,FarmCPU,5-199448052,5,204709115,1.97185637352084e-09,8.7051247214734,downstream,1410
Zm00001eb245720,Zm00001eb245720,chr5,182797262,182800116,EHPRQ,FarmCPU,5-178784901,5,182805559,1.98717748565459e-09,8.70176334195005,downstream,5443
Zm00001eb245730,Zm00001eb245730,chr5,182800555,182815819,EHPRQ,FarmCPU,5-178784901,5,182805559,1.98717748565459e-09,8.70176334195005,within,0
Zm00001eb148350,Zm00001eb148350,chr3,186055720,186065598,N.D,BLINK,3-183176810,3,186055412,1.99261748048114e-09,8.70057606409967,upstream,308
Zm00001eb148360,Zm00001eb148360,chr3,186066611,186067930,N.D,BLINK,3-183176810,3,186055412,1.99261748048114e-09,8.70057606409967,upstream,11199
Zm00001eb148370,Zm00001eb148370,chr3,186067986,186069034,N.D,BLINK,3-183176810,3,186055412,1.99261748048114e-09,8.70057606409967,upstream,12574
Zm00001eb143880,Zm00001eb143880,chr3,168707170,168708889,A,FarmCPU,3-166127783,3,168701707,2.00899226720571e-09,8.69702173488757,upstream,5463
Zm00001eb143890,Zm00001eb143890,chr3,168709595,168713976,A,FarmCPU,3-166127783,3,168701707,2.00899226720571e-09,8.69702173488757,upstream,7888
Zm00001eb183200,Zm00001eb183200,chr4,130897756,130913564,D.IMNTDK,FarmCPU,4-127884960,4,130890670,2.01808526245713e-09,8.69506048912368,upstream,7086
Zm00001eb124780,Zm00001eb124780,chr3,19794268,19809842,S,FarmCPU,3-20416441,3,19828782,2.02215185023006e-09,8.69418623487716,downstream,18940
Zm00001eb124790,Zm00001eb124790,chr3,19816426,19832549,S,FarmCPU,3-20416441,3,19828782,2.02215185023006e-09,8.69418623487716,within,0
Zm00001eb167010,Zm00001eb167010,chr4,6814101,6822892,N.E,BLINK,4-6019776,4,6828651,2.07318401890531e-09,8.68336214756933,downstream,5759
Zm00001eb167020,Zm00001eb167020,chr4,6852797,6853801,N.E,BLINK,4-6019776,4,6828651,2.07318401890531e-09,8.68336214756933,upstream,24146
Zm00001eb148190,Zm00001eb148190,chr3,185310483,185313706,N,FarmCPU,3-182468087,3,185330224,2.10141411534863e-09,8.67748835488166,downstream,16518
Zm00001eb159940,Zm00001eb159940,chr3,224662119,224671196,I.IMNTDK,FarmCPU,3-221016201,3,224671873,2.10548077407814e-09,8.67664871992878,downstream,677
Zm00001eb287060,Zm00001eb287060,chr6,154167747,154169173,SGC,FarmCPU,6-150268442,6,154169986,2.1109518629893e-09,8.67552166999717,downstream,813
Zm00001eb287070,Zm00001eb287070,chr6,154175056,154180387,SGC,FarmCPU,6-150268442,6,154169986,2.1109518629893e-09,8.67552166999717,upstream,5070
Zm00001eb024910,Zm00001eb024910,chr1,104575766,104579794,H,FarmCPU,1-101997094,1,104570419,2.18992329942587e-09,8.65957109576237,upstream,5347
Zm00001eb382750,Zm00001eb382750,chr9,61764860,61766786,S,FarmCPU,9-69230576,9,61758461,2.19671960485273e-09,8.65822537404748,upstream,6399
Zm00001eb382760,Zm00001eb382760,chr9,61767177,61770065,S,FarmCPU,9-69230576,9,61758461,2.19671960485273e-09,8.65822537404748,upstream,8716
Zm00001eb217140,Zm00001eb217140,chr5,13747702,13752586,P,FarmCPU,5-13408666,5,13750964,2.20515500815381e-09,8.65656087702619,within,0
Zm00001eb217150,Zm00001eb217150,chr5,13768708,13770756,P,FarmCPU,5-13408666,5,13750964,2.20515500815381e-09,8.65656087702619,upstream,17744
Zm00001eb217160,Zm00001eb217160,chr5,13773581,13778039,P,FarmCPU,5-13408666,5,13750964,2.20515500815381e-09,8.65656087702619,upstream,22617
Zm00001eb382750,Zm00001eb382750,chr9,61764860,61766786,R.Total,FarmCPU,9-69230154,9,61758883,2.22244543026035e-09,8.6531688938573,upstream,5977
Zm00001eb382760,Zm00001eb382760,chr9,61767177,61770065,R.Total,FarmCPU,9-69230154,9,61758883,2.22244543026035e-09,8.6531688938573,upstream,8294
Zm00001eb216610,Zm00001eb216610,chr5,12392313,12395324,C.Total,BLINK,5-11969550,5,12404384,2.22296154729907e-09,8.65306804964481,downstream,9060
Zm00001eb216620,Zm00001eb216620,chr5,12428935,12438174,C.Total,BLINK,5-11969550,5,12404384,2.22296154729907e-09,8.65306804964481,upstream,24551
Zm00001eb418590,Zm00001eb418590,chr10,95439809,95440231,Total_N,BLINK,10-95224747,10,95451716,2.26230882807149e-09,8.64544810976761,downstream,11485
Zm00001eb301420,Zm00001eb301420,chr7,10450085,10454144,S.SGC,BLINK,7-10168824,7,10455915,2.26566466966065e-09,8.64480436759382,downstream,1771
Zm00001eb345030,Zm00001eb345030,chr8,77995772,78002218,I.Total,FarmCPU,8-76083740,8,77994367,2.30879074237494e-09,8.63661542765024,upstream,1405
Zm00001eb193330,Zm00001eb193330,chr4,182578975,182583046,SGC,FarmCPU,4-179679198,4,182599556,2.32250881848516e-09,8.63404262833016,downstream,16510
Zm00001eb193350,Zm00001eb193350,chr4,182602154,182602999,SGC,FarmCPU,4-179679198,4,182599556,2.32250881848516e-09,8.63404262833016,upstream,2598
Zm00001eb320760,Zm00001eb320760,chr7,152793134,152795179,Q.Total,BLINK,7-147592989,7,152770519,2.34513470898215e-09,8.62983220553427,upstream,22615
Zm00001eb365680,Zm00001eb365680,chr8,170410568,170414784,N,BLINK,8-164784152,8,170419529,2.38846821846992e-09,8.62188053316856,downstream,4745
Zm00001eb130190,Zm00001eb130190,chr3,54462611,54473973,D,BLINK,3-54542458,3,54445766,2.40545943301666e-09,8.6188019628793,upstream,16845
Zm00001eb051800,Zm00001eb051800,chr1,262581160,262594697,G.Total,FarmCPU,1-258062413,1,262596141,2.43566985386312e-09,8.61338157907791,downstream,1444
Zm00001eb051810,Zm00001eb051810,chr1,262595448,262595825,G.Total,FarmCPU,1-258062413,1,262596141,2.43566985386312e-09,8.61338157907791,downstream,316
Zm00001eb232230,Zm00001eb232230,chr5,81581512,81588783,N.Q,BLINK,5-79378028,5,81599794,2.46411689740544e-09,8.60833869314158,downstream,11011
Zm00001eb023270,Zm00001eb023270,chr1,91711537,91723912,N.Q,FarmCPU,1-89717877,1,91691463,2.48569291083194e-09,8.60455252628531,upstream,20074
Zm00001eb057740,Zm00001eb057740,chr1,284753755,284758573,Y,FarmCPU,1-279718993,1,284782518,2.53382667057558e-09,8.59622309686662,downstream,23945
Zm00001eb057750,Zm00001eb057750,chr1,284764856,284766611,Y,FarmCPU,1-279718993,1,284782518,2.53382667057558e-09,8.59622309686662,downstream,15907
Zm00001eb057760,Zm00001eb057760,chr1,284765955,284766545,Y,FarmCPU,1-279718993,1,284782518,2.53382667057558e-09,8.59622309686662,downstream,15973
Zm00001eb057770,Zm00001eb057770,chr1,284774974,284776823,Y,FarmCPU,1-279718993,1,284782518,2.53382667057558e-09,8.59622309686662,downstream,5695
Zm00001eb057780,Zm00001eb057780,chr1,284779663,284786817,Y,FarmCPU,1-279718993,1,284782518,2.53382667057558e-09,8.59622309686662,within,0
Zm00001eb057790,Zm00001eb057790,chr1,284779663,284781743,Y,FarmCPU,1-279718993,1,284782518,2.53382667057558e-09,8.59622309686662,downstream,775
Zm00001eb057800,Zm00001eb057800,chr1,284791283,284792056,Y,FarmCPU,1-279718993,1,284782518,2.53382667057558e-09,8.59622309686662,upstream,8765
Zm00001eb272440,Zm00001eb272440,chr6,94244147,94247096,S.Total,BLINK,6-91799228,6,94236864,2.55510240358251e-09,8.5925916894942,upstream,7283
Zm00001eb272450,Zm00001eb272450,chr6,94247646,94248610,S.Total,BLINK,6-91799228,6,94236864,2.55510240358251e-09,8.5925916894942,upstream,10782
Zm00001eb272460,Zm00001eb272460,chr6,94248322,94252300,S.Total,BLINK,6-91799228,6,94236864,2.55510240358251e-09,8.5925916894942,upstream,11458
Zm00001eb251010,Zm00001eb251010,chr5,205709787,205711633,EHPRQ,FarmCPU,5-200346697,5,205736300,2.56040671461288e-09,8.59169104254659,downstream,24667
Zm00001eb393630,Zm00001eb393630,chr9,130889667,130892637,L,FarmCPU,9-128927418,9,130908769,2.59522415029312e-09,8.58582512605007,downstream,16132
Zm00001eb393640,Zm00001eb393640,chr9,130932509,130935306,L,FarmCPU,9-128927418,9,130908769,2.59522415029312e-09,8.58582512605007,upstream,23740
Zm00001eb259830,Zm00001eb259830,chr6,4858223,4862305,T,FarmCPU,6-4806909,6,4853803,2.60803174451396e-09,8.58368712675019,upstream,4420
Zm00001eb204770,Zm00001eb204770,chr4,236606100,236611743,Total_N,FarmCPU,4-232097686,4,236629711,2.6121411441369e-09,8.5830033601444,downstream,17968
Zm00001eb204780,Zm00001eb204780,chr4,236638650,236639332,Total_N,FarmCPU,4-232097686,4,236629711,2.6121411441369e-09,8.5830033601444,upstream,8939
Zm00001eb430450,Zm00001eb430450,chr10,143590161,143592631,SGC,BLINK,10-142249926,10,143600768,2.63661671881353e-09,8.57895299838348,downstream,8137
Zm00001eb430460,Zm00001eb430460,chr10,143595540,143596939,SGC,BLINK,10-142249926,10,143600768,2.63661671881353e-09,8.57895299838348,downstream,3829
Zm00001eb430470,Zm00001eb430470,chr10,143603481,143610586,SGC,BLINK,10-142249926,10,143600768,2.63661671881353e-09,8.57895299838348,upstream,2713
Zm00001eb430480,Zm00001eb430480,chr10,143613569,143618257,SGC,BLINK,10-142249926,10,143600768,2.63661671881353e-09,8.57895299838348,upstream,12801
Zm00001eb271020,Zm00001eb271020,chr6,84443821,84444804,EHPRQ,FarmCPU,6-81575280,6,84451695,2.64500923164369e-09,8.57757280784622,downstream,6891
Zm00001eb271030,Zm00001eb271030,chr6,84461958,84463422,EHPRQ,FarmCPU,6-81575280,6,84451695,2.64500923164369e-09,8.57757280784622,upstream,10263
Zm00001eb271040,Zm00001eb271040,chr6,84463545,84466053,EHPRQ,FarmCPU,6-81575280,6,84451695,2.64500923164369e-09,8.57757280784622,upstream,11850
Zm00001eb271050,Zm00001eb271050,chr6,84468783,84471904,EHPRQ,FarmCPU,6-81575280,6,84451695,2.64500923164369e-09,8.57757280784622,upstream,17088
Zm00001eb093350,Zm00001eb093350,chr2,152227330,152228219,EHPRQ,BLINK,2-148268343,2,152206827,2.66457846023052e-09,8.5743714871538,upstream,20503
Zm00001eb327530,Zm00001eb327530,chr7,174854470,174860498,N,FarmCPU,7-169307851,7,174844898,2.76550484819895e-09,8.55822557583369,upstream,9572
Zm00001eb425950,Zm00001eb425950,chr10,131032664,131034034,H,BLINK,10-129894632,10,131024486,2.77673774567908e-09,8.55646513608799,upstream,8178
Zm00001eb214460,Zm00001eb214460,chr5,7021841,7022304,M.IMNTDK,FarmCPU,5-6851962,5,7047181,2.80402944374662e-09,8.55221743036674,downstream,24877
Zm00001eb214470,Zm00001eb214470,chr5,7022712,7024750,M.IMNTDK,FarmCPU,5-6851962,5,7047181,2.80402944374662e-09,8.55221743036674,downstream,22431
Zm00001eb214480,Zm00001eb214480,chr5,7027114,7030775,M.IMNTDK,FarmCPU,5-6851962,5,7047181,2.80402944374662e-09,8.55221743036674,downstream,16406
Zm00001eb214490,Zm00001eb214490,chr5,7036578,7039527,M.IMNTDK,FarmCPU,5-6851962,5,7047181,2.80402944374662e-09,8.55221743036674,downstream,7654
Zm00001eb214500,Zm00001eb214500,chr5,7042486,7046073,M.IMNTDK,FarmCPU,5-6851962,5,7047181,2.80402944374662e-09,8.55221743036674,downstream,1108
Zm00001eb214510,Zm00001eb214510,chr5,7048706,7052179,M.IMNTDK,FarmCPU,5-6851962,5,7047181,2.80402944374662e-09,8.55221743036674,upstream,1525
Zm00001eb099200,Zm00001eb099200,chr2,184157850,184158549,N.Q,FarmCPU,2-179368807,2,184167652,2.81960662670936e-09,8.54981147741331,downstream,9103
Zm00001eb268140,Zm00001eb268140,chr6,60482862,60483380,P,FarmCPU,6-57904687,6,60490381,2.83740915577733e-09,8.54707803421334,downstream,7001
Zm00001eb268150,Zm00001eb268150,chr6,60492586,60496635,P,FarmCPU,6-57904687,6,60490381,2.83740915577733e-09,8.54707803421334,upstream,2205
Zm00001eb332820,Zm00001eb332820,chr8,2819567,2842510,Q,FarmCPU,8-2674847,8,2824582,2.86525544985095e-09,8.54283665274891,within,0
Zm00001eb332830,Zm00001eb332830,chr8,2831448,2839057,Q,FarmCPU,8-2674847,8,2824582,2.86525544985095e-09,8.54283665274891,upstream,6866
Zm00001eb332840,Zm00001eb332840,chr8,2831576,2832369,Q,FarmCPU,8-2674847,8,2824582,2.86525544985095e-09,8.54283665274891,upstream,6994
Zm00001eb332850,Zm00001eb332850,chr8,2831879,2832370,Q,FarmCPU,8-2674847,8,2824582,2.86525544985095e-09,8.54283665274891,upstream,7297
Zm00001eb265260,Zm00001eb265260,chr6,34770244,34772016,S.SGC,BLINK,6-33187533,6,34754503,2.87868971245242e-09,8.54080514423341,upstream,15741
Zm00001eb137680,Zm00001eb137680,chr3,134664632,134688431,IVL,FarmCPU,3-134068437,3,134711023,2.88675887351163e-09,8.53958949054836,downstream,22592
Zm00001eb053040,Zm00001eb053040,chr1,267108024,267109417,N,FarmCPU,1-262368289,1,267119311,2.91694189560798e-09,8.53507222177582,downstream,9894
Zm00001eb053050,Zm00001eb053050,chr1,267137328,267139077,N,FarmCPU,1-262368289,1,267119311,2.91694189560798e-09,8.53507222177582,upstream,18017
Zm00001eb053060,Zm00001eb053060,chr1,267137444,267139003,N,FarmCPU,1-262368289,1,267119311,2.91694189560798e-09,8.53507222177582,upstream,18133
Zm00001eb153490,Zm00001eb153490,chr3,203832497,203849495,SGC,FarmCPU,3-200022816,3,203835845,2.94721204834098e-09,8.53058861606342,within,0
Zm00001eb101460,Zm00001eb101460,chr2,194017594,194020171,I.IMNTDK,FarmCPU,2-189020989,2,194024480,3.00830009378039e-09,8.52167884275721,downstream,4309
Zm00001eb101470,Zm00001eb101470,chr2,194021443,194023857,I.IMNTDK,FarmCPU,2-189020989,2,194024480,3.00830009378039e-09,8.52167884275721,downstream,623
Zm00001eb101480,Zm00001eb101480,chr2,194049063,194052990,I.IMNTDK,FarmCPU,2-189020989,2,194024480,3.00830009378039e-09,8.52167884275721,upstream,24583
Zm00001eb070400,Zm00001eb070400,chr2,9565132,9579223,N.E,FarmCPU,2-9419791,2,9591672,3.01053812613409e-09,8.5213558684187,downstream,12449
Zm00001eb070410,Zm00001eb070410,chr2,9580444,9585378,N.E,FarmCPU,2-9419791,2,9591672,3.01053812613409e-09,8.5213558684187,downstream,6294
Zm00001eb070420,Zm00001eb070420,chr2,9583582,9584688,N.E,FarmCPU,2-9419791,2,9591672,3.01053812613409e-09,8.5213558684187,downstream,6984
Zm00001eb316300,Zm00001eb316300,chr7,136575819,136579093,L,FarmCPU,7-132520632,7,136572589,3.01062768752165e-09,8.52134294865611,upstream,3230
Zm00001eb064450,Zm00001eb064450,chr1,305028838,305031500,K.IMNTDK,FarmCPU,1-299554935,1,305022388,3.01105545609979e-09,8.52128124579699,upstream,6450
Zm00001eb405440,Zm00001eb405440,chr10,2000564,2005747,N.IMNTDK,FarmCPU,10-2449397,10,2028080,3.02047713764272e-09,8.51992444714961,downstream,22333
Zm00001eb405450,Zm00001eb405450,chr10,2008367,2010928,N.IMNTDK,FarmCPU,10-2449397,10,2028080,3.02047713764272e-09,8.51992444714961,downstream,17152
Zm00001eb405460,Zm00001eb405460,chr10,2022118,2024622,N.IMNTDK,FarmCPU,10-2449397,10,2028080,3.02047713764272e-09,8.51992444714961,downstream,3458
Zm00001eb023530,Zm00001eb023530,chr1,93612633,93614837,N.E,BLINK,1-91686517,1,93639118,3.02073640019499e-09,8.51988717109731,downstream,24281
Zm00001eb023540,Zm00001eb023540,chr1,93617470,93619977,N.E,BLINK,1-91686517,1,93639118,3.02073640019499e-09,8.51988717109731,downstream,19141
Zm00001eb097390,Zm00001eb097390,chr2,176618204,176628402,SGC,FarmCPU,2-172461792,2,176648033,3.02206479206416e-09,8.51969622876791,downstream,19631
Zm00001eb249190,Zm00001eb249190,chr5,195248494,195251397,Total,BLINK,5-190168805,5,195265729,3.03308749984862e-09,8.51811506078947,downstream,14332
Zm00001eb249200,Zm00001eb249200,chr5,195289178,195290832,Total,BLINK,5-190168805,5,195265729,3.03308749984862e-09,8.51811506078947,upstream,23449
Zm00001eb393250,Zm00001eb393250,chr9,129727125,129734139,S.Total,FarmCPU,9-127778020,9,129733445,3.10996418774364e-09,8.50724461198759,within,0
Zm00001eb393270,Zm00001eb393270,chr9,129736148,129740088,S.Total,FarmCPU,9-127778020,9,129733445,3.10996418774364e-09,8.50724461198759,upstream,2703
Zm00001eb299170,Zm00001eb299170,chr7,2988311,2990621,S,FarmCPU,7-2894570,7,3007756,3.16445850612679e-09,8.49970059462629,downstream,17135
Zm00001eb299190,Zm00001eb299190,chr7,3026575,3030373,S,FarmCPU,7-2894570,7,3007756,3.16445850612679e-09,8.49970059462629,upstream,18819
Zm00001eb299200,Zm00001eb299200,chr7,3031035,3036632,S,FarmCPU,7-2894570,7,3007756,3.16445850612679e-09,8.49970059462629,upstream,23279
Zm00001eb215700,Zm00001eb215700,chr5,9991095,9992055,C.Total,BLINK,5-9657906,5,10004964,3.22810162726161e-09,8.49105280125351,downstream,12909
Zm00001eb215710,Zm00001eb215710,chr5,9999369,10002552,C.Total,BLINK,5-9657906,5,10004964,3.22810162726161e-09,8.49105280125351,downstream,2412
Zm00001eb041070,Zm00001eb041070,chr1,216147974,216150812,N.IMNTDK,FarmCPU,1-213137026,1,216163113,3.23256436464756e-09,8.49045281898184,downstream,12301
Zm00001eb041080,Zm00001eb041080,chr1,216155120,216158479,N.IMNTDK,FarmCPU,1-213137026,1,216163113,3.23256436464756e-09,8.49045281898184,downstream,4634
Zm00001eb095110,Zm00001eb095110,chr2,163462313,163464023,M,FarmCPU,2-159495559,2,163469557,3.26392339662447e-09,8.48626004256943,downstream,5534
Zm00001eb144540,Zm00001eb144540,chr3,171685224,171689188,Total,FarmCPU,3-169116848,3,171669569,3.26419203984652e-09,8.48622429863379,upstream,15655
Zm00001eb144560,Zm00001eb144560,chr3,171691901,171696001,Total,FarmCPU,3-169116848,3,171669569,3.26419203984652e-09,8.48622429863379,upstream,22332
Zm00001eb409110,Zm00001eb409110,chr10,15952601,15953637,I,FarmCPU,10-15636380,10,15953189,3.31267992478195e-09,8.47982052415918,within,0
Zm00001eb409120,Zm00001eb409120,chr10,15959100,15960555,I,FarmCPU,10-15636380,10,15953189,3.31267992478195e-09,8.47982052415918,upstream,5911
Zm00001eb272300,Zm00001eb272300,chr6,93524293,93529707,I.Total,FarmCPU,6-91107306,6,93507408,3.33358184668834e-09,8.47708887753294,upstream,16885
Zm00001eb184410,Zm00001eb184410,chr4,140757946,140766233,N.E,BLINK,4-137700111,4,140782212,3.33872314109132e-09,8.47641959271007,downstream,15979
Zm00001eb322510,Zm00001eb322510,chr7,161584577,161591791,SGC,FarmCPU,7-156249988,7,161605605,3.35510844618675e-09,8.47429343769489,downstream,13814
Zm00001eb212330,Zm00001eb212330,chr5,3566522,3570801,SGC,FarmCPU,5-3488128,5,3588185,3.36993994931162e-09,8.47237783797583,downstream,17384
Zm00001eb212340,Zm00001eb212340,chr5,3571716,3573661,SGC,FarmCPU,5-3488128,5,3588185,3.36993994931162e-09,8.47237783797583,downstream,14524
Zm00001eb212350,Zm00001eb212350,chr5,3603911,3605426,SGC,FarmCPU,5-3488128,5,3588185,3.36993994931162e-09,8.47237783797583,upstream,15726
Zm00001eb212360,Zm00001eb212360,chr5,3606796,3609487,SGC,FarmCPU,5-3488128,5,3588185,3.36993994931162e-09,8.47237783797583,upstream,18611
Zm00001eb418750,Zm00001eb418750,chr10,96650064,96652797,N,FarmCPU,10-96421230,10,96666154,3.3734017058002e-09,8.47193193979963,downstream,13357
Zm00001eb418760,Zm00001eb418760,chr10,96653576,96732935,N,FarmCPU,10-96421230,10,96666154,3.3734017058002e-09,8.47193193979963,within,0
Zm00001eb418770,Zm00001eb418770,chr10,96656044,96660076,N,FarmCPU,10-96421230,10,96666154,3.3734017058002e-09,8.47193193979963,downstream,6078
Zm00001eb418780,Zm00001eb418780,chr10,96660587,96663638,N,FarmCPU,10-96421230,10,96666154,3.3734017058002e-09,8.47193193979963,downstream,2516
Zm00001eb164350,Zm00001eb164350,chr4,1033659,1036014,Q,BLINK,4-834964,4,1050378,3.37920731404324e-09,8.47118516348314,downstream,14364
Zm00001eb325760,Zm00001eb325760,chr7,170359555,170370301,N.Total,FarmCPU,7-164870102,7,170387368,3.3923462589966e-09,8.46949982543164,downstream,17067
Zm00001eb433810,Zm00001eb433810,chr10,150587005,150587628,N.IMNTDK,FarmCPU,10-149289799,10,150601593,3.39297215478402e-09,8.46941970447904,downstream,13965
Zm00001eb433820,Zm00001eb433820,chr10,150625805,150631478,N.IMNTDK,FarmCPU,10-149289799,10,150601593,3.39297215478402e-09,8.46941970447904,upstream,24212
Zm00001eb433830,Zm00001eb433830,chr10,150625805,150628141,N.IMNTDK,FarmCPU,10-149289799,10,150601593,3.39297215478402e-09,8.46941970447904,upstream,24212
Zm00001eb144640,Zm00001eb144640,chr3,172167869,172170088,I.LAV,BLINK,3-169620556,3,172184602,3.39990939776434e-09,8.46853265606812,downstream,14514
Zm00001eb144650,Zm00001eb144650,chr3,172174022,172182707,I.LAV,BLINK,3-169620556,3,172184602,3.39990939776434e-09,8.46853265606812,downstream,1895
Zm00001eb144660,Zm00001eb144660,chr3,172181997,172182673,I.LAV,BLINK,3-169620556,3,172184602,3.39990939776434e-09,8.46853265606812,downstream,1929
Zm00001eb332950,Zm00001eb332950,chr8,3503382,3504923,IMNTDK,FarmCPU,8-3298463,8,3529178,3.41601486038038e-09,8.46648024870693,downstream,24255
Zm00001eb332960,Zm00001eb332960,chr8,3505015,3511701,IMNTDK,FarmCPU,8-3298463,8,3529178,3.41601486038038e-09,8.46648024870693,downstream,17477
Zm00001eb332970,Zm00001eb332970,chr8,3548389,3551595,IMNTDK,FarmCPU,8-3298463,8,3529178,3.41601486038038e-09,8.46648024870693,upstream,19211
Zm00001eb390940,Zm00001eb390940,chr9,119899160,119900442,T,FarmCPU,9-118132115,9,119925196,3.49452592671157e-09,8.45661173304507,downstream,24754
Zm00001eb390950,Zm00001eb390950,chr9,119901708,119907254,T,FarmCPU,9-118132115,9,119925196,3.49452592671157e-09,8.45661173304507,downstream,17942
Zm00001eb360500,Zm00001eb360500,chr8,155255693,155258083,I,FarmCPU,8-150212793,8,155244559,3.54946833252398e-09,8.44983669414018,upstream,11134
Zm00001eb212330,Zm00001eb212330,chr5,3566522,3570801,D,FarmCPU,5-3488128,5,3588185,3.61141796365238e-09,8.44232224605019,downstream,17384
Zm00001eb212340,Zm00001eb212340,chr5,3571716,3573661,D,FarmCPU,5-3488128,5,3588185,3.61141796365238e-09,8.44232224605019,downstream,14524
Zm00001eb212350,Zm00001eb212350,chr5,3603911,3605426,D,FarmCPU,5-3488128,5,3588185,3.61141796365238e-09,8.44232224605019,upstream,15726
Zm00001eb212360,Zm00001eb212360,chr5,3606796,3609487,D,FarmCPU,5-3488128,5,3588185,3.61141796365238e-09,8.44232224605019,upstream,18611
Zm00001eb349160,Zm00001eb349160,chr8,105662308,105668767,IMNTDK,FarmCPU,8-102980603,8,105687855,3.64698139212063e-09,8.43806645256775,downstream,19088
Zm00001eb371930,Zm00001eb371930,chr9,3900305,3901589,K.IMNTDK,BLINK,9-4290969,9,3878834,3.66392249605422e-09,8.43605372165593,upstream,21471
Zm00001eb397660,Zm00001eb397660,chr9,145732282,145741978,WFY,BLINK,9-143296510,9,145764224,3.68785830547227e-09,8.43322577371756,downstream,22246
Zm00001eb397670,Zm00001eb397670,chr9,145773286,145776634,WFY,BLINK,9-143296510,9,145764224,3.68785830547227e-09,8.43322577371756,upstream,9062
Zm00001eb397680,Zm00001eb397680,chr9,145780598,145781122,WFY,BLINK,9-143296510,9,145764224,3.68785830547227e-09,8.43322577371756,upstream,16374
Zm00001eb397690,Zm00001eb397690,chr9,145781411,145783048,WFY,BLINK,9-143296510,9,145764224,3.68785830547227e-09,8.43322577371756,upstream,17187
Zm00001eb284120,Zm00001eb284120,chr6,143072334,143077603,R.EHPRQ,BLINK,6-138876939,6,143059497,3.69716800352383e-09,8.43213081414273,upstream,12837
Zm00001eb286610,Zm00001eb286610,chr6,152827081,152830839,N.Q,FarmCPU,6-148970169,6,152840103,3.70156431380451e-09,8.43161470045232,downstream,9264
Zm00001eb286620,Zm00001eb286620,chr6,152833719,152839975,N.Q,FarmCPU,6-148970169,6,152840103,3.70156431380451e-09,8.43161470045232,downstream,128
Zm00001eb286640,Zm00001eb286640,chr6,152850371,152857010,N.Q,FarmCPU,6-148970169,6,152840103,3.70156431380451e-09,8.43161470045232,upstream,10268
Zm00001eb358720,Zm00001eb358720,chr8,149280854,149289728,IMNTDK,FarmCPU,8-144530447,8,149293282,3.73551027532817e-09,8.42765006463238,downstream,3554
Zm00001eb358730,Zm00001eb358730,chr8,149290351,149290590,IMNTDK,FarmCPU,8-144530447,8,149293282,3.73551027532817e-09,8.42765006463238,downstream,2692
Zm00001eb153200,Zm00001eb153200,chr3,202848154,202853854,Q,FarmCPU,3-200930592,3,202863742,3.81706132879581e-09,8.41827086217728,downstream,9888
Zm00001eb100970,Zm00001eb100970,chr2,192012849,192015174,L,BLINK,2-187084878,2,192024352,3.82351115108682e-09,8.41753763887419,downstream,9178
Zm00001eb070390,Zm00001eb070390,chr2,9537038,9540702,IMNTDK,BLINK,2-9374756,2,9559007,3.82848210603119e-09,8.41697337841726,downstream,18305
Zm00001eb070400,Zm00001eb070400,chr2,9565132,9579223,IMNTDK,BLINK,2-9374756,2,9559007,3.82848210603119e-09,8.41697337841726,upstream,6125
Zm00001eb070410,Zm00001eb070410,chr2,9580444,9585378,IMNTDK,BLINK,2-9374756,2,9559007,3.82848210603119e-09,8.41697337841726,upstream,21437
Zm00001eb070420,Zm00001eb070420,chr2,9583582,9584688,IMNTDK,BLINK,2-9374756,2,9559007,3.82848210603119e-09,8.41697337841726,upstream,24575
Zm00001eb148190,Zm00001eb148190,chr3,185310483,185313706,N.D,FarmCPU,3-182468087,3,185330224,3.94531267318183e-09,8.40391857246559,downstream,16518
Zm00001eb252840,Zm00001eb252840,chr5,211437912,211438763,N.Q,BLINK,5-205846490,5,211413784,3.98223188701314e-09,8.39987345442462,upstream,24128
Zm00001eb254320,Zm00001eb254320,chr5,214691116,214700122,N.E,FarmCPU,5-208967865,5,214714335,4.0248950585371e-09,8.39524543854888,downstream,14213
Zm00001eb187460,Zm00001eb187460,chr4,162039578,162041514,W,FarmCPU,4-158591514,4,162021265,4.09688708709163e-09,8.38754600532408,upstream,18313
Zm00001eb187470,Zm00001eb187470,chr4,162042015,162043214,W,FarmCPU,4-158591514,4,162021265,4.09688708709163e-09,8.38754600532408,upstream,20750
Zm00001eb109180,Zm00001eb109180,chr2,217993093,217995851,S.SGC,BLINK,2-211875444,2,218018567,4.1062878477824e-09,8.38655061017199,downstream,22716
Zm00001eb109190,Zm00001eb109190,chr2,217998376,218000989,S.SGC,BLINK,2-211875444,2,218018567,4.1062878477824e-09,8.38655061017199,downstream,17578
Zm00001eb109200,Zm00001eb109200,chr2,218027673,218028422,S.SGC,BLINK,2-211875444,2,218018567,4.1062878477824e-09,8.38655061017199,upstream,9106
Zm00001eb109210,Zm00001eb109210,chr2,218034556,218035396,S.SGC,BLINK,2-211875444,2,218018567,4.1062878477824e-09,8.38655061017199,upstream,15989
Zm00001eb109220,Zm00001eb109220,chr2,218035474,218036212,S.SGC,BLINK,2-211875444,2,218018567,4.1062878477824e-09,8.38655061017199,upstream,16907
Zm00001eb109230,Zm00001eb109230,chr2,218036749,218037605,S.SGC,BLINK,2-211875444,2,218018567,4.1062878477824e-09,8.38655061017199,upstream,18182
Zm00001eb348410,Zm00001eb348410,chr8,101871652,101872012,N.E,BLINK,8-99390163,8,101870095,4.16441214374649e-09,8.38044629575676,upstream,1557
Zm00001eb071940,Zm00001eb071940,chr2,12953745,12967696,Total,FarmCPU,2-12691821,2,12958848,4.16694754874798e-09,8.38018196616924,within,0
Zm00001eb071950,Zm00001eb071950,chr2,12967996,12969492,Total,FarmCPU,2-12691821,2,12958848,4.16694754874798e-09,8.38018196616924,upstream,9148
Zm00001eb430120,Zm00001eb430120,chr10,142762604,142763070,W,FarmCPU,10-141384246,10,142755809,4.17982741916478e-09,8.37884164943351,upstream,6795
Zm00001eb137340,Zm00001eb137340,chr3,132843804,132846091,C.Total,FarmCPU,3-132285016,3,132870669,4.18292176944919e-09,8.37852025767953,downstream,24578
Zm00001eb413150,Zm00001eb413150,chr10,59171896,59186690,Q.Total,BLINK,10-60075439,10,59207249,4.24296186149762e-09,8.37233087193727,downstream,20559
Zm00001eb081910,Zm00001eb081910,chr2,48381263,48381938,I.LAV,BLINK,2-47072082,2,48395550,4.25158870382094e-09,8.37144875550826,downstream,13612
Zm00001eb081920,Zm00001eb081920,chr2,48382057,48383013,I.LAV,BLINK,2-47072082,2,48395550,4.25158870382094e-09,8.37144875550826,downstream,12537
Zm00001eb081930,Zm00001eb081930,chr2,48388882,48402806,I.LAV,BLINK,2-47072082,2,48395550,4.25158870382094e-09,8.37144875550826,within,0
Zm00001eb433520,Zm00001eb433520,chr10,150133263,150134642,G,FarmCPU,10-148840622,10,150154298,4.27791481236415e-09,8.36876786793853,downstream,19656
Zm00001eb433530,Zm00001eb433530,chr10,150163723,150165484,G,FarmCPU,10-148840622,10,150154298,4.27791481236415e-09,8.36876786793853,upstream,9425
Zm00001eb433540,Zm00001eb433540,chr10,150168727,150169960,G,FarmCPU,10-148840622,10,150154298,4.27791481236415e-09,8.36876786793853,upstream,14429
Zm00001eb433550,Zm00001eb433550,chr10,150175007,150177685,G,FarmCPU,10-148840622,10,150154298,4.27791481236415e-09,8.36876786793853,upstream,20709
Zm00001eb247140,Zm00001eb247140,chr5,188132530,188137198,N.Q,BLINK,5-183533475,5,188141540,4.29346144609239e-09,8.36719243257299,downstream,4342
Zm00001eb247150,Zm00001eb247150,chr5,188154817,188161165,N.Q,BLINK,5-183533475,5,188141540,4.29346144609239e-09,8.36719243257299,upstream,13277
Zm00001eb282490,Zm00001eb282490,chr6,136109201,136110262,Q.E,FarmCPU,6-132168465,6,136116247,4.40780416313907e-09,8.35577770924643,downstream,5985
Zm00001eb282500,Zm00001eb282500,chr6,136111675,136114224,Q.E,FarmCPU,6-132168465,6,136116247,4.40780416313907e-09,8.35577770924643,downstream,2023
Zm00001eb116160,Zm00001eb116160,chr2,237933529,237941319,I,FarmCPU,2-231615843,2,237964625,4.4327240508953e-09,8.35332930386955,downstream,23306
Zm00001eb178220,Zm00001eb178220,chr4,73537864,73539108,H,FarmCPU,4-70875710,4,73545814,4.47883757882626e-09,8.34883468658378,downstream,6706
Zm00001eb081900,Zm00001eb081900,chr2,48302544,48307701,H,FarmCPU,2-46980390,2,48291778,4.48045897671818e-09,8.34867749474159,upstream,10766
Zm00001eb325500,Zm00001eb325500,chr7,169447647,169456072,I,FarmCPU,7-163968722,7,169442783,4.5211631304179e-09,8.34474982267989,upstream,4864
Zm00001eb325510,Zm00001eb325510,chr7,169456289,169457748,I,FarmCPU,7-163968722,7,169442783,4.5211631304179e-09,8.34474982267989,upstream,13506
Zm00001eb283480,Zm00001eb283480,chr6,140782986,140783757,F,FarmCPU,6-136874897,6,140798825,4.67235149666842e-09,8.3304644930957,downstream,15068
Zm00001eb283490,Zm00001eb283490,chr6,140783161,140783735,F,FarmCPU,6-136874897,6,140798825,4.67235149666842e-09,8.3304644930957,downstream,15090
Zm00001eb283500,Zm00001eb283500,chr6,140793522,140794322,F,FarmCPU,6-136874897,6,140798825,4.67235149666842e-09,8.3304644930957,downstream,4503
Zm00001eb283510,Zm00001eb283510,chr6,140800696,140805442,F,FarmCPU,6-136874897,6,140798825,4.67235149666842e-09,8.3304644930957,upstream,1871
Zm00001eb308740,Zm00001eb308740,chr7,80598735,80599275,N.E,FarmCPU,7-77915124,7,80578059,4.69011468833237e-09,8.32881653726341,upstream,20676
Zm00001eb308750,Zm00001eb308750,chr7,80600045,80602445,N.E,FarmCPU,7-77915124,7,80578059,4.69011468833237e-09,8.32881653726341,upstream,21986
Zm00001eb024000,Zm00001eb024000,chr1,97350213,97351247,N.D,FarmCPU,1-95112952,1,97330504,4.69864323947553e-09,8.32802752901602,upstream,19709
Zm00001eb276320,Zm00001eb276320,chr6,110862898,110864487,R.Total,BLINK,6-110786482,6,110879429,4.71277495472686e-09,8.32672329825306,downstream,14942
Zm00001eb276330,Zm00001eb276330,chr6,110865046,110866729,R.Total,BLINK,6-110786482,6,110879429,4.71277495472686e-09,8.32672329825306,downstream,12700
Zm00001eb363860,Zm00001eb363860,chr8,166589585,166598061,G,FarmCPU,8-161172166,8,166622121,4.73981073647496e-09,8.32423899962246,downstream,24060
Zm00001eb363870,Zm00001eb363870,chr8,166603297,166606794,G,FarmCPU,8-161172166,8,166622121,4.73981073647496e-09,8.32423899962246,downstream,15327
Zm00001eb363880,Zm00001eb363880,chr8,166608507,166611483,G,FarmCPU,8-161172166,8,166622121,4.73981073647496e-09,8.32423899962246,downstream,10638
Zm00001eb363890,Zm00001eb363890,chr8,166615087,166620188,G,FarmCPU,8-161172166,8,166622121,4.73981073647496e-09,8.32423899962246,downstream,1933
Zm00001eb363900,Zm00001eb363900,chr8,166627416,166627768,G,FarmCPU,8-161172166,8,166622121,4.73981073647496e-09,8.32423899962246,upstream,5295
Zm00001eb363910,Zm00001eb363910,chr8,166629133,166632749,G,FarmCPU,8-161172166,8,166622121,4.73981073647496e-09,8.32423899962246,upstream,7012
Zm00001eb363920,Zm00001eb363920,chr8,166632187,166633529,G,FarmCPU,8-161172166,8,166622121,4.73981073647496e-09,8.32423899962246,upstream,10066
Zm00001eb363930,Zm00001eb363930,chr8,166641691,166642700,G,FarmCPU,8-161172166,8,166622121,4.73981073647496e-09,8.32423899962246,upstream,19570
Zm00001eb363940,Zm00001eb363940,chr8,166643604,166644935,G,FarmCPU,8-161172166,8,166622121,4.73981073647496e-09,8.32423899962246,upstream,21483
Zm00001eb247500,Zm00001eb247500,chr5,189768108,189781019,R,BLINK,5-185196324,5,189775997,4.75487878520582e-09,8.32286054993314,within,0
Zm00001eb008520,Zm00001eb008520,chr1,25697493,25700460,C.Total,FarmCPU,1-25376187,1,25721841,4.77281880922348e-09,8.32122505246553,downstream,21381
Zm00001eb401790,Zm00001eb401790,chr9,156879699,156884676,F,FarmCPU,9-154011317,9,156893486,4.78755194438945e-09,8.31988650095244,downstream,8810
Zm00001eb401800,Zm00001eb401800,chr9,156898657,156906703,F,FarmCPU,9-154011317,9,156893486,4.78755194438945e-09,8.31988650095244,upstream,5171
Zm00001eb416920,Zm00001eb416920,chr10,85709705,85730122,D.IMNTDK,BLINK,10-85759485,10,85735179,4.81621009121312e-09,8.31729457667871,downstream,5057
Zm00001eb416930,Zm00001eb416930,chr10,85732525,85732865,D.IMNTDK,BLINK,10-85759485,10,85735179,4.81621009121312e-09,8.31729457667871,downstream,2314
Zm00001eb416940,Zm00001eb416940,chr10,85732962,85754338,D.IMNTDK,BLINK,10-85759485,10,85735179,4.81621009121312e-09,8.31729457667871,within,0
Zm00001eb416950,Zm00001eb416950,chr10,85755230,85759300,D.IMNTDK,BLINK,10-85759485,10,85735179,4.81621009121312e-09,8.31729457667871,upstream,20051
Zm00001eb335730,Zm00001eb335730,chr8,14354170,14360798,I.Total,FarmCPU,8-13977777,8,14353966,4.84919465002287e-09,8.31433038265409,upstream,204
Zm00001eb087880,Zm00001eb087880,chr2,104158388,104159770,R.EHPRQ,BLINK,2-101875194,2,104142188,4.85357089691676e-09,8.31393862218185,upstream,16200
Zm00001eb065900,Zm00001eb065900,chr2,1528205,1534192,IVL,FarmCPU,2-1565108,2,1557470,4.87250416367613e-09,8.31224778109473,downstream,23278
Zm00001eb065910,Zm00001eb065910,chr2,1532690,1533919,IVL,FarmCPU,2-1565108,2,1557470,4.87250416367613e-09,8.31224778109473,downstream,23551
Zm00001eb065920,Zm00001eb065920,chr2,1535426,1539474,IVL,FarmCPU,2-1565108,2,1557470,4.87250416367613e-09,8.31224778109473,downstream,17996
Zm00001eb065930,Zm00001eb065930,chr2,1540675,1542738,IVL,FarmCPU,2-1565108,2,1557470,4.87250416367613e-09,8.31224778109473,downstream,14732
Zm00001eb065940,Zm00001eb065940,chr2,1544730,1548469,IVL,FarmCPU,2-1565108,2,1557470,4.87250416367613e-09,8.31224778109473,downstream,9001
Zm00001eb065950,Zm00001eb065950,chr2,1571478,1591655,IVL,FarmCPU,2-1565108,2,1557470,4.87250416367613e-09,8.31224778109473,upstream,14008
Zm00001eb433570,Zm00001eb433570,chr10,150196558,150197968,N.Q,FarmCPU,10-148895505,10,150209178,4.88718771862884e-09,8.31094097924502,downstream,11210
Zm00001eb433590,Zm00001eb433590,chr10,150200079,150200583,N.Q,FarmCPU,10-148895505,10,150209178,4.88718771862884e-09,8.31094097924502,downstream,8595
Zm00001eb433600,Zm00001eb433600,chr10,150208350,150209096,N.Q,FarmCPU,10-148895505,10,150209178,4.88718771862884e-09,8.31094097924502,downstream,82
Zm00001eb433610,Zm00001eb433610,chr10,150210945,150217530,N.Q,FarmCPU,10-148895505,10,150209178,4.88718771862884e-09,8.31094097924502,upstream,1767
Zm00001eb122270,Zm00001eb122270,chr3,9746003,9777132,Total,FarmCPU,3-10439152,3,9729407,4.95383036801928e-09,8.30505886886332,upstream,16596
Zm00001eb101460,Zm00001eb101460,chr2,194017594,194020171,K.IMNTDK,BLINK,2-189020989,2,194024480,4.96932554277554e-09,8.30370255149356,downstream,4309
Zm00001eb101470,Zm00001eb101470,chr2,194021443,194023857,K.IMNTDK,BLINK,2-189020989,2,194024480,4.96932554277554e-09,8.30370255149356,downstream,623
Zm00001eb101480,Zm00001eb101480,chr2,194049063,194052990,K.IMNTDK,BLINK,2-189020989,2,194024480,4.96932554277554e-09,8.30370255149356,upstream,24583
Zm00001eb161460,Zm00001eb161460,chr3,229301492,229303324,N,FarmCPU,3-225607632,3,229323284,4.98536860633123e-09,8.30230272546117,downstream,19960
Zm00001eb161470,Zm00001eb161470,chr3,229303926,229305553,N,FarmCPU,3-225607632,3,229323284,4.98536860633123e-09,8.30230272546117,downstream,17731
Zm00001eb161480,Zm00001eb161480,chr3,229310053,229311170,N,FarmCPU,3-225607632,3,229323284,4.98536860633123e-09,8.30230272546117,downstream,12114
Zm00001eb161490,Zm00001eb161490,chr3,229311998,229316041,N,FarmCPU,3-225607632,3,229323284,4.98536860633123e-09,8.30230272546117,downstream,7243
Zm00001eb039240,Zm00001eb039240,chr1,208732022,208734458,I.IMNTDK,FarmCPU,1-205931169,1,208723016,4.98663966115682e-09,8.30219201313821,upstream,9006
Zm00001eb039250,Zm00001eb039250,chr1,208735903,208736413,I.IMNTDK,FarmCPU,1-205931169,1,208723016,4.98663966115682e-09,8.30219201313821,upstream,12887
Zm00001eb039260,Zm00001eb039260,chr1,208741426,208741779,I.IMNTDK,FarmCPU,1-205931169,1,208723016,4.98663966115682e-09,8.30219201313821,upstream,18410
Zm00001eb391360,Zm00001eb391360,chr9,121577280,121579091,S,FarmCPU,9-120095178,9,121579333,5.04225067838683e-09,8.29737556692338,downstream,242
Zm00001eb090990,Zm00001eb090990,chr2,132342500,132374790,Total,FarmCPU,2-128802680,2,132337921,5.14055214685065e-09,8.28899023091682,upstream,4579
Zm00001eb334740,Zm00001eb334740,chr8,10263392,10267843,Total,FarmCPU,8-9921211,8,10291427,5.15380326236585e-09,8.28787216391854,downstream,23584
Zm00001eb347360,Zm00001eb347360,chr8,95014062,95015848,I.IVL,BLINK,8-92690558,8,94991871,5.19113317559167e-09,8.28473782939842,upstream,22191
Zm00001eb343930,Zm00001eb343930,chr8,72227605,72254725,WFY,BLINK,8-70652967,8,72253605,5.23649247418926e-09,8.2809595162914,within,0
Zm00001eb343940,Zm00001eb343940,chr8,72268035,72269398,WFY,BLINK,8-70652967,8,72253605,5.23649247418926e-09,8.2809595162914,upstream,14430
Zm00001eb343950,Zm00001eb343950,chr8,72277154,72283679,WFY,BLINK,8-70652967,8,72253605,5.23649247418926e-09,8.2809595162914,upstream,23549
Zm00001eb061760,Zm00001eb061760,chr1,297567079,297569404,N.IMNTDK,FarmCPU,1-292139064,1,297581104,5.31539104250887e-09,8.27446477980358,downstream,11700
Zm00001eb061770,Zm00001eb061770,chr1,297575792,297585017,N.IMNTDK,FarmCPU,1-292139064,1,297581104,5.31539104250887e-09,8.27446477980358,within,0
Zm00001eb387180,Zm00001eb387180,chr9,100480491,100488252,N,FarmCPU,9-98043271,9,100459401,5.34527622451042e-09,8.27202984710984,upstream,21090
Zm00001eb090990,Zm00001eb090990,chr2,132342500,132374790,EHPRQ,FarmCPU,2-128802680,2,132337921,5.38285309732569e-09,8.2689874722912,upstream,4579
Zm00001eb425380,Zm00001eb425380,chr10,129367210,129370925,Q.EHPRQ,FarmCPU,10-128236517,10,129361017,5.38634553416022e-09,8.26870579003225,upstream,6193
Zm00001eb053840,Zm00001eb053840,chr1,270219259,270221485,H,FarmCPU,1-265468187,1,270205399,5.40938309873505e-09,8.26685226023385,upstream,13860
Zm00001eb303830,Zm00001eb303830,chr7,23031875,23036718,N.E,FarmCPU,7-21972203,7,23028357,5.41879102243112e-09,8.26609759738308,upstream,3518
Zm00001eb283520,Zm00001eb283520,chr6,140866155,140869877,E,BLINK,6-136950108,6,140872881,5.48126546516936e-09,8.2611191639438,downstream,3004
Zm00001eb283530,Zm00001eb283530,chr6,140882012,140885093,E,BLINK,6-136950108,6,140872881,5.48126546516936e-09,8.2611191639438,upstream,9131
Zm00001eb255310,Zm00001eb255310,chr5,216703716,216712501,I.IVL,BLINK,5-210916277,5,216732452,5.60659965336104e-09,8.25130045416433,downstream,19951
Zm00001eb255320,Zm00001eb255320,chr5,216715635,216718320,I.IVL,BLINK,5-210916277,5,216732452,5.60659965336104e-09,8.25130045416433,downstream,14132
Zm00001eb255330,Zm00001eb255330,chr5,216718016,216718322,I.IVL,BLINK,5-210916277,5,216732452,5.60659965336104e-09,8.25130045416433,downstream,14130
Zm00001eb255340,Zm00001eb255340,chr5,216726674,216732834,I.IVL,BLINK,5-210916277,5,216732452,5.60659965336104e-09,8.25130045416433,within,0
Zm00001eb421720,Zm00001eb421720,chr10,115758158,115766465,F,FarmCPU,10-114758406,10,115754451,5.62018558463257e-09,8.25024934331864,upstream,3707
Zm00001eb087650,Zm00001eb087650,chr2,101175827,101189759,S.Total,FarmCPU,2-99021325,2,101198796,5.70398797075931e-09,8.24382139904651,downstream,9037
Zm00001eb369570,Zm00001eb369570,chr8,178179290,178181686,N.IMNTDK,FarmCPU,8-172442224,8,178186512,5.78125152857122e-09,8.23797813508879,downstream,4826
Zm00001eb369580,Zm00001eb369580,chr8,178205192,178207109,N.IMNTDK,FarmCPU,8-172442224,8,178186512,5.78125152857122e-09,8.23797813508879,upstream,18680
Zm00001eb369590,Zm00001eb369590,chr8,178210343,178213954,N.IMNTDK,FarmCPU,8-172442224,8,178186512,5.78125152857122e-09,8.23797813508879,upstream,23831
Zm00001eb277110,Zm00001eb277110,chr6,113822769,113844705,N.D,FarmCPU,6-109339521,6,113840506,5.79025310036528e-09,8.23730245221564,within,0
Zm00001eb277130,Zm00001eb277130,chr6,113850492,113852776,N.D,FarmCPU,6-109339521,6,113840506,5.79025310036528e-09,8.23730245221564,upstream,9986
Zm00001eb277140,Zm00001eb277140,chr6,113861423,113862944,N.D,FarmCPU,6-109339521,6,113840506,5.79025310036528e-09,8.23730245221564,upstream,20917
Zm00001eb277150,Zm00001eb277150,chr6,113864155,113888062,N.D,FarmCPU,6-109339521,6,113840506,5.79025310036528e-09,8.23730245221564,upstream,23649
Zm00001eb277160,Zm00001eb277160,chr6,113864229,113893982,N.D,FarmCPU,6-109339521,6,113840506,5.79025310036528e-09,8.23730245221564,upstream,23723
Zm00001eb092950,Zm00001eb092950,chr2,149528548,149529204,IVL,FarmCPU,2-145617631,2,149548960,5.91660591319292e-09,8.22792735677089,downstream,19756
Zm00001eb332460,Zm00001eb332460,chr8,1470417,1471783,N.Q,FarmCPU,8-1324783,8,1483612,5.94447288557418e-09,8.22588664954585,downstream,11829
Zm00001eb332470,Zm00001eb332470,chr8,1470694,1471850,N.Q,FarmCPU,8-1324783,8,1483612,5.94447288557418e-09,8.22588664954585,downstream,11762
Zm00001eb402200,Zm00001eb402200,chr9,157693146,157697816,WFY,FarmCPU,9-154773766,9,157674042,5.96836997459576e-09,8.22414426312501,upstream,19104
Zm00001eb252610,Zm00001eb252610,chr5,210541217,210560940,H,FarmCPU,5-205002106,5,210577283,5.98987722489224e-09,8.22258207929654,downstream,16343
Zm00001eb252620,Zm00001eb252620,chr5,210562681,210567226,H,FarmCPU,5-205002106,5,210577283,5.98987722489224e-09,8.22258207929654,downstream,10057
Zm00001eb418600,Zm00001eb418600,chr10,95612591,95616488,IMNTDK,FarmCPU,10-95393475,10,95622844,6.12346638545139e-09,8.21300266185867,downstream,6356
Zm00001eb252160,Zm00001eb252160,chr5,209204832,209206116,I.IVL,BLINK,5-203836062,5,209225233,6.26182856942578e-09,8.20329882627061,downstream,19117
Zm00001eb108590,Zm00001eb108590,chr2,216645046,216658139,S,FarmCPU,2-210485704,2,216679985,6.27323832171548e-09,8.20250821320555,downstream,21846
Zm00001eb108600,Zm00001eb108600,chr2,216659072,216660797,S,FarmCPU,2-210485704,2,216679985,6.27323832171548e-09,8.20250821320555,downstream,19188
Zm00001eb108610,Zm00001eb108610,chr2,216661557,216674624,S,FarmCPU,2-210485704,2,216679985,6.27323832171548e-09,8.20250821320555,downstream,5361
Zm00001eb393450,Zm00001eb393450,chr9,130359239,130360506,E.Total,BLINK,9-128375549,9,130359934,6.30955418227838e-09,8.20000132586149,within,0
Zm00001eb183200,Zm00001eb183200,chr4,130897756,130913564,N.IMNTDK,FarmCPU,4-127884960,4,130890670,6.45162648744065e-09,8.19033078374108,upstream,7086
Zm00001eb393450,Zm00001eb393450,chr9,130359239,130360506,S,FarmCPU,9-128364318,9,130348703,6.45271498742648e-09,8.19025751699756,upstream,10536
Zm00001eb415870,Zm00001eb415870,chr10,80066228,80067322,EHPRQ,FarmCPU,10-80660047,10,80063562,6.47360935430874e-09,8.18885351135712,upstream,2666
Zm00001eb137620,Zm00001eb137620,chr3,134644970,134663218,S,FarmCPU,3-134021064,3,134640837,6.47767948026827e-09,8.18858054496348,upstream,4133
Zm00001eb137630,Zm00001eb137630,chr3,134647159,134647760,S,FarmCPU,3-134021064,3,134640837,6.47767948026827e-09,8.18858054496348,upstream,6322
Zm00001eb137660,Zm00001eb137660,chr3,134657341,134658283,S,FarmCPU,3-134021064,3,134640837,6.47767948026827e-09,8.18858054496348,upstream,16504
Zm00001eb137670,Zm00001eb137670,chr3,134661154,134662302,S,FarmCPU,3-134021064,3,134640837,6.47767948026827e-09,8.18858054496348,upstream,20317
Zm00001eb137680,Zm00001eb137680,chr3,134664632,134688431,S,FarmCPU,3-134021064,3,134640837,6.47767948026827e-09,8.18858054496348,upstream,23795
Zm00001eb380300,Zm00001eb380300,chr9,36683341,36684465,C.SGC,BLINK,9-36225309,9,36688796,6.54416957676528e-09,8.18414545547071,downstream,4331
Zm00001eb380310,Zm00001eb380310,chr9,36685904,36686384,C.SGC,BLINK,9-36225309,9,36688796,6.54416957676528e-09,8.18414545547071,downstream,2412
Zm00001eb239060,Zm00001eb239060,chr5,150412297,150412707,E,BLINK,5-147010140,5,150419645,6.55194208766875e-09,8.18362994994072,downstream,6938
Zm00001eb053220,Zm00001eb053220,chr1,267631580,267651064,I,FarmCPU,1-262875694,1,267645607,6.55699383975588e-09,8.18329522434954,within,0
Zm00001eb053230,Zm00001eb053230,chr1,267650405,267667203,I,FarmCPU,1-262875694,1,267645607,6.55699383975588e-09,8.18329522434954,upstream,4798
Zm00001eb175140,Zm00001eb175140,chr4,46584268,46595970,V,FarmCPU,4-44799113,4,46618535,6.639268445932e-09,8.17787977114371,downstream,22565
Zm00001eb140150,Zm00001eb140150,chr3,147824641,147824943,F.Total,BLINK,3-146714764,3,147808729,6.81977116565937e-09,8.16623019765419,upstream,15912
Zm00001eb140160,Zm00001eb140160,chr3,147827248,147830938,F.Total,BLINK,3-146714764,3,147808729,6.81977116565937e-09,8.16623019765419,upstream,18519
Zm00001eb105070,Zm00001eb105070,chr2,206251501,206303314,Q.E,FarmCPU,2-200401401,2,206254881,6.8563662706522e-09,8.16390599022805,within,0
Zm00001eb164910,Zm00001eb164910,chr4,2599296,2600296,Y,FarmCPU,4-2039676,4,2591170,6.9210893009743e-09,8.15982554713691,upstream,8126
Zm00001eb031760,Zm00001eb031760,chr1,177940474,177942486,K.IMNTDK,FarmCPU,1-175995144,1,177925122,6.93020593923679e-09,8.15925385962409,upstream,15352
Zm00001eb421720,Zm00001eb421720,chr10,115758158,115766465,I,FarmCPU,10-114791094,10,115787066,6.94464062636172e-09,8.15835022336427,downstream,20601
Zm00001eb421730,Zm00001eb421730,chr10,115805194,115806917,I,FarmCPU,10-114791094,10,115787066,6.94464062636172e-09,8.15835022336427,upstream,18128
Zm00001eb277110,Zm00001eb277110,chr6,113822769,113844705,N.Total,BLINK,6-109339521,6,113840506,6.95614186225216e-09,8.15763156965882,within,0
Zm00001eb277130,Zm00001eb277130,chr6,113850492,113852776,N.Total,BLINK,6-109339521,6,113840506,6.95614186225216e-09,8.15763156965882,upstream,9986
Zm00001eb277140,Zm00001eb277140,chr6,113861423,113862944,N.Total,BLINK,6-109339521,6,113840506,6.95614186225216e-09,8.15763156965882,upstream,20917
Zm00001eb277150,Zm00001eb277150,chr6,113864155,113888062,N.Total,BLINK,6-109339521,6,113840506,6.95614186225216e-09,8.15763156965882,upstream,23649
Zm00001eb277160,Zm00001eb277160,chr6,113864229,113893982,N.Total,BLINK,6-109339521,6,113840506,6.95614186225216e-09,8.15763156965882,upstream,23723
Zm00001eb428020,Zm00001eb428020,chr10,137348959,137349907,K,BLINK,10-136156458,10,137349585,6.96145519947255e-09,8.15729996742358,within,0
Zm00001eb234750,Zm00001eb234750,chr5,101616810,101621419,N.Total,FarmCPU,5-99134399,5,101600591,7.06479833561141e-09,8.15090023055727,upstream,16219
Zm00001eb429900,Zm00001eb429900,chr10,142134400,142137401,D.IMNTDK,FarmCPU,10-140803333,10,142160562,7.16627821457231e-09,8.14470633533987,downstream,23161
Zm00001eb429910,Zm00001eb429910,chr10,142138491,142142102,D.IMNTDK,FarmCPU,10-140803333,10,142160562,7.16627821457231e-09,8.14470633533987,downstream,18460
Zm00001eb429920,Zm00001eb429920,chr10,142142948,142145541,D.IMNTDK,FarmCPU,10-140803333,10,142160562,7.16627821457231e-09,8.14470633533987,downstream,15021
Zm00001eb429930,Zm00001eb429930,chr10,142152824,142161250,D.IMNTDK,FarmCPU,10-140803333,10,142160562,7.16627821457231e-09,8.14470633533987,within,0
Zm00001eb070440,Zm00001eb070440,chr2,9726744,9727292,SGC,FarmCPU,2-9552532,2,9725847,7.29537057965088e-09,8.13695264254917,upstream,897
Zm00001eb214530,Zm00001eb214530,chr5,7116022,7119326,I,BLINK,5-6875844,5,7142947,7.29607763376319e-09,8.1369105535536,downstream,23621
Zm00001eb214540,Zm00001eb214540,chr5,7119431,7125393,I,BLINK,5-6875844,5,7142947,7.29607763376319e-09,8.1369105535536,downstream,17554
Zm00001eb214550,Zm00001eb214550,chr5,7127227,7128227,I,BLINK,5-6875844,5,7142947,7.29607763376319e-09,8.1369105535536,downstream,14720
Zm00001eb214560,Zm00001eb214560,chr5,7130644,7135745,I,BLINK,5-6875844,5,7142947,7.29607763376319e-09,8.1369105535536,downstream,7202
Zm00001eb249190,Zm00001eb249190,chr5,195248494,195251397,EHPRQ,BLINK,5-190168805,5,195265729,7.33036595423436e-09,8.13487434351203,downstream,14332
Zm00001eb249200,Zm00001eb249200,chr5,195289178,195290832,EHPRQ,BLINK,5-190168805,5,195265729,7.33036595423436e-09,8.13487434351203,upstream,23449
Zm00001eb329600,Zm00001eb329600,chr7,179948107,179950130,S,FarmCPU,7-174449949,7,179965839,7.54826716885938e-09,8.12215273650023,downstream,15709
Zm00001eb329610,Zm00001eb329610,chr7,179948206,179950238,S,FarmCPU,7-174449949,7,179965839,7.54826716885938e-09,8.12215273650023,downstream,15601
Zm00001eb329620,Zm00001eb329620,chr7,179951204,179954307,S,FarmCPU,7-174449949,7,179965839,7.54826716885938e-09,8.12215273650023,downstream,11532
Zm00001eb329630,Zm00001eb329630,chr7,179969866,179974844,S,FarmCPU,7-174449949,7,179965839,7.54826716885938e-09,8.12215273650023,upstream,4027
Zm00001eb393090,Zm00001eb393090,chr9,128993817,128996693,M,FarmCPU,9-127205436,9,129003121,7.57062007427943e-09,8.120868548002,downstream,6428
Zm00001eb393100,Zm00001eb393100,chr9,129009351,129024641,M,FarmCPU,9-127205436,9,129003121,7.57062007427943e-09,8.120868548002,upstream,6230
Zm00001eb178040,Zm00001eb178040,chr4,71707463,71715512,W,FarmCPU,4-69025877,4,71700034,7.596915279308e-09,8.11936271681464,upstream,7429
Zm00001eb265260,Zm00001eb265260,chr6,34770244,34772016,K,FarmCPU,6-33186508,6,34755528,7.67229532811637e-09,8.11507468830576,upstream,14716
Zm00001eb090140,Zm00001eb090140,chr2,121804167,121805555,Total,FarmCPU,2-118529942,2,121828735,7.67499108016928e-09,8.11492212058504,downstream,23180
Zm00001eb090160,Zm00001eb090160,chr2,121851020,121852010,Total,FarmCPU,2-118529942,2,121828735,7.67499108016928e-09,8.11492212058504,upstream,22285
Zm00001eb189620,Zm00001eb189620,chr4,169901854,169902210,N.D,FarmCPU,4-166954693,4,169877549,7.682383029056e-09,8.11450404353136,upstream,24305
Zm00001eb036220,Zm00001eb036220,chr1,197072188,197074012,I.IMNTDK,FarmCPU,1-194721545,1,197077550,7.69659207198742e-09,8.11370153092521,downstream,3538
Zm00001eb036230,Zm00001eb036230,chr1,197097164,197108345,I.IMNTDK,FarmCPU,1-194721545,1,197077550,7.69659207198742e-09,8.11370153092521,upstream,19614
Zm00001eb286340,Zm00001eb286340,chr6,151996513,152016721,SGC,FarmCPU,6-148111452,6,151992196,7.74644636449641e-09,8.11089748178158,upstream,4317
Zm00001eb061650,Zm00001eb061650,chr1,297392282,297392885,C,FarmCPU,1-291941684,1,297386490,7.76607384909826e-09,8.10979848398011,upstream,5792
Zm00001eb195600,Zm00001eb195600,chr4,190470107,190476970,M.IMNTDK,BLINK,4-187209860,4,190493255,7.86423314656085e-09,8.10434361969729,downstream,16285
Zm00001eb195620,Zm00001eb195620,chr4,190492895,190496150,M.IMNTDK,BLINK,4-187209860,4,190493255,7.86423314656085e-09,8.10434361969729,within,0
Zm00001eb279810,Zm00001eb279810,chr6,124492678,124498780,N.D,FarmCPU,6-120773887,6,124475957,7.86437499770539e-09,8.10433578617906,upstream,16721
Zm00001eb041830,Zm00001eb041830,chr1,219953693,219954034,D.IMNTDK,FarmCPU,1-216842529,1,219976660,7.98940758277476e-09,8.09748542257218,downstream,22626
Zm00001eb148130,Zm00001eb148130,chr3,185093948,185095922,Q,FarmCPU,3-182229443,3,185096942,8.0447243140167e-09,8.09448883421912,downstream,1020
Zm00001eb148140,Zm00001eb148140,chr3,185096251,185096784,Q,FarmCPU,3-182229443,3,185096942,8.0447243140167e-09,8.09448883421912,downstream,158
Zm00001eb327900,Zm00001eb327900,chr7,175971614,175974766,D,FarmCPU,7-170427582,7,175991165,8.05635890465092e-09,8.0938611945352,downstream,16399
Zm00001eb327910,Zm00001eb327910,chr7,175982697,175987207,D,FarmCPU,7-170427582,7,175991165,8.05635890465092e-09,8.0938611945352,downstream,3958
Zm00001eb080830,Zm00001eb080830,chr2,44052012,44073539,R,FarmCPU,2-42835760,2,44049840,8.1710830965723e-09,8.08772037288152,upstream,2172
Zm00001eb080840,Zm00001eb080840,chr2,44074774,44077244,R,FarmCPU,2-42835760,2,44049840,8.1710830965723e-09,8.08772037288152,upstream,24934
Zm00001eb211270,Zm00001eb211270,chr5,2048992,2051136,IMNTDK,BLINK,5-1986888,5,2074349,8.18659530041458e-09,8.08689667817536,downstream,23213
Zm00001eb211280,Zm00001eb211280,chr5,2083235,2084041,IMNTDK,BLINK,5-1986888,5,2074349,8.18659530041458e-09,8.08689667817536,upstream,8886
Zm00001eb211290,Zm00001eb211290,chr5,2089370,2090167,IMNTDK,BLINK,5-1986888,5,2074349,8.18659530041458e-09,8.08689667817536,upstream,15021
Zm00001eb169210,Zm00001eb169210,chr4,18211468,18213876,A,BLINK,4-17070344,4,18187214,8.25156781078575e-09,8.08346352697934,upstream,24254
Zm00001eb210990,Zm00001eb210990,chr5,1756765,1758393,L,FarmCPU,5-1728235,5,1765012,8.34158492927297e-09,8.07875142410552,downstream,6619
Zm00001eb211000,Zm00001eb211000,chr5,1772434,1777827,L,FarmCPU,5-1728235,5,1765012,8.34158492927297e-09,8.07875142410552,upstream,7422
Zm00001eb397660,Zm00001eb397660,chr9,145732282,145741978,Total,FarmCPU,9-143296510,9,145764224,8.37304854905307e-09,8.07711639063517,downstream,22246
Zm00001eb397670,Zm00001eb397670,chr9,145773286,145776634,Total,FarmCPU,9-143296510,9,145764224,8.37304854905307e-09,8.07711639063517,upstream,9062
Zm00001eb397680,Zm00001eb397680,chr9,145780598,145781122,Total,FarmCPU,9-143296510,9,145764224,8.37304854905307e-09,8.07711639063517,upstream,16374
Zm00001eb397690,Zm00001eb397690,chr9,145781411,145783048,Total,FarmCPU,9-143296510,9,145764224,8.37304854905307e-09,8.07711639063517,upstream,17187
Zm00001eb138700,Zm00001eb138700,chr3,140396610,140398462,E,FarmCPU,3-139700320,3,140389197,8.38772931519166e-09,8.07635559332537,upstream,7413
Zm00001eb138710,Zm00001eb138710,chr3,140400894,140407399,E,FarmCPU,3-139700320,3,140389197,8.38772931519166e-09,8.07635559332537,upstream,11697
Zm00001eb361010,Zm00001eb361010,chr8,157256639,157261521,N.D,FarmCPU,8-152128161,8,157263627,8.40475292271891e-09,8.07547504913433,downstream,2106
Zm00001eb257910,Zm00001eb257910,chr5,222310139,222315127,M,BLINK,5-216467557,5,222330803,8.45235619964612e-09,8.07302220917283,downstream,15676
Zm00001eb257920,Zm00001eb257920,chr5,222321057,222323423,M,BLINK,5-216467557,5,222330803,8.45235619964612e-09,8.07302220917283,downstream,7380
Zm00001eb257930,Zm00001eb257930,chr5,222350434,222353154,M,BLINK,5-216467557,5,222330803,8.45235619964612e-09,8.07302220917283,upstream,19631
Zm00001eb120700,Zm00001eb120700,chr3,4918339,4919993,T,FarmCPU,3-5777361,3,4940930,8.55991932353134e-09,8.06753032848993,downstream,20937
Zm00001eb120710,Zm00001eb120710,chr3,4936787,4946417,T,FarmCPU,3-5777361,3,4940930,8.55991932353134e-09,8.06753032848993,within,0
Zm00001eb120730,Zm00001eb120730,chr3,4958015,4971330,T,FarmCPU,3-5777361,3,4940930,8.55991932353134e-09,8.06753032848993,upstream,17085
Zm00001eb201850,Zm00001eb201850,chr4,217457135,217458574,S.Total,FarmCPU,4-213937678,4,217460539,8.60140613470649e-09,8.06543054566047,downstream,1965
Zm00001eb102550,Zm00001eb102550,chr2,198528135,198534542,N.E,FarmCPU,2-193433554,2,198518411,8.61695972044128e-09,8.0646459371381,upstream,9724
Zm00001eb426000,Zm00001eb426000,chr10,131222656,131239168,P,FarmCPU,10-130097133,10,131238398,8.6529714947788e-09,8.06283472696573,within,0
Zm00001eb426010,Zm00001eb426010,chr10,131239331,131242574,P,FarmCPU,10-130097133,10,131238398,8.6529714947788e-09,8.06283472696573,upstream,933
Zm00001eb426020,Zm00001eb426020,chr10,131246080,131256603,P,FarmCPU,10-130097133,10,131238398,8.6529714947788e-09,8.06283472696573,upstream,7682
Zm00001eb426030,Zm00001eb426030,chr10,131256678,131263741,P,FarmCPU,10-130097133,10,131238398,8.6529714947788e-09,8.06283472696573,upstream,18280
Zm00001eb426040,Zm00001eb426040,chr10,131261035,131262130,P,FarmCPU,10-130097133,10,131238398,8.6529714947788e-09,8.06283472696573,upstream,22637
Zm00001eb075500,Zm00001eb075500,chr2,24073106,24095811,R.EHPRQ,FarmCPU,2-23469509,2,24114772,8.67574867237169e-09,8.06169303754571,downstream,18961
Zm00001eb113250,Zm00001eb113250,chr2,229926259,229926858,R.EHPRQ,FarmCPU,2-223535021,2,229927612,8.71348260517976e-09,8.05980823145403,downstream,754
Zm00001eb113260,Zm00001eb113260,chr2,229928919,229930603,R.EHPRQ,FarmCPU,2-223535021,2,229927612,8.71348260517976e-09,8.05980823145403,upstream,1307
Zm00001eb113280,Zm00001eb113280,chr2,229934244,229939076,R.EHPRQ,FarmCPU,2-223535021,2,229927612,8.71348260517976e-09,8.05980823145403,upstream,6632
Zm00001eb113290,Zm00001eb113290,chr2,229943419,229955560,R.EHPRQ,FarmCPU,2-223535021,2,229927612,8.71348260517976e-09,8.05980823145403,upstream,15807
Zm00001eb174550,Zm00001eb174550,chr4,43096908,43102392,D.IMNTDK,FarmCPU,4-41407096,4,43121275,8.72275953404616e-09,8.05934609983603,downstream,18883
Zm00001eb256770,Zm00001eb256770,chr5,220133324,220142418,S,FarmCPU,5-214329130,5,220156024,8.74526350997143e-09,8.05822709994147,downstream,13606
Zm00001eb256780,Zm00001eb256780,chr5,220143022,220158618,S,FarmCPU,5-214329130,5,220156024,8.74526350997143e-09,8.05822709994147,within,0
Zm00001eb256800,Zm00001eb256800,chr5,220159135,220159994,S,FarmCPU,5-214329130,5,220156024,8.74526350997143e-09,8.05822709994147,upstream,3111
Zm00001eb256810,Zm00001eb256810,chr5,220163613,220164703,S,FarmCPU,5-214329130,5,220156024,8.74526350997143e-09,8.05822709994147,upstream,7589
Zm00001eb256820,Zm00001eb256820,chr5,220175063,220175951,S,FarmCPU,5-214329130,5,220156024,8.74526350997143e-09,8.05822709994147,upstream,19039
Zm00001eb097390,Zm00001eb097390,chr2,176618204,176628402,G,FarmCPU,2-172461792,2,176648033,8.75284464483762e-09,8.05785077980265,downstream,19631
Zm00001eb116210,Zm00001eb116210,chr2,238154020,238183449,N,FarmCPU,2-232001309,2,238192220,8.77779015809648e-09,8.05661480561341,downstream,8771
Zm00001eb095800,Zm00001eb095800,chr2,169015055,169018298,IMNTDK,FarmCPU,2-164937677,2,168998312,8.80506979906654e-09,8.05526719696765,upstream,16743
Zm00001eb326610,Zm00001eb326610,chr7,171982845,171993869,EHPRQ,FarmCPU,7-166435507,7,172009639,8.82085769447842e-09,8.05448918427079,downstream,15770
Zm00001eb326620,Zm00001eb326620,chr7,172000957,172006164,EHPRQ,FarmCPU,7-166435507,7,172009639,8.82085769447842e-09,8.05448918427079,downstream,3475
Zm00001eb282100,Zm00001eb282100,chr6,134864318,134870289,Q.E,BLINK,6-130948103,6,134858691,8.82577956512312e-09,8.05424692380092,upstream,5627
Zm00001eb000620,Zm00001eb000620,chr1,2620295,2626950,W,FarmCPU,1-2536526,1,2629840,9.11413963852314e-09,8.04028432183921,downstream,2890
Zm00001eb000630,Zm00001eb000630,chr1,2641853,2644732,W,FarmCPU,1-2536526,1,2629840,9.11413963852314e-09,8.04028432183921,upstream,12013
Zm00001eb061370,Zm00001eb061370,chr1,296584306,296607725,Total_PBAA,BLINK,1-291197690,1,296620633,9.14233175445027e-09,8.0389430232006,downstream,12908
Zm00001eb042230,Zm00001eb042230,chr1,222416053,222428214,IMNTDK,FarmCPU,1-219234116,1,222404541,9.170419356627e-09,8.03761080390416,upstream,11512
Zm00001eb421910,Zm00001eb421910,chr10,116630994,116631964,C.Total,FarmCPU,10-115632059,10,116642926,9.32767499198154e-09,8.0302265946228,downstream,10962
Zm00001eb251610,Zm00001eb251610,chr5,207723852,207725272,N,FarmCPU,5-202345054,5,207736481,9.40665039055462e-09,8.02656499675049,downstream,11209
Zm00001eb134680,Zm00001eb134680,chr3,112350370,112358534,P,FarmCPU,3-86915953,3,112369730,9.41110854180807e-09,8.02635921767424,downstream,11196
Zm00001eb180150,Zm00001eb180150,chr4,91156631,91160957,M,BLINK,4-87765849,4,91140363,9.44454695543289e-09,8.02481886987285,upstream,16268
Zm00001eb322660,Zm00001eb322660,chr7,162177632,162178621,P,FarmCPU,7-156783044,7,162164143,9.48205359281656e-09,8.02309759436628,upstream,13489
Zm00001eb322670,Zm00001eb322670,chr7,162185107,162185811,P,FarmCPU,7-156783044,7,162164143,9.48205359281656e-09,8.02309759436628,upstream,20964
Zm00001eb382810,Zm00001eb382810,chr9,62602867,62609748,Q.E,BLINK,9-68506544,9,62580626,9.60983320519578e-09,8.01728415017659,upstream,22241
Zm00001eb015550,Zm00001eb015550,chr1,53328775,53331330,S.Total,FarmCPU,1-52629778,1,53303897,9.64315194450877e-09,8.01578099012524,upstream,24878
Zm00001eb150330,Zm00001eb150330,chr3,192357835,192358152,C.Total,FarmCPU,3-189528140,3,192365679,9.68157526270069e-09,8.01405397407186,downstream,7527
Zm00001eb150340,Zm00001eb150340,chr3,192364891,192371330,C.Total,FarmCPU,3-189528140,3,192365679,9.68157526270069e-09,8.01405397407186,within,0
Zm00001eb150350,Zm00001eb150350,chr3,192375643,192379968,C.Total,FarmCPU,3-189528140,3,192365679,9.68157526270069e-09,8.01405397407186,upstream,9964
Zm00001eb166430,Zm00001eb166430,chr4,5874614,5885172,Q.E,FarmCPU,4-5115457,4,5867754,9.82926880526284e-09,8.0074787879309,upstream,6860
Zm00001eb166440,Zm00001eb166440,chr4,5884981,5888963,Q.E,FarmCPU,4-5115457,4,5867754,9.82926880526284e-09,8.0074787879309,upstream,17227
Zm00001eb250120,Zm00001eb250120,chr5,198232923,198234455,R.Total,FarmCPU,5-192900027,5,198245008,9.84721048014435e-09,8.00668677911228,downstream,10553
Zm00001eb250130,Zm00001eb250130,chr5,198245849,198246242,R.Total,FarmCPU,5-192900027,5,198245008,9.84721048014435e-09,8.00668677911228,upstream,841
Zm00001eb252240,Zm00001eb252240,chr5,209557985,209563039,K,BLINK,5-204149072,5,209540653,9.86662535557909e-09,8.0058313620271,upstream,17332
Zm00001eb252250,Zm00001eb252250,chr5,209564135,209570011,K,BLINK,5-204149072,5,209540653,9.86662535557909e-09,8.0058313620271,upstream,23482
Zm00001eb064990,Zm00001eb064990,chr1,306562271,306569265,WFY,FarmCPU,1-301044718,1,306590007,1.00772543798954e-08,7.99665777841491,downstream,20742
Zm00001eb065000,Zm00001eb065000,chr1,306610880,306611964,WFY,FarmCPU,1-301044718,1,306590007,1.00772543798954e-08,7.99665777841491,upstream,20873
Zm00001eb128220,Zm00001eb128220,chr3,39848989,39852354,R,BLINK,3-40262092,3,39854853,1.01133040553174e-08,7.99510693554969,downstream,2499
Zm00001eb365770,Zm00001eb365770,chr8,170719020,170720483,K.IMNTDK,FarmCPU,8-165091578,8,170737826,1.01364395634095e-08,7.9941145646771,downstream,17343
Zm00001eb365780,Zm00001eb365780,chr8,170721485,170725722,K.IMNTDK,FarmCPU,8-165091578,8,170737826,1.01364395634095e-08,7.9941145646771,downstream,12104
Zm00001eb365790,Zm00001eb365790,chr8,170735402,170736601,K.IMNTDK,FarmCPU,8-165091578,8,170737826,1.01364395634095e-08,7.9941145646771,downstream,1225
Zm00001eb365800,Zm00001eb365800,chr8,170753186,170755383,K.IMNTDK,FarmCPU,8-165091578,8,170737826,1.01364395634095e-08,7.9941145646771,upstream,15360
Zm00001eb095570,Zm00001eb095570,chr2,167405600,167407926,S.Total,BLINK,2-163421229,2,167432315,1.01869793607524e-08,7.9919545737396,downstream,24389
Zm00001eb095580,Zm00001eb095580,chr2,167425436,167426143,S.Total,BLINK,2-163421229,2,167432315,1.01869793607524e-08,7.9919545737396,downstream,6172
Zm00001eb337260,Zm00001eb337260,chr8,20417773,20418576,Total,FarmCPU,8-19711838,8,20400648,1.02036635366342e-08,7.99124387058286,upstream,17125
Zm00001eb081900,Zm00001eb081900,chr2,48302544,48307701,R,FarmCPU,2-46988946,2,48300334,1.02690895761754e-08,7.9884680578214,upstream,2210
Zm00001eb270250,Zm00001eb270250,chr6,79139015,79143529,I.IVL,BLINK,6-76387847,6,79165716,1.03207056528239e-08,7.98629060787833,downstream,22187
Zm00001eb149460,Zm00001eb149460,chr3,189488491,189490486,Q.EHPRQ,BLINK,3-186609917,3,189482023,1.03383180628594e-08,7.98555011070384,upstream,6468
Zm00001eb398120,Zm00001eb398120,chr9,147106483,147115346,N.IMNTDK,BLINK,9-144563298,9,147126104,1.04649232321059e-08,7.98026395318245,downstream,10758
Zm00001eb000670,Zm00001eb000670,chr1,2800774,2803236,I.IMNTDK,FarmCPU,1-2785725,1,2813734,1.0542444362597e-08,7.97705868228188,downstream,10498
Zm00001eb000680,Zm00001eb000680,chr1,2803474,2804769,I.IMNTDK,FarmCPU,1-2785725,1,2813734,1.0542444362597e-08,7.97705868228188,downstream,8965
Zm00001eb000690,Zm00001eb000690,chr1,2810082,2817677,I.IMNTDK,FarmCPU,1-2785725,1,2813734,1.0542444362597e-08,7.97705868228188,within,0
Zm00001eb000700,Zm00001eb000700,chr1,2817998,2820996,I.IMNTDK,FarmCPU,1-2785725,1,2813734,1.0542444362597e-08,7.97705868228188,upstream,4264
Zm00001eb283180,Zm00001eb283180,chr6,139614780,139623752,W,FarmCPU,6-135717576,6,139648164,1.0569565538536e-08,7.97594286397869,downstream,24412
Zm00001eb283190,Zm00001eb283190,chr6,139641808,139642489,W,FarmCPU,6-135717576,6,139648164,1.0569565538536e-08,7.97594286397869,downstream,5675
Zm00001eb283200,Zm00001eb283200,chr6,139644733,139655572,W,FarmCPU,6-135717576,6,139648164,1.0569565538536e-08,7.97594286397869,within,0
Zm00001eb283210,Zm00001eb283210,chr6,139650513,139651070,W,FarmCPU,6-135717576,6,139648164,1.0569565538536e-08,7.97594286397869,upstream,2349
Zm00001eb283220,Zm00001eb283220,chr6,139651281,139652029,W,FarmCPU,6-135717576,6,139648164,1.0569565538536e-08,7.97594286397869,upstream,3117
Zm00001eb000270,Zm00001eb000270,chr1,1060487,1063436,P,FarmCPU,1-1055304,1,1088349,1.05812882049768e-08,7.97546145647321,downstream,24913
Zm00001eb020040,Zm00001eb020040,chr1,73421020,73427043,C.Total,FarmCPU,1-72105361,1,73439707,1.06206131479629e-08,7.9738504098939,downstream,12664
Zm00001eb020050,Zm00001eb020050,chr1,73464275,73464966,C.Total,FarmCPU,1-72105361,1,73439707,1.06206131479629e-08,7.9738504098939,upstream,24568
Zm00001eb213560,Zm00001eb213560,chr5,5495383,5496001,N.IMNTDK,FarmCPU,5-5348581,5,5474349,1.07078356085775e-08,7.97029830491466,upstream,21034
Zm00001eb095600,Zm00001eb095600,chr2,167468425,167469407,R,BLINK,2-163442959,2,167454037,1.07222479351153e-08,7.96971415461794,upstream,14388
Zm00001eb095610,Zm00001eb095610,chr2,167473023,167473567,R,BLINK,2-163442959,2,167454037,1.07222479351153e-08,7.96971415461794,upstream,18986
Zm00001eb338340,Zm00001eb338340,chr8,24716703,24719147,K.IMNTDK,BLINK,8-23969168,8,24735314,1.09022492119748e-08,7.96248389475847,downstream,16167
Zm00001eb338350,Zm00001eb338350,chr8,24716866,24719255,K.IMNTDK,BLINK,8-23969168,8,24735314,1.09022492119748e-08,7.96248389475847,downstream,16059
Zm00001eb263070,Zm00001eb263070,chr6,20193387,20195755,G,FarmCPU,6-21908632,6,20211385,1.09119047660322e-08,7.96209943298884,downstream,15630
Zm00001eb263090,Zm00001eb263090,chr6,20197599,20197899,G,FarmCPU,6-21908632,6,20211385,1.09119047660322e-08,7.96209943298884,downstream,13486
Zm00001eb263100,Zm00001eb263100,chr6,20200590,20203053,G,FarmCPU,6-21908632,6,20211385,1.09119047660322e-08,7.96209943298884,downstream,8332
Zm00001eb239060,Zm00001eb239060,chr5,150412297,150412707,SGC,FarmCPU,5-146995218,5,150404722,1.11134027268353e-08,7.95415294742916,upstream,7575
Zm00001eb025650,Zm00001eb025650,chr1,111255899,111257790,C.Total,FarmCPU,1-108812013,1,111269994,1.11690270446956e-08,7.95198465745949,downstream,12204
Zm00001eb111570,Zm00001eb111570,chr2,223781937,223797411,Total_N,BLINK,2-217672077,2,223821675,1.11882987249307e-08,7.95123594658572,downstream,24264
Zm00001eb111590,Zm00001eb111590,chr2,223802842,223805366,Total_N,BLINK,2-217672077,2,223821675,1.11882987249307e-08,7.95123594658572,downstream,16309
Zm00001eb360500,Zm00001eb360500,chr8,155255693,155258083,IVL,FarmCPU,8-150212793,8,155244559,1.14028286411123e-08,7.94298740209822,upstream,11134
Zm00001eb008200,Zm00001eb008200,chr1,24829653,24831962,I.Total,BLINK,1-24458312,1,24823258,1.16155660929969e-08,7.93495961969295,upstream,6395
Zm00001eb179520,Zm00001eb179520,chr4,85142758,85143057,WFY,FarmCPU,4-82151605,4,85119409,1.16401531747006e-08,7.93404130469562,upstream,23349
Zm00001eb179530,Zm00001eb179530,chr4,85143318,85148691,WFY,FarmCPU,4-82151605,4,85119409,1.16401531747006e-08,7.93404130469562,upstream,23909
Zm00001eb169320,Zm00001eb169320,chr4,18828376,18829717,Total_N,FarmCPU,4-17666401,4,18825722,1.16768812901972e-08,7.93267313490482,upstream,2654
Zm00001eb169330,Zm00001eb169330,chr4,18844587,18845607,Total_N,FarmCPU,4-17666401,4,18825722,1.16768812901972e-08,7.93267313490482,upstream,18865
Zm00001eb300870,Zm00001eb300870,chr7,8129408,8133984,M,FarmCPU,7-7721062,7,8131840,1.18351539596323e-08,7.92682608810382,within,0
Zm00001eb211190,Zm00001eb211190,chr5,1985619,1990971,Total,FarmCPU,5-1921441,5,2014173,1.1863397023539e-08,7.92579093514257,downstream,23202
Zm00001eb211200,Zm00001eb211200,chr5,1991969,1996842,Total,FarmCPU,5-1921441,5,2014173,1.1863397023539e-08,7.92579093514257,downstream,17331
Zm00001eb211210,Zm00001eb211210,chr5,2030625,2031384,Total,FarmCPU,5-1921441,5,2014173,1.1863397023539e-08,7.92579093514257,upstream,16452
Zm00001eb211220,Zm00001eb211220,chr5,2032019,2037273,Total,FarmCPU,5-1921441,5,2014173,1.1863397023539e-08,7.92579093514257,upstream,17846
Zm00001eb158720,Zm00001eb158720,chr3,220571636,220573095,K.IMNTDK,BLINK,3-217089989,3,220594145,1.19172114761379e-08,7.92382535384087,downstream,21050
Zm00001eb158730,Zm00001eb158730,chr3,220571654,220573095,K.IMNTDK,BLINK,3-217089989,3,220594145,1.19172114761379e-08,7.92382535384087,downstream,21050
Zm00001eb158740,Zm00001eb158740,chr3,220609943,220623478,K.IMNTDK,BLINK,3-217089989,3,220594145,1.19172114761379e-08,7.92382535384087,upstream,15798
Zm00001eb073140,Zm00001eb073140,chr2,16116776,16120768,M,BLINK,2-15716494,2,16098564,1.19567919859138e-08,7.92238532617537,upstream,18212
Zm00001eb073150,Zm00001eb073150,chr2,16116896,16119667,M,BLINK,2-15716494,2,16098564,1.19567919859138e-08,7.92238532617537,upstream,18332
Zm00001eb191890,Zm00001eb191890,chr4,177748949,177790321,K,FarmCPU,4-174747704,4,177776846,1.19877804269414e-08,7.92126122036779,within,0
Zm00001eb191910,Zm00001eb191910,chr4,177791202,177795311,K,FarmCPU,4-174747704,4,177776846,1.19877804269414e-08,7.92126122036779,upstream,14356
Zm00001eb191920,Zm00001eb191920,chr4,177797687,177803007,K,FarmCPU,4-174747704,4,177776846,1.19877804269414e-08,7.92126122036779,upstream,20841
Zm00001eb359910,Zm00001eb359910,chr8,153628807,153629595,G,BLINK,8-148660430,8,153621644,1.20089873616291e-08,7.92049361223058,upstream,7163
Zm00001eb359920,Zm00001eb359920,chr8,153643153,153645780,G,BLINK,8-148660430,8,153621644,1.20089873616291e-08,7.92049361223058,upstream,21509
Zm00001eb060520,Zm00001eb060520,chr1,294100601,294107940,Total_N,FarmCPU,1-288807967,1,294122199,1.20804108121804e-08,7.91791829663961,downstream,14259
Zm00001eb060530,Zm00001eb060530,chr1,294100691,294102103,Total_N,FarmCPU,1-288807967,1,294122199,1.20804108121804e-08,7.91791829663961,downstream,20096
Zm00001eb060540,Zm00001eb060540,chr1,294111659,294113718,Total_N,FarmCPU,1-288807967,1,294122199,1.20804108121804e-08,7.91791829663961,downstream,8481
Zm00001eb060550,Zm00001eb060550,chr1,294145228,294147493,Total_N,FarmCPU,1-288807967,1,294122199,1.20804108121804e-08,7.91791829663961,upstream,23029
Zm00001eb301100,Zm00001eb301100,chr7,9236767,9239822,W.WFY,BLINK,7-8931555,7,9217031,1.21030274413282e-08,7.91710598203001,upstream,19736
